-100.0000000000000000 -54.9940837527314841
-99.9799979997999770 -78.2171040285328445
-99.9599959995999541 -88.2481950038828415
-99.9399939993999453 -36.1491507651244461
-99.9199919991999224 -45.7841518783288279
-99.8999899989998994 -23.1473390021419902
-99.8799879987998764 -45.4020962117368185
-99.8599859985998535 -78.8087035912119092
-99.8399839983998447 -84.4855003509242835
-99.8199819981998218 -49.4607271459726334
-99.7999799979997988 -28.9266769936336736
-99.7799779977997758 -104.7943223063523703
-99.7599759975997529 -55.0808354256185027
-99.7399739973997441 -122.2058298401805985
-99.7199719971997212 -83.1728564067574325
-99.6999699969996982 -43.9360873981125835
-99.6799679967996752 -87.5949643830086586
-99.6599659965996665 -87.6486454186698865
-99.6399639963996435 -76.1449731555301241
-99.6199619961996206 -62.1895507806963082
-99.5999599959995976 -58.1249263239377214
-99.5799579957995746 -87.1709329824547012
-99.5599559955995659 -72.0307371083841161
-99.5399539953995429 -75.9001781836316809
-99.5199519951995200 -56.8697567179390404
-99.4999499949994970 -34.6204378882762498
-99.4799479947994740 -38.0498860013657279
-99.4599459945994653 -46.0447257025270034
-99.4399439943994423 -44.8714356277703175
-99.4199419941994194 -68.9014343151777382
-99.3999399939993964 -68.2677122939060723
-99.3799379937993734 -24.4871262706591004
-99.3599359935993647 -85.8388258953701779
-99.3399339933993417 -57.4977014419885322
-99.3199319931993188 -52.8171855030037563
-99.2999299929992958 -41.7399371971228277
-99.2799279927992870 -81.0740968143210665
-99.2599259925992641 -76.0853965965468717
-99.2399239923992411 -26.7693215975827492
-99.2199219921992182 -75.2272024345404304
-99.1999199919991952 -58.7548552002602449
-99.1799179917991864 -72.6994730634119577
-99.1599159915991635 -39.4746915844163198
-99.1399139913991405 -59.2498362184467453
-99.1199119911991176 -56.2879419535127496
-99.0999099909990946 -70.9883949459771628
-99.0799079907990858 -77.7753049570548001
-99.0599059905990629 -42.5889787049413400
-99.0399039903990399 -53.3370085691134221
-99.0199019901990170 -38.3986219913246316
-98.9998999899989940 -54.1926554458056131
-98.9798979897989852 -41.6577428444791593
-98.9598959895989623 -51.1165256802740657
-98.9398939893989393 -32.8702779222021775
-98.9198919891989163 -65.9866801877164590
-98.8998899889988934 -51.9318128658950684
-98.8798879887988846 -30.5185551319094763
-98.8598859885988617 -42.2816172837207631
-98.8398839883988387 -74.7706131343923772
-98.8198819881988157 -36.5650897863289188
-98.7998799879987928 -63.6597238234042493
-98.7798779877987840 -64.7927188164632497
-98.7598759875987611 -77.7062938099665672
-98.7398739873987381 -64.4871496870258909
-98.7198719871987151 -24.5474287032492633
-98.6998699869987064 -51.8672883867583323
-98.6798679867986834 -48.9837131521794760
-98.6598659865986605 -56.8139489149664811
-98.6398639863986375 -26.4126866695674742
-98.6198619861986145 -44.1094372479948191
-98.5998599859986058 -18.0229708713906263
-98.5798579857985828 -54.7499842995642183
-98.5598559855985599 -12.2175549247442135
-98.5398539853985369 -33.9320336647398761
-98.5198519851985139 -61.9673864191508628
-98.4998499849985052 -39.7798551575354651
-98.4798479847984822 -15.5048540982496661
-98.4598459845984593 -2.4750863742909459
-98.4398439843984363 -23.0478285327516019
-98.4198419841984133 -64.7999214699090658
-98.3998399839984046 -25.6487045152211195
-98.3798379837983816 -33.1007624587269831
-98.3598359835983587 -52.9240126680727272
-98.3398339833983357 -38.2871983039680188
-98.3198319831983270 -39.3141082073369006
-98.2998299829983040 -47.0496938193820000
-98.2798279827982810 -77.7897096484371957
-98.2598259825982581 -37.7761811592343619
-98.2398239823982351 -38.8848169998602842
-98.2198219821982264 -69.7487484004750513
-98.1998199819982034 -21.7037749020105828
-98.1798179817981804 -21.1855252857359382
-98.1598159815981575 -9.5584485246899114
-98.1398139813981345 -44.8031721265907095
-98.1198119811981257 -60.2161489769987384
-98.0998099809981028 -45.1594927950226221
-98.0798079807980798 -4.4764111780996885
-98.0598059805980569 -19.6064771613177378
-98.0398039803980339 -63.8245536074338844
-98.0198019801980251 -25.1979182004894398
-97.9997999799980022 -31.8115710079538125
-97.9797979797979792 -65.9973757226815678
-97.9597959795979563 -29.2559959614196572
-97.9397939793979333 -56.0160984346921751
-97.9197919791979245 -46.6054415497058443
-97.8997899789979016 -47.4646241705036189
-97.8797879787978786 -17.4580751643166252
-97.8597859785978557 -5.9062039265020552
-97.8397839783978327 -29.7191395197539876
-97.8197819781978239 -50.9306218132526993
-97.7997799779978010 -24.3686207284310683
-97.7797779777977780 -13.1272480218498018
-97.7597759775977551 -25.8945680329295627
-97.7397739773977463 -32.2049787422824636
-97.7197719771977233 -64.5712523716027533
-97.6997699769977004 1.0901322051322850
-97.6797679767976774 -25.1029307575785090
-97.6597659765976545 -15.3611759311543423
-97.6397639763976457 -33.5937145483298281
-97.6197619761976227 -42.2139442065189741
-97.5997599759975998 -68.4797920379389495
-97.5797579757975768 -43.3497606441952215
-97.5597559755975539 -17.2858577471029591
-97.5397539753975451 -16.4861295193680384
-97.5197519751975221 1.8388202691062858
-97.4997499749974992 -35.3092875835764843
-97.4797479747974762 -3.7721612332351846
-97.4597459745974533 -2.7927306040802513
-97.4397439743974445 -27.8991561541265334
-97.4197419741974215 -26.6940928802433177
-97.3997399739973986 -35.4330127723399926
-97.3797379737973756 0.9572606807546933
-97.3597359735973669 -75.7975386040802448
-97.3397339733973439 -6.5487652758768888
-97.3197319731973209 -31.8126967821691231
-97.2997299729972980 -68.2624638564659563
-97.2797279727972750 -22.3143338982335138
-97.2597259725972663 -18.4631701718099137
-97.2397239723972433 -27.6153292878856895
-97.2197219721972203 -21.6552334996472027
-97.1997199719971974 -2.2999589780855132
-97.1797179717971744 -28.0087592217937917
-97.1597159715971657 8.2817100629342235
-97.1397139713971427 -13.9102070956318080
-97.1197119711971197 -38.7504578928307595
-97.0997099709970968 -34.1309086244883275
-97.0797079707970738 -34.7184382923640982
-97.0597059705970651 -55.0748962883646911
-97.0397039703970421 -36.8127564241351024
-97.0197019701970191 -22.3183754506514411
-96.9996999699969962 -59.4338693133652782
-96.9796979697969732 -40.9138134452709110
-96.9596959695969645 -14.9031245975382660
-96.9396939693969415 -46.6371006210914771
-96.9196919691969185 -58.5799843049326867
-96.8996899689968956 -74.1585638399366474
-96.8796879687968726 -11.6123395995839012
-96.8596859685968639 -18.7155386998285849
-96.8396839683968409 -36.5615131147567070
-96.8196819681968179 -52.6381830399642610
-96.7996799679967950 -7.8255428229508865
-96.7796779677967862 -29.0686385384142199
-96.7596759675967633 -33.0319580901866630
-96.7396739673967403 -42.9409363221054150
-96.7196719671967173 -89.7402755756079387
-96.6996699669966944 -18.6490077251764887
-96.6796679667966856 -60.3649715352403007
-96.6596659665966627 -33.8466427397839240
-96.6396639663966397 -14.8003693842631669
-96.6196619661966167 -41.6709399345687999
-96.5996599659965938 -23.8529006291056511
-96.5796579657965850 -9.1641563833915143
-96.5596559655965621 -28.7538514190041177
-96.5396539653965391 -45.8019529160558534
-96.5196519651965161 -6.5215618580248140
-96.4996499649964932 -69.5410058789563266
-96.4796479647964844 -24.6199143980695005
-96.4596459645964615 -38.4111964795336362
-96.4396439643964385 -15.1975925340813856
-96.4196419641964155 -21.6582412675104905
-96.3996399639964068 -39.5630596837851272
-96.3796379637963838 -18.2311211220508014
-96.3596359635963609 -46.7056433469292926
-96.3396339633963379 -4.9817868013442066
-96.3196319631963149 -2.6454520196244395
-96.2996299629963062 1.7498357816614352
-96.2796279627962832 -23.2883271429843859
-96.2596259625962603 -13.2613693504548298
-96.2396239623962373 -2.6140769710864369
-96.2196219621962143 -7.7044444047728255
-96.1996199619962056 -37.4681401673835524
-96.1796179617961826 -30.1126981372802298
-96.1596159615961597 -41.8045243565261444
-96.1396139613961367 -21.7323739493426054
-96.1196119611961137 -60.1185270505140466
-96.0996099609961050 -62.0526541693783145
-96.0796079607960820 -18.2340798976993099
-96.0596059605960590 -26.7913411110854973
-96.0396039603960361 -24.4588942894463202
-96.0196019601960131 -3.5886876917903656
-95.9995999599960044 -36.5414860394690777
-95.9795979597959814 -18.2315981189482414
-95.9595959595959584 -22.7658011041958268
-95.9395939593959355 -28.6469390095609917
-95.9195919591959125 -49.6690809373294826
-95.8995899589959038 -2.0078042670536824
-95.8795879587958808 -53.2565800312690527
-95.8595859585958578 -31.2921106868571570
-95.8395839583958349 -30.3462931683383701
-95.8195819581958119 7.2924025754636155
-95.7995799579958032 3.5145090387221352
-95.7795779577957802 -51.9269622641266011
-95.7595759575957572 21.3980310683818260
-95.7395739573957343 -49.7531670982504366
-95.7195719571957255 -26.2764335925235208
-95.6995699569957026 -1.3040343616071119
-95.6795679567956796 -1.3236410246258323
-95.6595659565956566 -26.5397556587429548
-95.6395639563956337 -3.0132721649268568
-95.6195619561956249 -25.6921367486650070
-95.5995599559956020 -44.8121126976458939
-95.5795579557955790 -40.3646403226899793
-95.5595559555955560 -48.9259731564262310
-95.5395539553955331 -33.0837812704005358
-95.5195519551955243 -7.1285940265658638
-95.4995499549955014 -32.8337155011716888
-95.4795479547954784 -55.5733509352826900
-95.4595459545954554 -20.5361275323450023
-95.4395439543954467 -12.4393509854683977
-95.4195419541954237 -39.0230463002309804
-95.3995399539954008 -64.5710666937753643
-95.3795379537953778 -22.5658846534623549
-95.3595359535953548 -8.1125027276986614
-95.3395339533953461 -46.3288174207563372
-95.3195319531953231 -38.1602841516804503
-95.2995299529953002 -56.0849153261588071
-95.2795279527952772 -17.4160515528025641
-95.2595259525952542 -40.8045701497995879
-95.2395239523952455 -18.5313785961674249
-95.2195219521952225 -29.9729013569284604
-95.1995199519951996 -18.5013222024096784
-95.1795179517951766 -11.0245205167708900
-95.1595159515951536 -18.6790500721931991
-95.1395139513951449 -27.0301054033536765
-95.1195119511951219 -25.4317618728949562
-95.0995099509950990 -44.0870321836077892
-95.0795079507950760 -37.7765660836227610
-95.0595059505950530 -0.3109603125088327
-95.0395039503950443 -23.6076430132729840
-95.0195019501950213 -25.0617862941509024
-94.9994999499949984 -28.1207008775088916
-94.9794979497949754 -9.4593079494098991
-94.9594959495949524 -47.1352700169244798
-94.9394939493949437 -2.1036466709958184
-94.9194919491949207 -37.0490981179587990
-94.8994899489948978 -24.5254079939329941
-94.8794879487948748 -9.0019219934435171
-94.8594859485948518 -21.6450284591557285
-94.8394839483948431 -34.7432043855782453
-94.8194819481948201 -53.1679646488644551
-94.7994799479947972 -29.0336567583364626
-94.7794779477947742 -10.6001717204539290
-94.7594759475947654 1.9425380646600061
-94.7394739473947425 -15.9785765983303634
-94.7194719471947195 -17.6806744672403191
-94.6994699469946966 -80.3631129869081491
-94.6794679467946736 -5.1072677975764655
-94.6594659465946648 -6.9568576593331954
-94.6394639463946419 -30.5885794340864905
-94.6194619461946189 -22.5107500303831110
-94.5994599459945960 -18.9153494325637368
-94.5794579457945730 -17.9046640575585840
-94.5594559455945642 28.3782686365409198
-94.5394539453945413 -36.5755158186854317
-94.5194519451945183 18.3745935861810601
-94.4994499449944954 -14.2977238188181595
-94.4794479447944866 -31.3426331520696664
-94.4594459445944636 -26.2318500029687449
-94.4394439443944407 -19.8258047396760340
-94.4194419441944177 24.5573700539290840
-94.3994399439943948 -2.9563936788230230
-94.3794379437943860 -19.7146718012560171
-94.3594359435943630 -25.4339035393505384
-94.3394339433943401 8.7413505465878885
-94.3194319431943171 -33.5066403393867134
-94.2994299429942942 -46.1780715218467464
-94.2794279427942854 -41.4301033350844250
-94.2594259425942624 -70.4650613722521939
-94.2394239423942395 -14.9939021373727925
-94.2194219421942165 22.9480725606634870
-94.1994199419941936 -20.8284288298335944
-94.1794179417941848 -27.2171003979900128
-94.1594159415941618 -31.7519421634939221
-94.1394139413941389 -47.8566361317244997
-94.1194119411941159 11.6666774058964116
-94.0994099409940929 -30.8724143285702013
-94.0794079407940842 8.4127408894429827
-94.0594059405940612 -16.3036341517941779
-94.0394039403940383 -58.2690082946685308
-94.0194019401940153 -21.4871844865459884
-93.9993999399939923 -30.2402896592782078
-93.9793979397939836 -17.4360967684807733
-93.9593959395939606 -16.9441252017756554
-93.9393939393939377 -7.0824958109513023
-93.9193919391939147 -60.6964498891907454
-93.8993899389938917 -32.9467090315852644
-93.8793879387938830 0.9726856444728362
-93.8593859385938600 4.0671126639816180
-93.8393839383938371 25.2627023142887737
-93.8193819381938141 -18.3697971254225543
-93.7993799379938054 -6.8458977857862404
-93.7793779377937824 -42.4055534083072558
-93.7593759375937594 -7.7774458807506335
-93.7393739373937365 -32.4684052234150187
-93.7193719371937135 -20.1004621513269335
-93.6993699369937048 -62.8525136394095796
-93.6793679367936818 -26.4797206878631002
-93.6593659365936588 -11.0634310235195539
-93.6393639363936359 -20.2272588832271012
-93.6193619361936129 -8.0035849190659558
-93.5993599359936042 -56.5041730776731583
-93.5793579357935812 -14.1224997389748204
-93.5593559355935582 -34.2958705866553402
-93.5393539353935353 -33.6853708297257199
-93.5193519351935265 -8.0096483708906749
-93.4993499349935036 -23.7799808812745752
-93.4793479347934806 3.0007638675879811
-93.4593459345934576 -35.1575525861192091
-93.4393439343934347 -41.2211950558494138
-93.4193419341934259 -23.2952180539900944
-93.3993399339934030 19.3354098824840293
-93.3793379337933800 -21.1448912040726107
-93.3593359335933570 4.0238954145187549
-93.3393339333933341 1.9042937706367269
-93.3193319331933253 -37.2541301779190306
-93.2993299329933024 9.9062149050753447
-93.2793279327932794 -27.5536753072723783
-93.2593259325932564 -25.9711193387105190
-93.2393239323932335 34.5399669892554542
-93.2193219321932247 -50.3967368993885998
-93.1993199319932017 -20.2384652127002695
-93.1793179317931788 0.7804934516754720
-93.1593159315931558 -23.3157739032016167
-93.1393139313931329 -7.7594286820776048
-93.1193119311931241 -2.5421598522245503
-93.0993099309931011 -49.8344827546392821
-93.0793079307930782 -11.3627299640350454
-93.0593059305930552 -15.8918623527611835
-93.0393039303930323 -8.5395547785271493
-93.0193019301930235 -1.7150012306501488
-92.9992999299930005 -30.8413902801250330
-92.9792979297929776 -15.4212053880798141
-92.9592959295929546 11.1757700521292023
-92.9392939293929317 -40.5660737862692855
-92.9192919291929229 -12.1035915612421494
-92.8992899289928999 -73.6744732926016468
-92.8792879287928770 2.7347162393498188
-92.8592859285928540 -1.5199696530186380
-92.8392839283928453 1.6521149867222142
-92.8192819281928223 -18.3751341239186843
-92.7992799279927993 -64.5817561086204819
-92.7792779277927764 -19.7159950674020763
-92.7592759275927534 -27.5738486828208806
-92.7392739273927447 -82.4191721459836799
-92.7192719271927217 -53.0850273682446669
-92.6992699269926987 -19.2200831098477813
-92.6792679267926758 -42.2993945755165157
-92.6592659265926528 -47.5271243052755779
-92.6392639263926441 -10.9040880352555831
-92.6192619261926211 -5.9787485148559032
-92.5992599259925981 -41.0825046083156380
-92.5792579257925752 15.7105150114855157
-92.5592559255925664 1.8410395742680343
-92.5392539253925435 -12.9492807392081843
-92.5192519251925205 -31.1832742338785032
-92.4992499249924975 -23.1354217394366728
-92.4792479247924746 -35.8389552546927348
-92.4592459245924658 -33.2836146684265159
-92.4392439243924429 -18.6083307176701993
-92.4192419241924199 -4.9344961730409409
-92.3992399239923969 -6.5817154812503258
-92.3792379237923740 17.7261940121335648
-92.3592359235923652 -41.5008143666648834
-92.3392339233923423 5.1278360440294399
-92.3192319231923193 -48.2500303380313795
-92.2992299229922963 -26.8743803198344011
-92.2792279227922734 -41.0587624134724223
-92.2592259225922646 -39.5359239803751734
-92.2392239223922417 12.2913697697830635
-92.2192219221922187 7.9082060714071396
-92.1992199219921957 -7.6995590524775999
-92.1792179217921728 12.5784434633714355
-92.1592159215921640 -34.0268121688473570
-92.1392139213921411 -35.4202589531029943
-92.1192119211921181 -5.9664374915086977
-92.0992099209920951 -14.7231401636116992
-92.0792079207920722 -50.3139584614381334
-92.0592059205920634 -18.9676902011832169
-92.0392039203920405 -38.1701447872355288
-92.0192019201920175 -35.3108139747374352
-91.9991999199919945 -0.9565568300016523
-91.9791979197919716 -5.3316659610197341
-91.9591959195919628 -26.7118474122025802
-91.9391939193919399 -29.1196469092463843
-91.9191919191919169 -39.5383482595431204
-91.8991899189918939 -28.4932490412592117
-91.8791879187918710 -11.5495293517146518
-91.8591859185918622 -31.5841309531394501
-91.8391839183918393 -35.7901566452362090
-91.8191819181918163 -11.0949992422201706
-91.7991799179917933 -24.6330490587025217
-91.7791779177917846 -39.6375515969398720
-91.7591759175917616 3.6015820299492241
-91.7391739173917387 -33.1561747829446745
-91.7191719171917157 -61.0610952172948274
-91.6991699169916927 -39.4028523757768383
-91.6791679167916840 -70.1510296778791371
-91.6591659165916610 -26.3247763715026721
-91.6391639163916381 -42.8844863359053647
-91.6191619161916151 -37.2054420957452905
-91.5991599159916063 -13.9008652319178534
-91.5791579157915834 -21.3560388955550557
-91.5591559155915604 -20.6627562013652479
-91.5391539153915375 -38.8478001026877138
-91.5191519151915145 -21.6832653738542334
-91.4991499149915057 -11.3269550605245826
-91.4791479147914828 -22.0493148575279747
-91.4591459145914598 -2.6014358860783595
-91.4391439143914369 -50.8003002974683113
-91.4191419141914139 -2.4127863465775405
-91.3991399139914051 -49.9146142276703486
-91.3791379137913822 -8.3665481613438715
-91.3591359135913592 -36.2602502804370417
-91.3391339133913363 -56.2403598127518904
-91.3191319131913133 -31.9642997866918854
-91.2991299129913045 -38.7760236908511899
-91.2791279127912816 -25.0424007414134806
-91.2591259125912586 -25.8692441617660691
-91.2391239123912356 -39.2682454844570827
-91.2191219121912127 1.6737238588571124
-91.1991199119912039 -42.9200637175360242
-91.1791179117911810 -37.7085472307544407
-91.1591159115911580 -36.3209874503254468
-91.1391139113911350 -17.3889442142556376
-91.1191119111911121 -35.7109804112959850
-91.0991099109911033 -26.2640433262925868
-91.0791079107910804 -34.1904982319046979
-91.0591059105910574 -35.1740761140256240
-91.0391039103910344 -7.1188019365998638
-91.0191019101910115 -22.4009124323930990
-90.9990999099910027 -27.8000841010581006
-90.9790979097909798 -27.5851153912861093
-90.9590959095909568 -28.0135591051323800
-90.9390939093909338 -2.7073020388858815
-90.9190919091909109 -4.4643255875004257
-90.8990899089909021 -2.6456485757153949
-90.8790879087908792 -19.5756642037597501
-90.8590859085908562 -3.1015421251428243
-90.8390839083908332 0.2866119329227352
-90.8190819081908245 -23.9229522816405265
-90.7990799079908015 -9.8873922177983431
-90.7790779077907786 -12.9321739296352494
-90.7590759075907556 -25.6659408129782349
-90.7390739073907326 3.7718517242230298
-90.7190719071907239 -33.2625741720433936
-90.6990699069907009 -17.5242695231501102
-90.6790679067906780 -28.4591189744866639
-90.6590659065906550 -41.9886872100968418
-90.6390639063906463 -12.7606770921116439
-90.6190619061906233 -11.4019244049989599
-90.5990599059906003 -48.1821664123696252
-90.5790579057905774 -15.5489995652873780
-90.5590559055905544 -43.5456692007924175
-90.5390539053905457 -18.9104076298753370
-90.5190519051905227 -8.0424192966556678
-90.4990499049904997 -51.7434078416761167
-90.4790479047904768 -16.4049943621685266
-90.4590459045904538 -36.0969823215142185
-90.4390439043904451 -37.9215259790900845
-90.4190419041904221 -31.0619422055891512
-90.3990399039903991 5.5828913002426788
-90.3790379037903762 -15.6721905848165228
-90.3590359035903532 10.5363650611402875
-90.3390339033903444 1.3482029381200036
-90.3190319031903215 -20.5279325915780539
-90.2990299029902985 -37.5352400255457255
-90.2790279027902756 -8.2375987446827832
-90.2590259025902526 -17.3026386213624122
-90.2390239023902438 -5.2249320012119611
-90.2190219021902209 -17.0639604393771158
-90.1990199019901979 -31.9438660113735367
-90.1790179017901750 -30.9865413151272300
-90.1590159015901520 -31.2147426066176941
-90.1390139013901432 -21.2301501894884446
-90.1190119011901203 -33.2001018147354827
-90.0990099009900973 -14.1892106209928599
-90.0790079007900744 -8.5645522588346470
-90.0590059005900514 -53.4450332340552734
-90.0390039003900426 38.1301501625264265
-90.0190019001900197 -31.3813580071640494
-89.9989998999899967 -10.6145325069699705
-89.9789978997899738 -28.5419897295999299
-89.9589958995899508 -22.1744174951303492
-89.9389938993899420 -39.1763609745211738
-89.9189918991899191 -58.3989629349905215
-89.8989898989898961 -33.0597946306252410
-89.8789878987898732 -49.2139874489120785
-89.8589858985898644 -19.1739534514702754
-89.8389838983898414 16.8786786632586399
-89.8189818981898185 -34.7421313161765966
-89.7989798979897955 -26.9700138020114544
-89.7789778977897726 -24.4338063018851095
-89.7589758975897638 -32.1145615662524264
-89.7389738973897408 -15.6269390132072523
-89.7189718971897179 -42.0073673901121438
-89.6989698969896949 -2.5273911975956089
-89.6789678967896862 -12.7071501615861404
-89.6589658965896632 -22.2563369229358585
-89.6389638963896402 -42.6016068658144107
-89.6189618961896173 -17.1324851619582716
-89.5989598959895943 -46.4021626674210594
-89.5789578957895856 -30.8993761213196088
-89.5589558955895626 6.8949603396007646
-89.5389538953895396 -7.5487884506486722
-89.5189518951895167 -0.6191441602809569
-89.4989498949894937 -12.9046292748333205
-89.4789478947894850 -4.0892417471200808
-89.4589458945894620 12.9240407939841333
-89.4389438943894390 10.3946617790330755
-89.4189418941894161 -26.1268602851256162
-89.3989398939893931 -28.4467392475004708
-89.3789378937893844 -31.3757392362147129
-89.3589358935893614 -15.4628031330959086
-89.3389338933893384 -21.8332836986988035
-89.3189318931893155 3.8666772992093037
-89.2989298929892925 -24.1805956225339891
-89.2789278927892838 13.5268495656230670
-89.2589258925892608 -7.5794814093512599
-89.2389238923892378 -39.6185435037208507
-89.2189218921892149 -47.3804404934852670
-89.1989198919891919 -36.7896229466922264
-89.1789178917891832 -26.8674845065091397
-89.1589158915891602 -20.3604902813153927
-89.1389138913891372 -5.7097807764208994
-89.1189118911891143 -6.9267199044310175
-89.0989098909890913 -68.6919753807510318
-89.0789078907890826 -12.2819736993550492
-89.0589058905890596 -37.2739537209811687
-89.0389038903890366 -53.0278056832647167
-89.0189018901890137 -29.7839791413515940
-88.9988998899889907 -0.7151485860150615
-88.9788978897889820 -16.2309547454857324
-88.9588958895889590 -9.0850401840221462
-88.9388938893889360 6.3170101683509721
-88.9188918891889131 -54.1332669720824811
-88.8988898889889043 13.9825251927500318
-88.8788878887888814 0.5346332305825712
-88.8588858885888584 -66.5951364337536660
-88.8388838883888354 -23.3712083120951100
-88.8188818881888125 -66.5202533587654443
-88.7988798879888037 -14.4906271885930344
-88.7788778877887808 -71.0474356313793010
-88.7588758875887578 -7.3462714158707776
-88.7388738873887348 -23.3125725297290920
-88.7188718871887261 -1.5136734613518570
-88.6988698869887031 -8.7871322082747945
-88.6788678867886802 -52.8785543120079140
-88.6588658865886572 -0.4936464536370764
-88.6388638863886342 -3.7489385593473656
-88.6188618861886255 -44.8141484320508638
-88.5988598859886025 -23.2526709399892688
-88.5788578857885796 -30.1915076969552523
-88.5588558855885566 -4.5475280754256886
-88.5388538853885336 -39.4708596442740571
-88.5188518851885249 -16.6155370481672655
-88.4988498849885019 -40.6630319022185631
-88.4788478847884790 -24.5101838917064789
-88.4588458845884560 -41.6403317596122804
-88.4388438843884330 -8.9128918761743616
-88.4188418841884243 -23.1846663640159747
-88.3988398839884013 -52.2668176062508962
-88.3788378837883783 -47.3245813370106276
-88.3588358835883554 -8.4364551356253621
-88.3388338833883324 -20.9323781788844130
-88.3188318831883237 -13.7001179730854084
-88.2988298829883007 -3.4753879490164827
-88.2788278827882777 -4.8754074090595232
-88.2588258825882548 4.3906912511914911
-88.2388238823882318 -5.0161777421455902
-88.2188218821882231 0.9762876614876852
-88.1988198819882001 -35.3968804579768488
-88.1788178817881771 -28.9449503718884245
-88.1588158815881542 -40.2933192310992183
-88.1388138813881312 -31.8167527033972881
-88.1188118811881225 -62.3436407081319572
-88.0988098809880995 -25.9128872626080238
-88.0788078807880765 -20.4420616683661684
-88.0588058805880536 -35.6970463865876866
-88.0388038803880306 -23.6683110812535915
-88.0188018801880219 -34.6755159210141670
-87.9987998799879989 -41.7871977522448503
-87.9787978797879759 -24.0023626132581569
-87.9587958795879530 2.2078941885663816
-87.9387938793879442 3.7410048885098313
-87.9187918791879213 -8.4708103297917425
-87.8987898789878983 -2.5174599121495689
-87.8787878787878753 -39.7301502859057081
-87.8587858785878524 -27.7056217824356565
-87.8387838783878436 -18.4957654986585709
-87.8187818781878207 -24.8726354162698726
-87.7987798779877977 -16.3706252459258366
-87.7787778777877747 -61.8474054335285857
-87.7587758775877660 -27.3642358573396010
-87.7387738773877430 -27.0105848378583815
-87.7187718771877201 -61.7942991792208716
-87.6987698769876971 -37.1186969168726861
-87.6787678767876741 -49.5934658283618575
-87.6587658765876654 -44.2785552596888436
-87.6387638763876424 -6.6544194656882460
-87.6187618761876195 28.6924335666280470
-87.5987598759875965 -13.6253460517616993
-87.5787578757875735 -20.9328617290538475
-87.5587558755875648 -44.0647668561125769
-87.5387538753875418 -50.5967934436075808
-87.5187518751875189 -45.8150110385861495
-87.4987498749874959 12.6438190175387462
-87.4787478747874729 -26.1328569427168738
-87.4587458745874642 -33.0793669120460194
-87.4387438743874412 -28.2809275974839274
-87.4187418741874183 -46.6614889370261778
-87.3987398739873953 -38.6604066914317812
-87.3787378737873723 -17.2160685196074965
-87.3587358735873636 -36.6283215062963947
-87.3387338733873406 23.2847573920293271
-87.3187318731873177 -30.3259462134604370
-87.2987298729872947 -22.0251932786488887
-87.2787278727872717 -21.3885528346091611
-87.2587258725872630 -2.8945934918224836
-87.2387238723872400 -19.5727051919576454
-87.2187218721872171 -14.4429371724509252
-87.1987198719871941 -26.3443381647146886
-87.1787178717871711 -5.9799463028082407
-87.1587158715871624 -35.8741591302957801
-87.1387138713871394 -23.8546355561943990
-87.1187118711871165 -20.9409211900872947
-87.0987098709870935 -29.5837282186980097
-87.0787078707870705 -27.0913374323273928
-87.0587058705870618 -4.5095594007971691
-87.0387038703870388 -30.1215093638378733
-87.0187018701870159 -41.9226780187727570
-86.9986998699869929 -19.0705306217515513
-86.9786978697869841 -49.6456719080266708
-86.9586958695869612 -21.8117081984960564
-86.9386938693869382 -34.2625732993273999
-86.9186918691869153 -40.6168812318871488
-86.8986898689868923 -39.8730879613700040
-86.8786878687868835 -17.3663069685706724
-86.8586858685868606 -25.6478406378792272
-86.8386838683868376 -11.2156786499739187
-86.8186818681868147 -23.2045126161634236
-86.7986798679868059 -39.9835017298912305
-86.7786778677867829 -59.2430498860322530
-86.7586758675867600 -70.9486076626867401
-86.7386738673867370 -33.2094865264035093
-86.7186718671867141 -22.5518222788498157
-86.6986698669867053 -39.1235323131198811
-86.6786678667866823 3.4123648516998912
-86.6586658665866594 -55.1905595221650032
-86.6386638663866364 -31.6760320790023719
-86.6186618661866135 -22.4227153450544812
-86.5986598659866047 -50.5581240359505699
-86.5786578657865817 -29.6923895177791337
-86.5586558655865588 -37.3527139797640899
-86.5386538653865358 6.9563736236465239
-86.5186518651865129 -26.6598702368560438
-86.4986498649865041 -60.2998148585171805
-86.4786478647864811 -5.5689746662630597
-86.4586458645864582 -36.0139764323477891
-86.4386438643864352 -52.1658759624050390
-86.4186418641864122 -34.2669200050283962
-86.3986398639864035 -24.5181018136027973
-86.3786378637863805 4.1430023154163571
-86.3586358635863576 -22.4206350290103771
-86.3386338633863346 -41.4708007836257195
-86.3186318631863116 -42.3969204080167401
-86.2986298629863029 -54.0537835197984933
-86.2786278627862799 -39.6686490482351743
-86.2586258625862570 -19.8813469727850851
-86.2386238623862340 -26.7052015733485248
-86.2186218621862110 -26.7037563794612431
-86.1986198619862023 -20.5701322716979362
-86.1786178617861793 -2.5630672813032156
-86.1586158615861564 0.5359247933139422
-86.1386138613861334 -2.2029225876487182
-86.1186118611861104 -32.9293552322622318
-86.0986098609861017 -22.6081279822656640
-86.0786078607860787 -50.0458333302425800
-86.0586058605860558 -19.4061624638273571
-86.0386038603860328 -62.9711518808536113
-86.0186018601860241 -25.6342689869854468
-85.9985998599860011 -27.0864775109764366
-85.9785978597859781 -59.1484287269519058
-85.9585958595859552 -32.4824764585922097
-85.9385938593859322 -47.4036442996486613
-85.9185918591859235 -4.8085991777794987
-85.8985898589859005 -20.7262571475696902
-85.8785878587858775 -7.2823799978854744
-85.8585858585858546 13.2052242533035198
-85.8385838583858458 -36.3825593979699420
-85.8185818581858229 11.6942646868695306
-85.7985798579857999 -32.9881670520533135
-85.7785778577857769 -8.0684353400052586
-85.7585758575857540 -20.8546733266786362
-85.7385738573857452 -65.6614132394911820
-85.7185718571857223 -13.9582061482614783
-85.6985698569856993 -25.4582239050656440
-85.6785678567856763 -20.1381884469767556
-85.6585658565856534 -14.8385740199285081
-85.6385638563856446 -53.9882880227159205
-85.6185618561856217 -6.5551394472226434
-85.5985598559855987 -24.2137624901488948
-85.5785578557855757 -67.9363643616586046
-85.5585558555855528 -16.0824692430038212
-85.5385538553855440 -6.9116753535129547
-85.5185518551855210 -34.5625949785273576
-85.4985498549854981 -46.1770078482930586
-85.4785478547854751 -49.9853078535454074
-85.4585458545854522 -32.4571087037048827
-85.4385438543854434 -52.5224380900231154
-85.4185418541854204 -28.4119676071604417
-85.3985398539853975 -18.7949251109546438
-85.3785378537853745 -1.3526192799907335
-85.3585358535853516 2.8658443939901410
-85.3385338533853428 -30.3371485365788267
-85.3185318531853198 -31.2339896029490767
-85.2985298529852969 -18.2216665360334460
-85.2785278527852739 -54.2612241298940035
-85.2585258525852510 -31.3667670390271098
-85.2385238523852422 1.8319649622770946
-85.2185218521852192 -41.4566575876524226
-85.1985198519851963 -23.7411218653807765
-85.1785178517851733 -15.9873028050905575
-85.1585158515851504 -40.9429261445967967
-85.1385138513851416 -11.2754462663624100
-85.1185118511851186 -40.3662317322213653
-85.0985098509850957 -3.5270477557668301
-85.0785078507850727 -23.7992441550260949
-85.0585058505850640 -17.0111934968716092
-85.0385038503850410 -7.5124919398491024
-85.0185018501850180 25.6185349770595288
-84.9984998499849951 -57.7757437874014954
-84.9784978497849721 -22.5675422082689536
-84.9584958495849634 -5.1215814054488860
-84.9384938493849404 -55.3114457589670465
-84.9184918491849174 -32.6241544114114959
-84.8984898489848945 -39.9410155985585646
-84.8784878487848857 -41.1764239934609151
-84.8584858485848628 -41.7038233344421627
-84.8384838483848398 -10.7034451072254750
-84.8184818481848168 -26.9087812565983100
-84.7984798479847939 -18.6631947295633225
-84.7784778477847851 -22.3388150315895082
-84.7584758475847622 -39.1721392069623988
-84.7384738473847392 -8.0873170774412841
-84.7184718471847162 -13.6382670387953322
-84.6984698469846933 0.7783262891832265
-84.6784678467846845 -18.0221557230867155
-84.6584658465846616 -50.3885102182074434
-84.6384638463846386 -31.1662054580144456
-84.6184618461846156 -18.3566927824528641
-84.5984598459845927 -7.2735682389254066
-84.5784578457845839 -9.9809052337226820
-84.5584558455845610 -23.3413053708679641
-84.5384538453845380 -19.8210155800487193
-84.5184518451845150 -43.9432479767978563
-84.4984498449844921 -49.3233918217817404
-84.4784478447844833 -45.4610014180869157
-84.4584458445844604 -50.3732562828180122
-84.4384438443844374 -56.7620868063258470
-84.4184418441844144 -40.7660806987402538
-84.3984398439843915 -36.6437726604221652
-84.3784378437843827 -39.5739642617931437
-84.3584358435843598 -12.2620580112251449
-84.3384338433843368 -40.9869065892025759
-84.3184318431843138 -28.9736237646459536
-84.2984298429842909 -28.9003045144326620
-84.2784278427842821 -32.2160771361336913
-84.2584258425842592 -47.2693132169484329
-84.2384238423842362 -13.5847608315462480
-84.2184218421842132 -61.4727524173567446
-84.1984198419841903 -62.6077874978023488
-84.1784178417841815 -37.1081345312220279
-84.1584158415841586 9.8876718055277415
-84.1384138413841356 -22.8463751643763544
-84.1184118411841126 -38.0605016607399449
-84.0984098409840897 13.5140343639079532
-84.0784078407840809 -2.1110093813644681
-84.0584058405840580 29.2007230129586013
-84.0384038403840350 -59.2462218756162500
-84.0184018401840120 -36.6133261461889390
-83.9983998399839891 -30.8317865519359557
-83.9783978397839803 -28.3204893750653461
-83.9583958395839574 -4.2895660549803303
-83.9383938393839344 -24.2905947581372104
-83.9183918391839256 -6.4069673068266511
-83.8983898389839027 -32.4389956279466318
-83.8783878387838797 -8.6492778432206414
-83.8583858385838568 -68.0722330513564202
-83.8383838383838338 -52.0975232063767066
-83.8183818381838250 -42.0663985375298921
-83.7983798379838021 -11.4729302847619241
-83.7783778377837791 -25.2587590244432221
-83.7583758375837562 -23.6162366535262045
-83.7383738373837332 -33.9505467980289666
-83.7183718371837244 -0.8480121028750958
-83.6983698369837015 -52.8987060587294664
-83.6783678367836785 4.0759394849614026
-83.6583658365836556 -5.1796984593599369
-83.6383638363836326 -34.6696257897888884
-83.6183618361836238 -30.6069043410817265
-83.5983598359836009 -42.3452979516423653
-83.5783578357835779 -39.0336130516223889
-83.5583558355835549 -50.5596513543420798
-83.5383538353835320 -20.4887894431278497
-83.5183518351835232 -0.8112248820643906
-83.4983498349835003 -61.1581861138592018
-83.4783478347834773 3.0094556720684018
-83.4583458345834543 -20.3182904665484187
-83.4383438343834314 -17.0103972593965409
-83.4183418341834226 -11.5939563518825786
-83.3983398339833997 -20.1340763466682837
-83.3783378337833767 -28.9201644798262407
-83.3583358335833537 -44.6647670713623626
-83.3383338333833308 -31.5935528366801250
-83.3183318331833220 20.2789743723201639
-83.2983298329832991 -68.3780406461073511
-83.2783278327832761 -49.0177124671740643
-83.2583258325832531 -11.3129227615212375
-83.2383238323832302 6.0504848499487380
-83.2183218321832214 -15.4648002329176730
-83.1983198319831985 -39.0752082143076080
-83.1783178317831755 -2.8983250809332830
-83.1583158315831525 -34.5653686265956139
-83.1383138313831296 -29.6260610746958442
-83.1183118311831208 -42.2471210782698634
-83.0983098309830979 -44.7936167317523513
-83.0783078307830749 -20.8896325988943694
-83.0583058305830662 -18.8785555639986242
-83.0383038303830290 -38.6162725562426417
-83.0183018301830202 -11.4715379644574647
-82.9982998299829973 -51.6132353741139411
-82.9782978297829743 -25.5283686595779464
-82.9582958295829656 -3.9615446003687573
-82.9382938293829426 -13.0218740818831513
-82.9182918291829196 -20.9803005405814567
-82.8982898289828967 -0.9511091457626613
-82.8782878287828737 -30.3241052042819064
-82.8582858285828650 -17.3362953243417479
-82.8382838283828420 -11.8764720853525638
-82.8182818281828190 -24.9726415906395545
-82.7982798279827961 -46.1332636673629111
-82.7782778277827731 -55.7258179760497825
-82.7582758275827644 -7.9681389404390011
-82.7382738273827414 -50.9625749771473693
-82.7182718271827184 -58.8100278483147889
-82.6982698269826955 -22.6284859823430651
-82.6782678267826725 -34.8125713054615460
-82.6582658265826637 -17.9969879503354733
-82.6382638263826408 -35.5245124751398436
-82.6182618261826178 -42.8204390484539203
-82.5982598259825949 -22.5756612710719224
-82.5782578257825719 -14.9662732972437489
-82.5582558255825631 -31.1398669223798521
-82.5382538253825402 0.4861965643917543
-82.5182518251825172 -15.3728032331803419
-82.4982498249824943 -12.3042475033254757
-82.4782478247824713 -46.3814946403292936
-82.4582458245824625 -33.6303825890685673
-82.4382438243824396 -25.5633522757590086
-82.4182418241824166 -10.5592153459891112
-82.3982398239823937 -45.2339018205552037
-82.3782378237823707 -15.6638118081032385
-82.3582358235823619 -1.4610458026834081
-82.3382338233823390 -37.5547812322973300
-82.3182318231823160 -52.1571146571241684
-82.2982298229822931 -7.1514012134395628
-82.2782278227822701 -38.2811958067023994
-82.2582258225822613 -11.5053033670435614
-82.2382238223822384 -5.8444590028811874
-82.2182218221822154 -52.3105483064268952
-82.1982198219821925 -24.4481525258290091
-82.1782178217821695 -17.3239458653813045
-82.1582158215821607 -46.3596830995619911
-82.1382138213821378 -23.1779510087631451
-82.1182118211821148 -27.3134907406407486
-82.0982098209821061 -24.2266130220492606
-82.0782078207820689 -36.5190112771438606
-82.0582058205820601 -0.2318352700871920
-82.0382038203820372 -21.6991309561940966
-82.0182018201820142 -57.3042303177422880
-81.9981998199820055 -37.5905760090048204
-81.9781978197819825 -2.1449239087751693
-81.9581958195819595 -8.8014923007181025
-81.9381938193819366 -31.7078374684971536
-81.9181918191819136 -50.1747617030781470
-81.8981898189819049 -31.4511316039108806
-81.8781878187818819 -28.8278792497357443
-81.8581858185818589 -40.5467454549655741
-81.8381838183818360 -20.5410151852448202
-81.8181818181818130 -37.2853362623336722
-81.7981798179818043 -20.3858292037948239
-81.7781778177817813 -14.3297861435191134
-81.7581758175817583 -20.9848678917220361
-81.7381738173817354 -54.6163340385772074
-81.7181718171817124 -49.7125315057544981
-81.6981698169817037 -20.1932796047174605
-81.6781678167816807 -9.2223988193334883
-81.6581658165816577 -27.4294465017113467
-81.6381638163816348 -26.2756151747479194
-81.6181618161816118 -15.0644201040686312
-81.5981598159816031 -24.5889116755421817
-81.5781578157815801 -44.4183020523140897
-81.5581558155815571 -69.6611488815335349
-81.5381538153815342 -37.7137890204114186
-81.5181518151815112 -18.0490072121622553
-81.4981498149815025 -21.5775722995311092
-81.4781478147814795 -1.3946595184926061
-81.4581458145814565 -42.0010416134585398
-81.4381438143814336 1.5148561105475018
-81.4181418141814106 -26.9617602412113122
-81.3981398139814019 3.3433344989323679
-81.3781378137813789 -11.1616996805666115
-81.3581358135813559 -31.9355133488863814
-81.3381338133813330 -45.7979577785905505
-81.3181318131813100 -52.5184519868540605
-81.2981298129813013 -23.5830593738764165
-81.2781278127812783 0.9960340253141204
-81.2581258125812553 -9.1716508776831027
-81.2381238123812324 -0.4057271559001379
-81.2181218121812094 -73.3205336875363400
-81.1981198119812007 2.5682895311271814
-81.1781178117811777 -31.4759789382165351
-81.1581158115811547 -10.5511492879023372
-81.1381138113811460 -21.7004153038878300
-81.1181118111811088 -27.0296346086902304
-81.0981098109811001 -49.0462867853229625
-81.0781078107810771 18.1340418552868847
-81.0581058105810541 -44.8001244149858309
-81.0381038103810454 8.0201770938888757
-81.0181018101810224 8.9392033504928499
-80.9980998099809995 -15.2655681925509530
-80.9780978097809765 15.9236162213142407
-80.9580958095809535 -21.6770163902678306
-80.9380938093809448 -37.1775895477378455
-80.9180918091809218 -30.2430575250958213
-80.8980898089808989 -50.2772979671274385
-80.8780878087808759 -9.1049000348277218
-80.8580858085808529 -8.8337013935029383
-80.8380838083808442 19.4230766653489937
-80.8180818081808212 -12.8869457783449093
-80.7980798079807983 8.5029532994822148
-80.7780778077807753 0.7402779887464455
-80.7580758075807523 -10.7585626525961828
-80.7380738073807436 -40.5050588589390301
-80.7180718071807206 -18.7420216355122413
-80.6980698069806976 -20.9881976834258381
-80.6780678067806747 -65.4762572202689626
-80.6580658065806517 -22.5012476043568341
-80.6380638063806430 14.5014995496189059
-80.6180618061806200 -35.5016452301412642
-80.5980598059805970 -39.9624710791683952
-80.5780578057805741 -54.7539786996113662
-80.5580558055805511 -24.9264283262256221
-80.5380538053805424 -46.3366610879415575
-80.5180518051805194 -74.2852582900730738
-80.4980498049804964 -14.8902430053069459
-80.4780478047804735 -30.0370499399812871
-80.4580458045804505 -35.0208738984938464
-80.4380438043804418 -58.9010873657874043
-80.4180418041804188 -50.7327883185076871
-80.3980398039803958 -19.6027582681102466
-80.3780378037803729 -49.8927902879846314
-80.3580358035803499 -9.6629282338736875
-80.3380338033803412 -13.0586611273204873
-80.3180318031803182 -28.2029050125264078
-80.2980298029802952 -28.3943658227566829
-80.2780278027802723 6.9639731394397622
-80.2580258025802493 -43.3505767907274162
-80.2380238023802406 -25.7748271622931711
-80.2180218021802176 -34.8464708552554328
-80.1980198019801946 -37.3756151300014210
-80.1780178017801859 -35.1152196592364447
-80.1580158015801487 -21.5335518380658399
-80.1380138013801400 16.0013391407092449
-80.1180118011801170 -56.9512716804814119
-80.0980098009800940 -54.2751978982534311
-80.0780078007800853 -12.7620657083390228
-80.0580058005800623 -18.8941059927555912
-80.0380038003800394 3.4971759097456747
-80.0180018001800164 0.3524266679554167
-79.9979997999799934 22.6621522482315285
-79.9779977997799847 -33.3130396866330614
-79.9579957995799617 -28.4641175973052540
-79.9379937993799388 -5.8877212674835064
-79.9179917991799158 -42.4904420701491148
-79.8979897989798928 -0.3598907467601009
-79.8779877987798841 -19.4458365863388387
-79.8579857985798611 7.5647692551335481
-79.8379837983798382 -23.4456113872916596
-79.8179817981798152 22.6338790130892633
-79.7979797979797922 -38.5496635008423567
-79.7779777977797835 -17.6040807019635714
-79.7579757975797605 -14.4050238503578036
-79.7379737973797376 -25.5929408882582550
-79.7179717971797146 -5.2979466293692585
-79.6979697969796916 -19.9641494913802688
-79.6779677967796829 -42.1552432186287831
-79.6579657965796599 -20.7140661743742989
-79.6379637963796370 -26.9128976236441453
-79.6179617961796140 27.9507694054968212
-79.5979597959795910 -8.3815220341844725
-79.5779577957795823 30.4733754947836815
-79.5579557955795593 -9.2498761318006224
-79.5379537953795364 20.6000707838664390
-79.5179517951795134 -38.3365078438251743
-79.4979497949794904 -34.7156737343635342
-79.4779477947794817 -45.3841794594142343
-79.4579457945794587 -5.4899419038653807
-79.4379437943794358 -8.3344674807891632
-79.4179417941794128 14.8970485819810321
-79.3979397939793898 -18.4189183012523863
-79.3779377937793811 13.5556187917121775
-79.3579357935793581 -61.4743774642625738
-79.3379337933793352 -53.9859409170054221
-79.3179317931793122 -17.4345837920489224
-79.2979297929792892 -5.3177016362329681
-79.2779277927792805 -8.9702061007175580
-79.2579257925792575 11.7144765287158634
-79.2379237923792346 -11.4668845502765286
-79.2179217921792116 3.0709890477713699
-79.1979197919791886 9.6221657543433885
-79.1779177917791799 -18.9284685774377053
-79.1579157915791569 -58.6527549555107584
-79.1379137913791340 0.7060620867842786
-79.1179117911791252 -14.5644960744809602
-79.0979097909790880 15.2794270214997354
-79.0779077907790793 31.5473156108817818
-79.0579057905790563 13.2017332354246406
-79.0379037903790334 6.2970631556312888
-79.0179017901790246 -35.6765152972150474
-78.9978997899790016 10.1281611630924218
-78.9778977897789787 -5.2952136444461644
-78.9578957895789557 -45.0612285261788941
-78.9378937893789328 -36.3654421815336946
-78.9178917891789240 -33.3007509288017332
-78.8978897889789010 -2.5869885513592550
-78.8778877887788781 -15.0151593353146247
-78.8578857885788551 13.9298447792761273
-78.8378837883788322 -76.9864872726862473
-78.8178817881788234 3.7876150589613111
-78.7978797879788004 -22.2218486117322271
-78.7778777877787775 -40.1609084666073102
-78.7578757875787545 -25.8191011213768675
-78.7378737873787315 -2.3953642266767794
-78.7178717871787228 -8.1108918202845004
-78.6978697869786998 -7.3083610320568830
-78.6778677867786769 -10.2868271191881728
-78.6578657865786539 -30.4753130016140474
-78.6378637863786309 -14.1504055987750643
-78.6178617861786222 -0.9905774402838361
-78.5978597859785992 -7.5872882810753222
-78.5778577857785763 -1.8207355338332611
-78.5578557855785533 -22.7426193376184251
-78.5378537853785303 -23.7133701292233994
-78.5178517851785216 4.3483758774706125
-78.4978497849784986 -8.0996732809692684
-78.4778477847784757 -34.8401300535545460
-78.4578457845784527 1.5150347467169603
-78.4378437843784297 -28.5268517583912313
-78.4178417841784210 5.3793108661038787
-78.3978397839783980 -4.7002754857589704
-78.3778377837783751 -26.0075105296617082
-78.3578357835783521 -18.7515330706287457
-78.3378337833783291 -22.2126900457812084
-78.3178317831783204 -3.3462534854911450
-78.2978297829782974 4.1407736778457220
-78.2778277827782745 -47.0331620036419196
-78.2578257825782515 -44.5434849792757177
-78.2378237823782285 3.5975660723643728
-78.2178217821782198 -4.6732607243006168
-78.1978197819781968 -32.8782022030391943
-78.1778177817781739 -20.9103375582827056
-78.1578157815781651 -16.6678604471330161
-78.1378137813781279 -4.9225445678882291
-78.1178117811781192 -23.5656112300735145
-78.0978097809780962 -26.9058626084310291
-78.0778077807780733 -8.4504581535495848
-78.0578057805780645 -37.8340285547205823
-78.0378037803780416 -54.3007683574309326
-78.0178017801780186 -23.3545736015761811
-77.9977997799779956 -26.4395408846357327
-77.9777977797779727 10.0266595414677511
-77.9577957795779639 -38.4714824440944128
-77.9377937793779410 3.8654312945627911
-77.9177917791779180 -20.5446167257221717
-77.8977897789778950 -4.6335311223566222
-77.8777877787778721 -9.0530473461637264
-77.8577857785778633 -32.8899777752264555
-77.8377837783778403 -0.8963016562687507
-77.8177817781778174 5.4882015592737492
-77.7977797779777944 10.2290394197861705
-77.7777777777777715 -20.8947062104840313
-77.7577757775777627 -50.2294335389419047
-77.7377737773777397 -19.7644809969387829
-77.7177717771777168 -0.3938335775851929
-77.6977697769776938 -7.2297261050442181
-77.6777677767776709 -1.2777764267819638
-77.6577657765776621 15.9285549516985157
-77.6377637763776391 -22.2301774453708276
-77.6177617761776162 20.0612692660391616
-77.5977597759775932 -10.8264319175408943
-77.5777577757775703 -6.0402743285369667
-77.5577557755775615 17.6323326930445674
-77.5377537753775385 -20.8201512535252498
-77.5177517751775156 -26.2258278732918626
-77.4977497749774926 -26.7541115078637368
-77.4777477747774697 2.0144949401222849
-77.4577457745774609 -55.9233187869232893
-77.4377437743774379 -2.1189899819552398
-77.4177417741774150 -14.7631987474688327
-77.3977397739773920 -34.5122387364664718
-77.3777377737773691 12.1566451745153969
-77.3577357735773603 -41.3970503701762311
-77.3377337733773373 9.9155127868498898
-77.3177317731773144 -54.7161808905911116
-77.2977297729772914 -26.5212536977358653
-77.2777277727772685 9.7536166569177887
-77.2577257725772597 -11.8844818100592384
-77.2377237723772367 -29.9036110469178702
-77.2177217721772138 -1.7947796099060369
-77.1977197719772050 -9.5262317838422277
-77.1777177717771679 -20.6053971192111902
-77.1577157715771591 2.5422865643450621
-77.1377137713771361 -55.8438043970915245
-77.1177117711771132 -5.5963006132379718
-77.0977097709771044 -10.9605388243399489
-77.0777077707770815 1.4951552152022032
-77.0577057705770585 2.1467950130194957
-77.0377037703770355 -7.9609559617120951
-77.0177017701770126 5.9939903156097003
-76.9976997699770038 -16.8869749042043473
-76.9776977697769809 -57.5520881492697427
-76.9576957695769579 -16.9725003312823119
-76.9376937693769349 -5.4894954093322079
-76.9176917691769120 -10.8556857508052005
-76.8976897689769032 -22.1169942818342449
-76.8776877687768803 -7.7708366256912713
-76.8576857685768573 12.9967482900489806
-76.8376837683768343 -14.4619245744735849
-76.8176817681768114 -60.5724240311236741
-76.7976797679768026 -25.5321666208726796
-76.7776777677767797 5.6751255428048921
-76.7576757675767567 -12.5677379658845716
-76.7376737673767337 -11.4157004630191850
-76.7176717671767108 4.4964754261022755
-76.6976697669767020 5.5149063612501248
-76.6776677667766791 14.8623835829616624
-76.6576657665766561 -11.4685109702975492
-76.6376637663766331 -12.5837396577165563
-76.6176617661766102 -12.7463817669553219
-76.5976597659766014 8.3137319315767151
-76.5776577657765785 15.1889868443207376
-76.5576557655765555 -15.7453239837580039
-76.5376537653765325 -35.2766254197513476
-76.5176517651765096 -15.1822032086711189
-76.4976497649765008 12.9921372960054633
-76.4776477647764779 -2.6848807547607336
-76.4576457645764549 -17.7279765571948502
-76.4376437643764319 -17.5912897310611456
-76.4176417641764090 -22.3493222842418184
-76.3976397639764002 4.2914783923358968
-76.3776377637763773 -6.3724230040521634
-76.3576357635763543 -34.3302925996118375
-76.3376337633763313 -18.9383322605034898
-76.3176317631763084 -21.9050778313241068
-76.2976297629762996 -8.0564530864240496
-76.2776277627762767 -19.0768811304414285
-76.2576257625762537 -28.3426851512141234
-76.2376237623762449 -1.6764200157730809
-76.2176217621762078 -8.8719175186305588
-76.1976197619761990 -3.3336975545165437
-76.1776177617761761 -36.1299219378249887
-76.1576157615761531 7.9494395888608569
-76.1376137613761443 -13.0746783304963667
-76.1176117611761214 -29.2897361341847926
-76.0976097609760984 -46.2723642045530141
-76.0776077607760755 -13.2656715539764267
-76.0576057605760525 -14.7210405279701675
-76.0376037603760437 -52.3912122385067889
-76.0176017601760208 -40.0525651961970581
-75.9975997599759978 -6.5148063034726116
-75.9775977597759749 -45.9410049423427580
-75.9575957595759519 -9.0669650216853892
-75.9375937593759431 -5.4456971755793040
-75.9175917591759202 12.2072513796022104
-75.8975897589758972 -5.6069045120571683
-75.8775877587758742 8.7545989531593555
-75.8575857585758513 -24.7503180658180000
-75.8375837583758425 10.2227749146955613
-75.8175817581758196 2.5456047302341016
-75.7975797579757966 7.1539640738155406
-75.7775777577757736 17.9823032032921191
-75.7575757575757507 -38.5061030879057711
-75.7375737573757419 18.2325814166170801
-75.7175717571757190 -0.7034010467809466
-75.6975697569756960 18.0618521035338091
-75.6775677567756730 -14.9682513100182888
-75.6575657565756501 -22.8710909812514132
-75.6375637563756413 -22.6736986036444321
-75.6175617561756184 -38.3653631170426408
-75.5975597559755954 2.0228888445356272
-75.5775577557755724 19.3578778610052389
-75.5575557555755495 -9.3052424254537591
-75.5375537553755407 -56.7996546575812857
-75.5175517551755178 -13.3748526466247029
-75.4975497549754948 -4.2975778638196038
-75.4775477547754718 13.6907287076472830
-75.4575457545754489 -1.6909262565610899
-75.4375437543754401 -11.0670669497602514
-75.4175417541754172 20.9105058509520383
-75.3975397539753942 -5.9188127028802668
-75.3775377537753712 -10.8895845287877684
-75.3575357535753483 -17.9711763882058904
-75.3375337533753395 5.2015946839200655
-75.3175317531753166 -24.6215988794905307
-75.2975297529752936 1.4223930317543427
-75.2775277527752849 15.6111659609100002
-75.2575257525752477 -11.2677905437110866
-75.2375237523752389 -20.0009459454059595
-75.2175217521752160 8.9022593701310520
-75.1975197519751930 -27.4002105742813633
-75.1775177517751843 -8.3206141322009728
-75.1575157515751613 -34.4888297387824352
-75.1375137513751383 -11.9272521746160223
-75.1175117511751154 -37.3763936424260805
-75.0975097509750924 7.3462542499117287
-75.0775077507750837 -6.2148210259457208
-75.0575057505750607 14.6702068291222449
-75.0375037503750377 4.8265798121905092
-75.0175017501750148 2.6309618319229386
-74.9974997499749918 -60.8363464532774287
-74.9774977497749830 -54.6099909859998860
-74.9574957495749601 -12.0968326683277780
-74.9374937493749371 21.5931001556984441
-74.9174917491749142 -18.4261351029945928
-74.8974897489748912 -29.7282636515924068
-74.8774877487748824 41.6869277010594743
-74.8574857485748595 -16.9315416918682828
-74.8374837483748365 -35.8574222103531497
-74.8174817481748136 8.4074104528673175
-74.7974797479747906 -28.8694003599324596
-74.7774777477747818 -41.8491574278882013
-74.7574757475747589 -27.4923966341372719
-74.7374737473747359 -39.3392927732436206
-74.7174717471747130 -16.5029943066447942
-74.6974697469746900 0.1729952122331131
-74.6774677467746812 -11.4595290542803152
-74.6574657465746583 18.3794629411945110
-74.6374637463746353 -15.2241285860085576
-74.6174617461746124 -47.2270450394026895
-74.5974597459745894 31.9522263663296151
-74.5774577457745806 8.0549640485819118
-74.5574557455745577 -18.5227912880506125
-74.5374537453745347 -30.4832100348920250
-74.5174517451745118 -8.8705484688349241
-74.4974497449744888 -63.4268004312161011
-74.4774477447744800 11.8718827166700347
-74.4574457445744571 13.7775513047127429
-74.4374437443744341 20.2197077227183541
-74.4174417441744112 8.9277904805742807
-74.3974397439743882 -48.9614873916393591
-74.3774377437743794 23.0182704481274669
-74.3574357435743565 -21.6653791659454740
-74.3374337433743335 17.8070061347912905
-74.3174317431743248 -2.5722731812102921
-74.2974297429742876 3.6056973228696840
-74.2774277427742788 -9.0016755481991524
-74.2574257425742559 21.2217953193148858
-74.2374237423742329 29.9756050653964294
-74.2174217421742242 1.3203235078363633
-74.1974197419742012 -38.7384454703070986
-74.1774177417741782 0.6040236023140650
-74.1574157415741553 -16.5180920234990296
-74.1374137413741323 -17.7893494467438273
-74.1174117411741236 16.5319631039844985
-74.0974097409741006 -9.8069904171986746
-74.0774077407740776 -0.8084505306382246
-74.0574057405740547 11.4167344892236855
-74.0374037403740317 -59.4578967440438078
-74.0174017401740230 -6.1614653423071140
-73.9973997399740000 -38.0002669611115635
-73.9773977397739770 15.8303603543141342
-73.9573957395739541 -16.0881664236644042
-73.9373937393739311 -0.6981466697326750
-73.9173917391739224 10.1759129596478211
-73.8973897389738994 -21.1093066094417736
-73.8773877387738764 -31.7391955356696513
-73.8573857385738535 7.8425698415661174
-73.8373837383738305 35.7309108335388004
-73.8173817381738218 -25.2733431051819792
-73.7973797379737988 -0.2026456692335339
-73.7773777377737758 -34.9686671216378784
-73.7573757375737529 10.8350925774943363
-73.7373737373737299 0.0616934663122795
-73.7173717371737212 38.7564959011132544
-73.6973697369736982 7.7748357232705310
-73.6773677367736752 -19.9042686186797191
-73.6573657365736523 -19.4819576234544201
-73.6373637363736293 -11.0507483275958140
-73.6173617361736206 -23.9349888838825819
-73.5973597359735976 11.2155297651373473
-73.5773577357735746 -12.0432147630563957
-73.5573557355735517 17.6189771644061750
-73.5373537353735287 -24.2200975560157730
-73.5173517351735200 34.1970556158421601
-73.4973497349734970 5.1394960971385455
-73.4773477347734740 -3.7863278550456254
-73.4573457345734511 19.0169470020952929
-73.4373437343734281 -32.8007199174968704
-73.4173417341734194 10.8860408119674439
-73.3973397339733964 -0.4949412461933438
-73.3773377337733734 16.8171768089563010
-73.3573357335733647 17.4614565786528537
-73.3373337333733275 -26.1520616299791975
-73.3173317331733188 -5.7179898981659134
-73.2973297329732958 -62.5808456954065591
-73.2773277327732728 14.4072333939921720
-73.2573257325732641 -27.5017313141081168
-73.2373237323732411 -23.5729269201919927
-73.2173217321732182 -0.7950843018207223
-73.1973197319731952 7.2551825524372022
-73.1773177317731722 -29.8962956227756251
-73.1573157315731635 -31.9503028417119133
-73.1373137313731405 6.8800561065894490
-73.1173117311731176 8.3258507014574903
-73.0973097309730946 -8.4829042077435570
-73.0773077307730716 19.3082141773713118
-73.0573057305730629 0.6041947233668870
-73.0373037303730399 6.5397164132373371
-73.0173017301730169 27.1918584322328343
-72.9972997299729940 5.6922248910977231
-72.9772977297729710 1.7648882254559775
-72.9572957295729623 -37.7718383810952432
-72.9372937293729393 -17.1043490709740524
-72.9172917291729163 -13.9652289430591914
-72.8972897289728934 -4.6207374639927998
-72.8772877287728704 -35.1492292586999184
-72.8572857285728617 -5.0367549765886377
-72.8372837283728387 -25.4326398024154514
-72.8172817281728157 -10.5746428582494083
-72.7972797279727928 -46.8425122168397081
-72.7772777277727698 -9.6285560017282101
-72.7572757275727611 -27.7081109946487700
-72.7372737273727381 29.7482587142705448
-72.7172717271727151 6.7023213480275334
-72.6972697269726922 -3.2311512884925486
-72.6772677267726692 -12.1927447890339238
-72.6572657265726605 -25.4828868237545798
-72.6372637263726375 27.0386270563602160
-72.6172617261726145 -14.0459091249382766
-72.5972597259725916 4.8265518372065239
-72.5772577257725686 31.1499167432270490
-72.5572557255725599 26.3882954662052072
-72.5372537253725369 -9.5104295567714985
-72.5172517251725139 -13.8623715502826208
-72.4972497249724910 3.2762982172135549
-72.4772477247724680 -8.8386729915199407
-72.4572457245724593 -7.1282517414057320
-72.4372437243724363 14.5965658680678771
-72.4172417241724133 -17.0472852017944128
-72.3972397239724046 6.4302968440311252
-72.3772377237723674 -29.7652750001082858
-72.3572357235723587 -18.2838154549265504
-72.3372337233723357 3.5434652463213991
-72.3172317231723127 -26.6803790087430883
-72.2972297229723040 -11.0835852512168103
-72.2772277227722810 24.4228485347268958
-72.2572257225722581 -4.7962679028530601
-72.2372237223722351 -7.4647523345221600
-72.2172217221722121 -46.1675421782556867
-72.1972197219722034 -12.5806346624564789
-72.1772177217721804 2.4166825185899898
-72.1572157215721575 14.7988707434119533
-72.1372137213721345 -1.5548429218670035
-72.1172117211721115 -2.4250895422001202
-72.0972097209721028 -8.4831861314109211
-72.0772077207720798 -7.9826702133440461
-72.0572057205720569 12.4166271826973045
-72.0372037203720339 21.1745335153228318
-72.0172017201720109 -12.2910984952522035
-71.9971997199720022 -1.0569278698417965
-71.9771977197719792 13.3815543722443717
-71.9571957195719563 -44.2101220932442942
-71.9371937193719333 -26.1894921822853242
-71.9171917191719103 -6.9711190495819846
-71.8971897189719016 -9.7537261532260793
-71.8771877187718786 0.2074593947601087
-71.8571857185718557 24.3910497211425721
-71.8371837183718327 11.8182252380091857
-71.8171817181718097 6.4149520019920701
-71.7971797179718010 -22.3871540862313765
-71.7771777177717780 17.1027949940671675
-71.7571757175717551 -16.1438577319485361
-71.7371737173717321 11.0809184085885235
-71.7171717171717091 18.0113197857785892
-71.6971697169717004 21.1959739412174528
-71.6771677167716774 -10.5409882328033007
-71.6571657165716545 -25.3663392537496328
-71.6371637163716315 10.9963967918173129
-71.6171617161716085 -0.5426640817486206
-71.5971597159715998 -6.8898879177763801
-71.5771577157715768 -18.9028998345491743
-71.5571557155715539 6.0061895737386468
-71.5371537153715309 20.3923695264978129
-71.5171517151715079 -4.3483887656028477
-71.4971497149714992 -2.2022987413451105
-71.4771477147714762 -9.4085078821520973
-71.4571457145714533 28.5850116863247052
-71.4371437143714445 -22.7918230756481570
-71.4171417141714073 0.8683976214243638
-71.3971397139713986 -0.9232751338166112
-71.3771377137713756 -39.6509137083174181
-71.3571357135713527 26.5592652183377815
-71.3371337133713439 -15.2328788177271868
-71.3171317131713209 -45.5114893173530746
-71.2971297129712980 -3.1066439917386717
-71.2771277127712750 -18.0415301866507960
-71.2571257125712521 8.4696970154096967
-71.2371237123712433 18.2587691437411728
-71.2171217121712203 9.1119845069023615
-71.1971197119711974 1.6306936529167657
-71.1771177117711744 8.0605618210723566
-71.1571157115711515 6.2296053729080043
-71.1371137113711427 35.1536551789659413
-71.1171117111711197 -29.2236385252262352
-71.0971097109710968 -5.5254368507132785
-71.0771077107710738 -26.5533358358324989
-71.0571057105710508 1.8631524083567257
-71.0371037103710421 8.2738095300669556
-71.0171017101710191 0.0298355753629453
-70.9970997099709962 31.0210437176465526
-70.9770977097709732 7.9044755078988249
-70.9570957095709502 15.2612317095616774
-70.9370937093709415 12.3359204102836824
-70.9170917091709185 27.3599135416940307
-70.8970897089708956 -3.9859685277925103
-70.8770877087708726 11.7679782256175240
-70.8570857085708496 33.8285744126896901
-70.8370837083708409 -0.2770668320339364
-70.8170817081708179 -18.0194923241400993
-70.7970797079707950 21.4253993910585052
-70.7770777077707720 -10.8450011555371066
-70.7570757075707490 12.2039757933626269
-70.7370737073707403 -1.4074178129208708
-70.7170717071707173 15.6212183443306554
-70.6970697069706944 -18.1472160537243390
-70.6770677067706714 -13.6688211957510948
-70.6570657065706484 4.0410395650718760
-70.6370637063706397 -18.4001194919122995
-70.6170617061706167 15.5714647075194819
-70.5970597059705938 -11.3956894641818138
-70.5770577057705708 -1.9087241900819480
-70.5570557055705478 18.6797969115119074
-70.5370537053705391 -17.2018694520983466
-70.5170517051705161 16.3995228923401335
-70.4970497049704932 -0.2766944738975881
-70.4770477047704844 -48.5713194033710352
-70.4570457045704472 -4.7082336879213837
-70.4370437043704385 -24.8331341767050162
-70.4170417041704155 23.2377007567698399
-70.3970397039703926 -1.9868700616622119
-70.3770377037703838 -17.9740704712302772
-70.3570357035703609 -29.4381799729098148
-70.3370337033703379 -27.2603778728641544
-70.3170317031703149 23.8179890410205957
-70.2970297029702920 15.3049482638145093
-70.2770277027702832 31.9615193699504267
-70.2570257025702603 20.4154683238013881
-70.2370237023702373 -11.8257135706472152
-70.2170217021702143 21.4226228388429085
-70.1970197019701914 28.0615324459463729
-70.1770177017701826 15.7292388948916528
-70.1570157015701596 23.6043631211166129
-70.1370137013701367 -4.9308028443687961
-70.1170117011701137 -18.6405679710452148
-70.0970097009700908 21.7096498484364133
-70.0770077007700820 2.5434663500565975
-70.0570057005700590 4.0536011669434737
-70.0370037003700361 37.6067468835619962
-70.0170017001700131 11.8821968908106221
-69.9969996999699902 1.1475694775689882
-69.9769976997699814 3.9949436073936164
-69.9569956995699584 -13.5838997407261566
-69.9369936993699355 -30.3757135735406152
-69.9169916991699125 -5.2867237826223317
-69.8969896989698896 -15.1520912585120548
-69.8769876987698808 2.9532531107509472
-69.8569856985698578 -38.8482809694042643
-69.8369836983698349 15.2405797820719862
-69.8169816981698119 -6.2310916273480732
-69.7969796979697890 -20.1244834086440392
-69.7769776977697802 -18.3124849894688921
-69.7569756975697572 35.3508403874338839
-69.7369736973697343 3.5887016267155536
-69.7169716971697113 -2.0447640275077665
-69.6969696969696884 14.9692659802453552
-69.6769676967696796 20.3298523688852200
-69.6569656965696566 13.7636370016950682
-69.6369636963696337 23.3428893869889968
-69.6169616961696107 44.4985913790741066
-69.5969596959695878 -36.9129966288664519
-69.5769576957695790 -19.2270743720351085
-69.5569556955695560 42.8751168775610907
-69.5369536953695331 15.1015215092218842
-69.5169516951695243 -7.5475602430054956
-69.4969496949694872 5.9619985714628090
-69.4769476947694784 -2.6370047765344138
-69.4569456945694554 -6.0394563405978863
-69.4369436943694325 -3.8883852155504361
-69.4169416941694237 6.3259732403567028
-69.3969396939694008 7.3257546461020242
-69.3769376937693778 16.1626608119569042
-69.3569356935693548 17.4011870385050003
-69.3369336933693319 4.6551995178890184
-69.3169316931693231 -20.9937866929094703
-69.2969296929693002 -29.8871693993776226
-69.2769276927692772 1.5494666185932982
-69.2569256925692542 18.9640353628396454
-69.2369236923692313 -28.3662337665898328
-69.2169216921692225 -2.3537221005015665
-69.1969196919691996 19.0832793593296763
-69.1769176917691766 -20.9753743203461873
-69.1569156915691536 14.5964955634889133
-69.1369136913691307 -35.0230944577025625
-69.1169116911691219 4.6735085705729844
-69.0969096909690990 10.8050388583855312
-69.0769076907690760 -1.6551681955518047
-69.0569056905690530 23.3860354748517061
-69.0369036903690301 -28.2882565912716792
-69.0169016901690213 4.7291985989909113
-68.9968996899689984 2.9044672513518481
-68.9768976897689754 -15.0809262281811201
-68.9568956895689524 -16.4592027729936703
-68.9368936893689295 16.8547021043336862
-68.9168916891689207 -11.3808231521213639
-68.8968896889688978 14.4289977650099601
-68.8768876887688748 -7.6913873699935751
-68.8568856885688518 25.8425141702600207
-68.8368836883688289 12.6590056321800510
-68.8168816881688201 -0.9040356514309988
-68.7968796879687972 0.8097452339973246
-68.7768776877687742 -1.9767450334918992
-68.7568756875687512 5.0959984775670870
-68.7368736873687283 -8.6152570963953856
-68.7168716871687195 -25.3907752175207122
-68.6968696869686966 5.2965326498796825
-68.6768676867686736 -15.5713454154883202
-68.6568656865686506 20.4269942225454422
-68.6368636863686277 8.4256424341353835
-68.6168616861686189 -3.6072838747608564
-68.5968596859685960 -27.5686151501685544
-68.5768576857685730 4.8453825558211108
-68.5568556855685500 -6.6794713238620158
-68.5368536853685271 14.3083379816788359
-68.5168516851685183 8.3960724356862553
-68.4968496849684954 -7.7989200816531881
-68.4768476847684724 -14.4975989920924615
-68.4568456845684636 13.5662393965717829
-68.4368436843684265 49.5114115498334115
-68.4168416841684177 -15.6389490885457771
-68.3968396839683948 -1.0719719936618888
-68.3768376837683718 -12.3941595166304399
-68.3568356835683630 26.9442028655129135
-68.3368336833683401 -7.3412253406189585
-68.3168316831683171 24.6350155282706780
-68.2968296829682942 -1.3499025815839789
-68.2768276827682712 11.9154056255499636
-68.2568256825682624 0.2630111324512576
-68.2368236823682395 7.7088968980296642
-68.2168216821682165 -27.9900266872624179
-68.1968196819681935 11.1264291065046272
-68.1768176817681706 -13.0121944211869298
-68.1568156815681618 38.9877386557222962
-68.1368136813681389 3.1869203102874959
-68.1168116811681159 19.1751240232781122
-68.0968096809680929 30.1858979247910710
-68.0768076807680700 -20.6016661668035788
-68.0568056805680612 -8.1320663801439963
-68.0368036803680383 -22.6028259410111012
-68.0168016801680153 -17.2258875720893201
-67.9967996799679923 10.9035746426423845
-67.9767976797679694 0.0013834756386228
-67.9567956795679606 -16.9486093511333884
-67.9367936793679377 41.8300132964111242
-67.9167916791679147 20.7350212598337471
-67.8967896789678917 -18.4390758814942437
-67.8767876787678688 41.0994499165502631
-67.8567856785678600 4.7909513914755655
-67.8367836783678371 -35.0824995340868639
-67.8167816781678141 20.9702688887252719
-67.7967796779678054 11.7449253765314126
-67.7767776777677682 -1.1991679252059013
-67.7567756775677594 9.2807740031219588
-67.7367736773677365 23.3723652423641326
-67.7167716771677135 1.3191635533721602
-67.6967696769677048 -43.0916514542859161
-67.6767676767676676 40.2271322934597393
-67.6567656765676588 6.4657257302678897
-67.6367636763676359 19.1990252566293975
-67.6167616761676129 28.8372915291728589
-67.5967596759676042 2.8884080599709474
-67.5767576757675670 -12.6673586974974803
-67.5567556755675582 -0.3502835563540714
-67.5367536753675353 37.0732585072598511
-67.5167516751675123 -14.1426544155622871
-67.4967496749675036 -2.7023166884076604
-67.4767476747674664 52.9178149971713694
-67.4567456745674576 -5.3013690988857372
-67.4367436743674347 12.5384356852205432
-67.4167416741674117 5.0574095021936012
-67.3967396739674030 2.4985009375295539
-67.3767376737673658 -11.7072548969314685
-67.3567356735673570 10.8959552198036604
-67.3367336733673341 14.0473369735209985
-67.3167316731673111 5.5548861950303259
-67.2967296729673023 41.4853593166688981
-67.2767276727672652 8.1109407870828711
-67.2567256725672564 -7.0126086330453825
-67.2367236723672335 -11.3336590026245254
-67.2167216721672105 -13.5132447239014812
-67.1967196719672017 -15.0955918353302252
-67.1767176717671646 9.7777836299610925
-67.1567156715671558 19.7653826106343757
-67.1367136713671329 -13.2677318610657586
-67.1167116711671099 32.7583295852299443
-67.0967096709671011 4.6789126483680485
-67.0767076707670782 -16.1666698400733964
-67.0567056705670552 -8.0395273173910482
-67.0367036703670323 -39.1603243672048649
-67.0167016701670093 8.6704203809867408
-66.9966996699670005 -3.5822705502310512
-66.9766976697669776 -19.6430076813533994
-66.9566956695669546 9.9859972321664223
-66.9366936693669317 6.0490043599385031
-66.9166916691669087 25.5511562144234077
-66.8966896689668999 -17.6808312610864604
-66.8766876687668770 42.1069352014790894
-66.8566856685668540 -2.8571345109358948
-66.8366836683668453 16.4325239557080849
-66.8166816681668081 -4.5380491268915462
-66.7966796679667993 -2.7179265115756035
-66.7766776677667764 -21.7714220926539639
-66.7566756675667534 11.0845369165235574
-66.7366736673667447 52.1299429713516886
-66.7166716671667075 2.5506163667600741
-66.6966696669666987 -2.3705823624706523
-66.6766676667666758 16.4062670841722635
-66.6566656665666528 1.5596042126377361
-66.6366636663666441 -3.4270842555694321
-66.6166616661666069 20.8416265879202030
-66.5966596659665981 33.0211873685728392
-66.5766576657665752 -9.3127277644704094
-66.5566556655665522 -10.3433800639378735
-66.5366536653665435 20.9456445853230093
-66.5166516651665063 -21.9180710695456042
-66.4966496649664975 3.2448049953888933
-66.4766476647664746 -15.4678325051463084
-66.4566456645664516 13.7556926649347879
-66.4366436643664429 -2.6779894443255516
-66.4166416641664057 -12.5123140172281975
-66.3966396639663969 -2.5332198247573601
-66.3766376637663740 37.4094508909220096
-66.3566356635663510 50.4123270349957906
-66.3366336633663423 8.1906545035916416
-66.3166316631663051 -17.4605125525394875
-66.2966296629662963 34.8654535834771409
-66.2766276627662734 -2.0477277381214849
-66.2566256625662504 -13.1778787108718483
-66.2366236623662417 13.1656826345809854
-66.2166216621662045 22.6044827370578929
-66.1966196619661957 21.7998491266200105
-66.1766176617661728 -3.9924171351036772
-66.1566156615661498 18.5840893048581783
-66.1366136613661411 0.8489080147915402
-66.1166116611661181 -6.2628088500637320
-66.0966096609660951 2.7975530331829042
-66.0766076607660722 28.6591736661963985
-66.0566056605660492 -4.2657993609382103
-66.0366036603660405 3.3459161020491681
-66.0166016601660175 -31.4108932003657131
-65.9965996599659945 10.1620337372300824
-65.9765976597659716 -6.9025204324139153
-65.9565956595659486 11.2298419998908940
-65.9365936593659399 25.2272654449271343
-65.9165916591659169 29.7082850950281454
-65.8965896589658939 7.0450027554012333
-65.8765876587658852 -37.3803411326320898
-65.8565856585658480 14.2271387605026760
-65.8365836583658393 -0.6026977729005933
-65.8165816581658163 23.1275928951481298
-65.7965796579657933 5.0844959721817435
-65.7765776577657846 52.7769242769100160
-65.7565756575657474 -14.5533330376449577
-65.7365736573657387 -35.1534623009831932
-65.7165716571657157 -21.2008859812623811
-65.6965696569656927 13.6163693518397011
-65.6765676567656840 10.2043136822472338
-65.6565656565656468 -15.2930435763572774
-65.6365636563656381 -7.1035737169279471
-65.6165616561656151 24.8981429115708366
-65.5965596559655921 54.6617350744773773
-65.5765576557655834 16.0117848315228244
-65.5565556555655462 -0.3433357881038539
-65.5365536553655375 3.0799064447001050
-65.5165516551655145 19.9507872250909308
-65.4965496549654915 -35.4439149498705959
-65.4765476547654828 14.3943599957153960
-65.4565456545654456 11.2303034355432700
-65.4365436543654369 5.4752611041005128
-65.4165416541654139 12.7487281709792235
-65.3965396539653909 25.7197570720450166
-65.3765376537653822 -0.3655828355388397
-65.3565356535653450 -36.0463695198321261
-65.3365336533653362 0.6511710562845563
-65.3165316531653133 9.0615989537183186
-65.2965296529652903 8.9299412990646445
-65.2765276527652816 31.6220601915949970
-65.2565256525652444 44.5155983915573117
-65.2365236523652356 -0.7585565679157700
-65.2165216521652127 25.0500724449124306
-65.1965196519651897 -0.0194791678815802
-65.1765176517651810 -2.0409441985146648
-65.1565156515651580 28.6156498482362771
-65.1365136513651350 -6.7477975968256372
-65.1165116511651121 15.3772753436262200
-65.0965096509650891 3.5197569766640160
-65.0765076507650804 -5.6651262588311422
-65.0565056505650574 -1.5125133032788565
-65.0365036503650344 15.9582015684152800
-65.0165016501650115 11.1760134027785547
-64.9964996499649885 -18.8429720995118188
-64.9764976497649798 -39.8459673722668128
-64.9564956495649568 0.4132654459165499
-64.9364936493649338 6.2994226596084610
-64.9164916491649251 36.1519585456626658
-64.8964896489648879 -8.0855068084000425
-64.8764876487648792 3.2790771207292453
-64.8564856485648562 1.5583666828970832
-64.8364836483648332 36.0105773639261244
-64.8164816481648245 -0.5578019343918639
-64.7964796479647873 12.8987445932297771
-64.7764776477647786 -9.2570022191044572
-64.7564756475647556 1.5848746739247517
-64.7364736473647326 5.0083357801086237
-64.7164716471647239 16.7401809729701156
-64.6964696469646867 -4.9583342433559547
-64.6764676467646780 12.8120983289170844
-64.6564656465646550 26.9764628031760338
-64.6364636463646320 3.8908865192561031
-64.6164616461646233 5.7657753596598091
-64.5964596459645861 12.4516082206472500
-64.5764576457645774 16.5589511091315771
-64.5564556455645544 45.6031100195722061
-64.5364536453645314 46.0941133707417237
-64.5164516451645227 -8.4223694809022298
-64.4964496449644855 38.0503195836737689
-64.4764476447644768 26.4611484432061310
-64.4564456445644538 14.8606368370684994
-64.4364436443644308 5.8963163578864952
-64.4164416441644221 3.9462990296288294
-64.3964396439643849 5.2756253665732302
-64.3764376437643762 15.8248871987454862
-64.3564356435643532 5.2982599052477308
-64.3364336433643302 -23.9428672611321893
-64.3164316431643215 -32.0532700612710855
-64.2964296429642843 12.9027874489957579
-64.2764276427642756 21.3575309620523157
-64.2564256425642526 -12.2479958766457493
-64.2364236423642296 45.2827800312581132
-64.2164216421642209 -12.1032122556214254
-64.1964196419641979 0.7666860187081204
-64.1764176417641750 -19.7427793910022231
-64.1564156415641520 34.9627501391654363
-64.1364136413641290 14.0147899180803215
-64.1164116411641203 28.5420583856613632
-64.0964096409640973 47.1103297575142790
-64.0764076407640744 4.3019956031794901
-64.0564056405640514 -10.6220081240808302
-64.0364036403640284 -26.9612020737009885
-64.0164016401640197 33.2075540957893480
-63.9963996399639967 -7.9877120952980656
-63.9763976397639738 38.5745698474970311
-63.9563956395639579 25.9400332058195282
-63.9363936393639349 13.4250993297378223
-63.9163916391639120 2.2965369630460089
-63.8963896389638961 -13.5642739093167375
-63.8763876387638732 3.3925943176468016
-63.8563856385638573 -44.9244937424613155
-63.8363836383638343 -22.2298100019069729
-63.8163816381638114 5.1308586992746985
-63.7963796379637955 -17.6496048564564880
-63.7763776377637726 25.2980965992639888
-63.7563756375637567 16.1765992183665333
-63.7363736373637337 -3.9239240530312509
-63.7163716371637179 7.2348020227642884
-63.6963696369636949 8.7704040986736551
-63.6763676367636720 7.3550617820680575
-63.6563656365636561 33.3084248322656507
-63.6363636363636331 4.2548242644894891
-63.6163616361636173 19.3157940074312151
-63.5963596359635943 -16.7103013474218827
-63.5763576357635714 33.7739478623987566
-63.5563556355635555 37.5794225485052067
-63.5363536353635325 -9.0818041013390083
-63.5163516351635167 10.9662701169763572
-63.4963496349634937 19.5518007465089951
-63.4763476347634779 -36.2389177773110376
-63.4563456345634549 -3.7291243221989081
-63.4363436343634319 40.3729628118898134
-63.4163416341634161 10.5680420400056594
-63.3963396339633931 -0.3289349341091752
-63.3763376337633773 4.4784266738417857
-63.3563356335633543 16.9656245036008819
-63.3363336333633313 22.4066897614544445
-63.3163316331633155 27.0902102634035487
-63.2963296329632925 32.2318914715155387
-63.2763276327632767 28.6797408826686251
-63.2563256325632537 -6.2510908421142108
-63.2363236323632378 -1.2967759120024605
-63.2163216321632149 -12.3205391698789821
-63.1963196319631919 -11.6849965423218123
-63.1763176317631761 -10.1950683163580500
-63.1563156315631531 -25.4560002852494520
-63.1363136313631372 -4.6992714369896644
-63.1163116311631143 -21.4625833722114479
-63.0963096309630913 -0.4754924281353547
-63.0763076307630755 -6.2813207130112572
-63.0563056305630525 -23.8571319642023454
-63.0363036303630366 46.9528408633892553
-63.0163016301630137 32.6016692950228091
-62.9962996299629978 -23.5891466861497179
-62.9762976297629749 -12.6776298128737572
-62.9562956295629519 -7.1454217418414263
-62.9362936293629360 -5.8256572542732794
-62.9162916291629131 7.5221318411747040
-62.8962896289628972 -17.9230410676421492
-62.8762876287628742 -10.2973411111109954
-62.8562856285628513 -7.2767775126495504
-62.8362836283628354 11.0470932568011868
-62.8162816281628125 14.5164401415304205
-62.7962796279627966 23.2461345114365585
-62.7762776277627736 -42.3289983532317251
-62.7562756275627578 -40.2462345209632133
-62.7362736273627348 5.9073348118506361
-62.7162716271627119 -15.0797277745758187
-62.6962696269626960 26.7995360604740362
-62.6762676267626730 11.8879671215307301
-62.6562656265626572 -10.3798346406319961
-62.6362636263626342 -14.9752633167949458
-62.6162616261626113 1.0156314375127247
-62.5962596259625954 5.6722137837957955
-62.5762576257625724 11.3116266065958566
-62.5562556255625566 4.5257522032496578
-62.5362536253625336 -16.8937634485125834
-62.5162516251625178 0.1232720461550336
-62.4962496249624948 24.3202011473385866
-62.4762476247624718 3.2650297214694644
-62.4562456245624560 -4.4154604860975564
-62.4362436243624330 5.4802805626993036
-62.4162416241624172 -3.5026356022048768
-62.3962396239623942 -3.3045356563195085
-62.3762376237623712 33.1035106771925385
-62.3562356235623554 -40.5382493648820201
-62.3362336233623324 9.7154332438109776
-62.3162316231623166 6.8956438842539844
-62.2962296229622936 -23.3738603746017404
-62.2762276227622777 -3.3514695624439517
-62.2562256225622548 -24.9421428696408647
-62.2362236223622318 -4.2080343222928756
-62.2162216221622160 14.1255168023932587
-62.1962196219621930 2.6456145582975048
-62.1762176217621771 21.9532863223073278
-62.1562156215621542 -19.8060161013124834
-62.1362136213621312 -12.1258272460215046
-62.1162116211621154 10.1274963711095989
-62.0962096209620924 12.2727274212635109
-62.0762076207620765 41.0481696732729517
-62.0562056205620536 1.2307277576522049
-62.0362036203620377 -10.0724196016524310
-62.0162016201620148 16.5050906386752629
-61.9961996199619918 -0.5099171821842843
-61.9761976197619759 12.6011829700562767
-61.9561956195619530 -2.4050150716556322
-61.9361936193619371 11.7636542014323275
-61.9161916191619142 -0.9852980432936222
-61.8961896189618912 5.7750109494144937
-61.8761876187618753 -5.5766107052920146
-61.8561856185618524 -13.6570950888689477
-61.8361836183618365 24.8043768951249604
-61.8161816181618136 -16.7424724302723504
-61.7961796179617977 27.4451035246086761
-61.7761776177617747 5.7969793208556597
-61.7561756175617518 4.2823580669195067
-61.7361736173617359 -26.8578665955017080
-61.7161716171617130 -12.0124137323894864
-61.6961696169616971 26.2532859052089407
-61.6761676167616741 -18.1793264864943787
-61.6561656165616512 47.8494169393842270
-61.6361636163616353 15.7214455977484384
-61.6161616161616124 21.2138046248027798
-61.5961596159615965 -25.6825960469310672
-61.5761576157615735 14.0287354457093354
-61.5561556155615577 15.5001749932330526
-61.5361536153615347 -26.0550364837421498
-61.5161516151615118 -2.9020618531821691
-61.4961496149614959 13.9316854897394276
-61.4761476147614729 15.5151660168014978
-61.4561456145614571 -61.5112747245873663
-61.4361436143614341 22.5362124030433790
-61.4161416141614112 -7.0095529097546381
-61.3961396139613953 8.5705787754462648
-61.3761376137613723 16.5502879967625383
-61.3561356135613565 3.6415069647340510
-61.3361336133613335 -25.8743275343459338
-61.3161316131613177 -7.9916662439202906
-61.2961296129612947 37.8621832646020664
-61.2761276127612717 5.4812208066156334
-61.2561256125612559 11.1362658477571213
-61.2361236123612329 6.3972199580266267
-61.2161216121612171 10.0622230868294995
-61.1961196119611941 7.7705182290114490
-61.1761176117611711 -18.3616003420228644
-61.1561156115611553 8.8703637869695875
-61.1361136113611323 -12.1981301023231783
-61.1161116111611165 5.2376600395051183
-61.0961096109610935 8.2792683715434450
-61.0761076107610776 16.4516310554131131
-61.0561056105610547 -3.4239391779287072
-61.0361036103610317 -12.4955727984604206
-61.0161016101610159 -43.0113938572280787
-60.9960996099609929 -0.4558481785717845
-60.9760976097609770 -20.5998380763694229
-60.9560956095609541 17.5108540753719737
-60.9360936093609311 26.2879832336859387
-60.9160916091609153 5.7363556521086778
-60.8960896089608923 4.5709710562742858
-60.8760876087608764 -8.6055947236294728
-60.8560856085608535 -8.7311665531467497
-60.8360836083608376 9.9313391299367169
-60.8160816081608147 -32.9447704433974096
-60.7960796079607917 7.4339660584434020
-60.7760776077607758 2.8530136128452335
-60.7560756075607529 7.1138295053471214
-60.7360736073607370 -36.6968119341963401
-60.7160716071607141 -13.1327814430374907
-60.6960696069606911 16.7864639667832591
-60.6760676067606752 18.6716025203901701
-60.6560656065606523 -16.2522886223622365
-60.6360636063606364 -17.5901488023486614
-60.6160616061606135 10.4847764850371021
-60.5960596059605976 14.0468730787897762
-60.5760576057605746 21.5926858047620769
-60.5560556055605517 33.5490556085186000
-60.5360536053605358 -29.1978107994393028
-60.5160516051605128 -1.9073429733078440
-60.4960496049604970 -0.3645826371637311
-60.4760476047604740 29.9353297882055820
-60.4560456045604511 -4.5226605586288118
-60.4360436043604352 1.9066098873514075
-60.4160416041604122 -4.2380866042564351
-60.3960396039603964 -5.3868550998412017
-60.3760376037603734 -23.8058486407922132
-60.3560356035603576 6.5304202021103022
-60.3360336033603346 46.1948269944468066
-60.3160316031603116 -27.6073984694745889
-60.2960296029602958 -5.1668410074931987
-60.2760276027602728 18.6816819427798180
-60.2560256025602570 -9.3542330033010508
-60.2360236023602340 -1.1415824579824454
-60.2160216021602110 -2.4078685238347655
-60.1960196019601952 -8.4937789767260199
-60.1760176017601722 18.5804072963232549
-60.1560156015601564 1.9189891789979225
-60.1360136013601334 -38.7941590078471705
-60.1160116011601176 17.2290068773616802
-60.0960096009600946 -3.1295130153207955
-60.0760076007600716 -26.7243547506911732
-60.0560056005600558 11.5467571256441275
-60.0360036003600328 30.7607372532396752
-60.0160016001600169 0.6738262424388486
-59.9959995999599940 -17.7803100345340255
-59.9759975997599710 -10.7196687258783427
-59.9559955995599552 21.8464801502682029
-59.9359935993599322 2.7552237542065847
-59.9159915991599163 -2.7148947523730600
-59.8959895989598934 20.4818849349920669
-59.8759875987598775 19.3149620875107857
-59.8559855985598546 2.6784184169653389
-59.8359835983598316 27.0617626288097988
-59.8159815981598157 11.6488938807017135
-59.7959795979597928 -3.4319707732084872
-59.7759775977597769 -3.2949236752359345
-59.7559755975597540 14.0469495471208035
-59.7359735973597310 5.4563176909330080
-59.7159715971597151 9.5982897373005720
-59.6959695969596922 11.3852822155731488
-59.6759675967596763 -13.0162542123071212
-59.6559655965596534 -1.7010546677493572
-59.6359635963596375 -13.8370853768363276
-59.6159615961596145 -13.2064349412579816
-59.5959595959595916 -4.3886505449557998
-59.5759575957595757 -11.5778278278950779
-59.5559555955595528 38.8182640077155980
-59.5359535953595369 -16.9502441609615992
-59.5159515951595139 -9.4083689221614044
-59.4959495949594910 33.9782551155181736
-59.4759475947594751 -3.2336747250337696
-59.4559455945594522 -25.7227483184282413
-59.4359435943594363 8.1024572943130728
-59.4159415941594133 -3.9425282087314901
-59.3959395939593975 7.0963322928327575
-59.3759375937593745 6.9397655437745911
-59.3559355935593516 -30.8811144347790041
-59.3359335933593357 28.1618912116326285
-59.3159315931593127 0.4184400487853357
-59.2959295929592969 42.7375503013064062
-59.2759275927592739 0.2237397744907668
-59.2559255925592510 -4.9819253208229206
-59.2359235923592351 37.7288585802502041
-59.2159215921592121 -27.0312809818869582
-59.1959195919591963 11.4897669214488047
-59.1759175917591733 17.0252941696169131
-59.1559155915591575 10.3186433477797976
-59.1359135913591345 8.7276014280698568
-59.1159115911591115 -0.3767025122907297
-59.0959095909590957 13.6802033356406589
-59.0759075907590727 2.7401119148095532
-59.0559055905590569 13.3795804498457134
-59.0359035903590339 19.3902291215061950
-59.0159015901590109 -6.6260196300030163
-58.9958995899589951 -25.8119454565698767
-58.9758975897589721 4.6430890669020011
-58.9558955895589563 28.9979691120435206
-58.9358935893589333 -5.0174407537062198
-58.9158915891589103 -23.6101230653609200
-58.8958895889588945 9.2060300548832039
-58.8758875887588715 -7.2566514722287323
-58.8558855885588557 -30.1574958602156826
-58.8358835883588327 -2.1072137175996746
-58.8158815881588168 -17.1970148864007299
-58.7958795879587939 -2.3847730748004583
-58.7758775877587709 10.7230161939533630
-58.7558755875587551 9.7345463755911652
-58.7358735873587321 17.7088552680936786
-58.7158715871587162 -52.2924318449931746
-58.6958695869586933 30.0449127995078342
-58.6758675867586703 -0.8248713744301326
-58.6558655865586545 4.5121597300147611
-58.6358635863586315 20.0217507890565898
-58.6158615861586156 28.4663803973410836
-58.5958595859585927 -3.2693586325685859
-58.5758575857585768 -33.8575306619992276
-58.5558555855585539 -19.1856191107857050
-58.5358535853585309 12.1586209099646538
-58.5158515851585150 23.4410479350951917
-58.4958495849584921 44.0615936003692781
-58.4758475847584762 35.7253391011349137
-58.4558455845584533 -17.2268353675619856
-58.4358435843584303 -22.0885062306941826
-58.4158415841584144 -0.2266684015103846
-58.3958395839583915 15.2511817816067250
-58.3758375837583756 -1.3409310105731733
-58.3558355835583527 -14.9540060438955926
-58.3358335833583368 -27.8308394957745087
-58.3158315831583138 -4.8788135048346657
-58.2958295829582909 -32.3625489403649667
-58.2758275827582750 -0.9759516277115710
-58.2558255825582521 3.2822666279436152
-58.2358235823582362 -18.8257541518162128
-58.2158215821582132 12.0533750697467248
-58.1958195819581903 16.3730941314174103
-58.1758175817581744 9.2317312159198419
-58.1558155815581515 1.3532426256814496
-58.1358135813581356 25.9943577306478417
-58.1158115811581126 6.6472584240555221
-58.0958095809580968 -20.4271622539555935
-58.0758075807580738 3.3148853123992610
-58.0558055805580508 20.9908498424844900
-58.0358035803580350 8.3910606155292804
-58.0158015801580120 -34.4134357237478810
-57.9957995799579962 -8.3285724332812379
-57.9757975797579732 -12.6853512678257836
-57.9557955795579502 23.4429523718438588
-57.9357935793579344 26.7308028058062774
-57.9157915791579114 -14.4788233668847557
-57.8957895789578956 16.7810386263605160
-57.8757875787578726 -25.1681944785979255
-57.8557855785578568 -8.0711629046124678
-57.8357835783578338 27.0209995307491617
-57.8157815781578108 1.1747874734616695
-57.7957795779577950 34.4619146249386077
-57.7757775777577720 -14.5584680105571760
-57.7557755775577562 -34.2869130549876573
-57.7357735773577332 -8.0981801153959090
-57.7157715771577102 -13.8804944088837239
-57.6957695769576944 18.3701413958669733
-57.6757675767576714 -28.8868355120737341
-57.6557655765576555 -27.0940044553760906
-57.6357635763576326 12.7226667704674199
-57.6157615761576167 -5.8404455280363363
-57.5957595759575938 35.1486152572861386
-57.5757575757575708 20.7487374728103191
-57.5557555755575549 3.7697881726144793
-57.5357535753575320 -27.9004273878094153
-57.5157515751575161 39.1447359068868082
-57.4957495749574932 -5.3827477393057137
-57.4757475747574702 -28.2785883231263888
-57.4557455745574543 15.9600016127337554
-57.4357435743574314 -22.6016793037262360
-57.4157415741574155 7.0200012811021955
-57.3957395739573926 29.1809775791617874
-57.3757375737573767 40.9150345060366902
-57.3557355735573537 -27.4844976750423591
-57.3357335733573308 -5.8478621939327811
-57.3157315731573149 -17.6024227859108322
-57.2957295729572920 15.7058405849792582
-57.2757275727572761 6.3261524366542012
-57.2557255725572531 20.4606004702377042
-57.2357235723572302 -9.4992018455654499
-57.2157215721572143 1.5585470911581538
-57.1957195719571914 7.4500193085737090
-57.1757175717571755 -21.9406498023633141
-57.1557155715571525 29.5517543021506484
-57.1357135713571367 5.9309152735653541
-57.1157115711571137 -24.1593499789533865
-57.0957095709570908 6.4261050247104432
-57.0757075707570749 12.1966375937997693
-57.0557055705570519 -14.2140791504017781
-57.0357035703570361 34.7098466295939119
-57.0157015701570131 -25.8626639861181324
-56.9956995699569902 12.0770167499061500
-56.9756975697569743 -9.8081776618934331
-56.9556955695569513 46.4479439963678971
-56.9356935693569355 4.4011203056189698
-56.9156915691569125 2.3077121747686125
-56.8956895689568967 -31.3879805986616169
-56.8756875687568737 9.4684561306272332
-56.8556855685568507 -9.6183919458416121
-56.8356835683568349 -14.7042898512625211
-56.8156815681568119 12.6407234193636722
-56.7956795679567961 18.8528639914274940
-56.7756775677567731 6.1627217559669845
-56.7556755675567501 12.4298198432090068
-56.7356735673567343 4.3572050491671632
-56.7156715671567113 8.5300154145145068
-56.6956695669566955 29.6833186322673406
-56.6756675667566725 8.9729610134572741
-56.6556655665566566 26.0699214623764455
-56.6356635663566337 10.9342157569180394
-56.6156615661566107 13.0757469143567242
-56.5956595659565949 4.0763253917953115
-56.5756575657565719 23.3866344462706159
-56.5556555655565560 20.8652000115898772
-56.5356535653565331 -7.4628444765432285
-56.5156515651565101 -11.4536618772550920
-56.4956495649564943 21.6192209540155105
-56.4756475647564713 -3.9969892155988087
-56.4556455645564554 -29.3683164721020731
-56.4356435643564325 27.5868929373205063
-56.4156415641564166 10.4473036998674118
-56.3956395639563937 -17.6979966957880990
-56.3756375637563707 -4.8035221821294130
-56.3556355635563548 -7.5775339564017701
-56.3356335633563319 -11.5523761957045181
-56.3156315631563160 -13.1836645532801704
-56.2956295629562931 18.5582441210062150
-56.2756275627562701 -14.3032064279920821
-56.2556255625562542 -8.9193626738598137
-56.2356235623562313 -7.4979269545915699
-56.2156215621562154 -7.1657080844577434
-56.1956195619561925 -48.2358118862900298
-56.1756175617561766 -13.4517322852691326
-56.1556155615561536 -27.3334811968696982
-56.1356135613561307 30.1253856806915543
-56.1156115611561148 -26.0623462499519789
-56.0956095609560919 -7.3478913166790667
-56.0756075607560760 6.0611103470650578
-56.0556055605560530 -13.6351830591705436
-56.0356035603560301 21.1625512936606945
-56.0156015601560142 10.0125569783935298
-55.9955995599559913 27.6522621669719193
-55.9755975597559754 7.5099374272565047
-55.9555955595559524 7.8500717632386685
-55.9355935593559366 51.0814667428562572
-55.9155915591559136 23.5935798613184282
-55.8955895589558907 14.3369203997320263
-55.8755875587558748 37.1743579460543003
-55.8555855585558518 -7.6503058748212505
-55.8355835583558360 49.8920631693775647
-55.8155815581558130 -26.3516060621790871
-55.7955795579557901 -17.1989015970931796
-55.7755775577557742 7.0885258487295166
-55.7555755575557512 -4.0382921101678919
-55.7355735573557354 17.8635249358932455
-55.7155715571557124 13.0517642994798955
-55.6955695569556966 2.7095427617250767
-55.6755675567556736 -1.3185323804576405
-55.6555655565556506 14.2218228843144061
-55.6355635563556348 9.5240639919126213
-55.6155615561556118 30.6758909885067403
-55.5955595559555960 -12.1183679284369621
-55.5755575557555730 19.8886820763080898
-55.5555555555555500 6.0572061724070654
-55.5355535553555342 30.3792214442398070
-55.5155515551555112 -9.8445838743103895
-55.4955495549554954 11.3065206608543320
-55.4755475547554724 -7.5520817462431058
-55.4555455545554565 -29.2653465005278122
-55.4355435543554336 20.6156397189612512
-55.4155415541554106 19.8199506948998589
-55.3955395539553948 0.3048191653241714
-55.3755375537553718 -18.2543653889325626
-55.3555355535553559 -10.2006400187940187
-55.3355335533553330 -28.3487199643316323
-55.3155315531553100 30.4822955325232599
-55.2955295529552942 -9.9272712039727402
-55.2755275527552712 0.3154571590517121
-55.2555255525552553 -26.8245777414744140
-55.2355235523552324 -8.0944815189226524
-55.2155215521552165 -21.5867076080480302
-55.1955195519551935 7.1769560334227513
-55.1755175517551706 19.2353209259517328
-55.1555155515551547 28.7412752210999116
-55.1355135513551318 -5.2271646233201157
-55.1155115511551159 -20.5995048701922734
-55.0955095509550929 -19.4163403665971579
-55.0755075507550700 -9.9023915030299392
-55.0555055505550541 -6.7103903132843570
-55.0355035503550312 -3.8077563107784642
-55.0155015501550153 16.8749513542321310
-54.9954995499549923 5.1150749272776643
-54.9754975497549765 -9.7898913581091378
-54.9554955495549535 15.3321426113134169
-54.9354935493549306 -64.6854652320185295
-54.9154915491549147 -22.7185624051961810
-54.8954895489548917 -5.4000810228515324
-54.8754875487548759 -17.2054972124413510
-54.8554855485548529 -11.7100416931896270
-54.8354835483548300 -10.6577245434582721
-54.8154815481548141 21.8272597581154493
-54.7954795479547911 0.8151586265626163
-54.7754775477547753 26.4627508768211044
-54.7554755475547523 -15.2961414472313670
-54.7354735473547365 -30.2527079436311688
-54.7154715471547135 -11.7301492352294687
-54.6954695469546905 8.5582714185578013
-54.6754675467546747 -29.0173509467932114
-54.6554655465546517 -20.4405129504345560
-54.6354635463546359 10.6388265967504996
-54.6154615461546129 -36.7846107857010765
-54.5954595459545899 -21.6941936926162455
-54.5754575457545741 9.2745458259207663
-54.5554555455545511 -39.1495985146367573
-54.5354535453545353 22.5705907470285716
-54.5154515451545123 17.3274195799627577
-54.4954495449544964 -11.2364378038387471
-54.4754475447544735 -22.0882180699532178
-54.4554455445544505 -51.7815034616409307
-54.4354435443544347 -46.1724671188991067
-54.4154415441544117 12.7595935414237474
-54.3954395439543958 -15.5910242848154645
-54.3754375437543729 -1.2118958630000294
-54.3554355435543499 -3.0245218255819779
-54.3354335433543341 0.6835277696539954
-54.3154315431543111 12.5233246081352938
-54.2954295429542952 15.0241394955536283
-54.2754275427542723 13.7235094972568632
-54.2554255425542564 10.2216356776313582
-54.2354235423542335 10.4387552714689598
-54.2154215421542105 21.3795494459604782
-54.1954195419541946 -8.8341558932275959
-54.1754175417541717 6.8148824066424645
-54.1554155415541558 -2.5593174279532866
-54.1354135413541329 -0.8438919621200811
-54.1154115411541099 14.0786951528491304
-54.0954095409540940 37.1481045418392810
-54.0754075407540711 35.5637402595828362
-54.0554055405540552 -14.2411448114207939
-54.0354035403540323 21.9719582634687960
-54.0154015401540164 -20.8592308043597434
-53.9953995399539934 -31.7353043213403936
-53.9753975397539705 22.0389204277070299
-53.9553955395539546 7.1672802271810170
-53.9353935393539317 -15.4059334088419835
-53.9153915391539158 13.1049896857452239
-53.8953895389538928 7.5815324925107941
-53.8753875387538699 -23.9163742252924187
-53.8553855385538540 -21.3523386867567346
-53.8353835383538311 0.6934775184015658
-53.8153815381538152 -28.3709399758235037
-53.7953795379537922 4.6214352419464717
-53.7753775377537764 -4.1238669936774777
-53.7553755375537534 22.5045653789846334
-53.7353735373537305 -11.5619099451255405
-53.7153715371537146 -26.4098010260573801
-53.6953695369536916 -25.8771657856977733
-53.6753675367536758 -6.4853336280642537
-53.6553655365536528 -16.1071772693536310
-53.6353635363536299 -27.8827279442919256
-53.6153615361536140 -28.9644678820754748
-53.5953595359535910 18.4091842349285990
-53.5753575357535752 -13.7322180302306478
-53.5553555355535522 0.6297033594990333
-53.5353535353535364 -16.1407855646279046
-53.5153515351535134 5.2633482893428951
-53.4953495349534904 2.3373571204664421
-53.4753475347534746 4.8941400042390359
-53.4553455345534516 -10.1825649886904284
-53.4353435343534358 6.7424965504300785
-53.4153415341534128 -22.2293648253500429
-53.3953395339533898 14.4268642965960900
-53.3753375337533740 -20.0137658074914953
-53.3553355335533510 -15.9118531520619761
-53.3353335333533352 -35.0693979058647045
-53.3153315331533122 1.7767375735055628
-53.2953295329532963 -14.9012932390775568
-53.2753275327532734 -32.7839893050068056
-53.2553255325532504 -28.3835588800436298
-53.2353235323532346 19.1115660276801904
-53.2153215321532116 -35.8490816452091394
-53.1953195319531957 23.5110007513479502
-53.1753175317531728 6.2513227266860456
-53.1553155315531498 -11.5486512070216527
-53.1353135313531340 12.5639752517177890
-53.1153115311531110 -22.8687109525390468
-53.0953095309530951 24.6671426957763948
-53.0753075307530722 12.5512423108290747
-53.0553055305530563 -39.5897237831180817
-53.0353035303530334 29.2732197606526867
-53.0153015301530104 -20.6937792508948881
-52.9952995299529945 -32.1052532529415799
-52.9752975297529716 3.6241472377051407
-52.9552955295529557 -8.6920619807419683
-52.9352935293529328 21.7251666044736851
-52.9152915291529098 13.6131438658714128
-52.8952895289528939 -5.6355743207471427
-52.8752875287528710 -9.5193570646565355
-52.8552855285528551 -15.6262964999161635
-52.8352835283528321 16.9853304021596117
-52.8152815281528163 -11.2046576614720870
-52.7952795279527933 -24.3493608260324024
-52.7752775277527704 -29.8039350495956441
-52.7552755275527545 -10.2441531065493834
-52.7352735273527315 5.1799674088486150
-52.7152715271527157 -44.7492819282211087
-52.6952695269526927 17.1224231046067494
-52.6752675267526698 -23.0155983987729762
-52.6552655265526539 4.6244339138170485
-52.6352635263526309 -9.2825262006628151
-52.6152615261526151 11.9374603560442818
-52.5952595259525921 7.9462511257234363
-52.5752575257525763 4.2261171897608358
-52.5552555255525533 15.8074298575067083
-52.5352535253525303 -14.4786026497776579
-52.5152515251525145 2.0534944149242564
-52.4952495249524915 11.9738810208549751
-52.4752475247524757 -15.3500688896749971
-52.4552455245524527 -11.0518511509729684
-52.4352435243524297 -54.9117935547692966
-52.4152415241524139 13.1161892090902406
-52.3952395239523909 2.7963704706005696
-52.3752375237523751 22.5371788452715656
-52.3552355235523521 -10.9978113751286042
-52.3352335233523362 -14.4933791064173931
-52.3152315231523133 -48.3984728711968444
-52.2952295229522903 -28.6901564279694412
-52.2752275227522745 21.0096605393644076
-52.2552255225522515 11.0545358106885381
-52.2352235223522356 -2.6750321901849095
-52.2152215221522127 -11.6508872120505131
-52.1952195219521897 -27.1794537825390492
-52.1752175217521739 -41.7807446513416849
-52.1552155215521509 2.9709307216272087
-52.1352135213521350 17.1072358387460639
-52.1152115211521121 -8.9446747072581481
-52.0952095209520962 -2.9575178905282486
-52.0752075207520733 -16.6217604464641653
-52.0552055205520503 2.0995254533722694
-52.0352035203520344 -5.9238745661380996
-52.0152015201520115 -8.0936479124534770
-51.9951995199519956 -7.9601513016365475
-51.9751975197519727 -19.5397265446462498
-51.9551955195519497 -39.6469144734240260
-51.9351935193519338 -10.5494319632039506
-51.9151915191519109 -2.8725869905143275
-51.8951895189518950 -24.9411615641060180
-51.8751875187518721 -6.9678968256348606
-51.8551855185518562 -27.8732169334261286
-51.8351835183518332 -23.3740564649637932
-51.8151815181518103 -21.6278296280900335
-51.7951795179517944 -47.3015245074912016
-51.7751775177517715 -16.4759598501323943
-51.7551755175517556 -16.9729876772346664
-51.7351735173517326 -10.9590792325246653
-51.7151715171517097 -33.0258699750589599
-51.6951695169516938 2.7310480972655693
-51.6751675167516709 -2.6841515359811083
-51.6551655165516550 -8.6386263688980449
-51.6351635163516320 3.4114476942179852
-51.6151615161516162 -15.6940011001843374
-51.5951595159515932 17.9916214711711575
-51.5751575157515703 -3.1223833642873373
-51.5551555155515544 -32.0492768180235998
-51.5351535153515314 12.9982767605772853
-51.5151515151515156 11.6487681103601552
-51.4951495149514926 4.3814071836982684
-51.4751475147514697 -13.6362909119623215
-51.4551455145514538 32.0670568715381350
-51.4351435143514308 -14.1454188402642362
-51.4151415141514150 -7.4229433214907692
-51.3951395139513920 -5.5978494708922177
-51.3751375137513762 -43.5090482155555023
-51.3551355135513532 -0.2091248931939109
-51.3351335133513302 -14.0395709274676719
-51.3151315131513144 -28.6873600849732568
-51.2951295129512914 -45.8759182369759131
-51.2751275127512756 -17.6730885026804039
-51.2551255125512526 -15.5201419541952461
-51.2351235123512296 -8.3234403950069460
-51.2151215121512138 -16.7383721397799334
-51.1951195119511908 -13.0345190424514481
-51.1751175117511750 12.4922649870699747
-51.1551155115511520 1.7182064531735239
-51.1351135113511361 -34.9967830977383798
-51.1151115111511132 -22.6990924375891652
-51.0951095109510902 41.3104023841926846
-51.0751075107510744 9.8806578654722905
-51.0551055105510514 16.3280973753418195
-51.0351035103510355 19.2028736094955548
-51.0151015101510126 -21.0345224819298338
-50.9950995099509896 -39.7545446023823672
-50.9750975097509738 -16.0222701356614223
-50.9550955095509508 -8.2938877790641961
-50.9350935093509349 -27.3814292383695985
-50.9150915091509120 -35.8486402085885700
-50.8950895089508961 -45.9826706627238480
-50.8750875087508732 -13.2464428389013200
-50.8550855085508502 10.4797678013847744
-50.8350835083508343 13.2251225519170781
-50.8150815081508114 7.5088360879188993
-50.7950795079507955 -0.7715405671189277
-50.7750775077507726 12.5277020826325387
-50.7550755075507496 -32.8713218288221185
-50.7350735073507337 -30.1781304697902080
-50.7150715071507108 21.9094468102188600
-50.6950695069506949 -18.8067323358358749
-50.6750675067506720 -7.6162661577363888
-50.6550655065506561 -4.9690060550066413
-50.6350635063506331 -16.3989008606563651
-50.6150615061506102 -27.3645768114962955
-50.5950595059505943 13.3682523650230447
-50.5750575057505714 -43.2864579950206974
-50.5550555055505555 15.0121294867667991
-50.5350535053505325 -26.4949288416369875
-50.5150515051505096 -26.0095212264587268
-50.4950495049504937 -12.1918269516312545
-50.4750475047504708 -2.1556539535423340
-50.4550455045504549 -12.8224875391562367
-50.4350435043504319 -43.2941321832396966
-50.4150415041504161 -10.7020851192343489
-50.3950395039503931 -42.8352438685273711
-50.3750375037503701 10.6325132294793878
-50.3550355035503543 -2.5359014394415258
-50.3350335033503313 1.2630656377955116
-50.3150315031503155 15.3138975227512439
-50.2950295029502925 -16.5041467319212920
-50.2750275027502695 -1.2040188893115094
-50.2550255025502537 -23.8154967119862100
-50.2350235023502307 -30.1552753639615361
-50.2150215021502149 -41.1694870909724671
-50.1950195019501919 -18.3150643140724476
-50.1750175017501761 24.5247667187713603
-50.1550155015501531 -15.8040884800242729
-50.1350135013501301 0.3940791305388274
-50.1150115011501143 -2.6205220938686189
-50.0950095009500913 -36.4181723617566320
-50.0750075007500755 -17.1262621120155174
-50.0550055005500525 6.5120421903867935
-50.0350035003500295 -23.8497430696797501
-50.0150015001500137 -23.5160630963735997
-49.9949994999499907 -15.1698893175748211
-49.9749974997499748 -55.5253563192218280
-49.9549954995499519 -25.7709228407894457
-49.9349934993499360 -23.9130232829400100
-49.9149914991499131 -5.4286593894946833
-49.8949894989498901 -1.1444609157850198
-49.8749874987498742 -17.9635683978193654
-49.8549854985498513 2.9747086072797497
-49.8349834983498354 5.5635333433019554
-49.8149814981498125 -37.3279189373005309
-49.7949794979497895 3.2316954937254554
-49.7749774977497736 10.3095109344738347
-49.7549754975497507 -1.4192467993410123
-49.7349734973497348 -60.4300497564824539
-49.7149714971497119 1.7773732672057729
-49.6949694969496960 1.9511382501674426
-49.6749674967496730 9.2110460970079657
-49.6549654965496501 26.7130246336087112
-49.6349634963496342 5.7189068682309792
-49.6149614961496113 -3.3104944990358156
-49.5949594959495954 33.3739270452469796
-49.5749574957495724 -58.6825522555858541
-49.5549554955495495 -11.4597764643552527
-49.5349534953495336 4.9988124644215848
-49.5149514951495107 -29.4561933989178470
-49.4949494949494948 -53.8304233051300898
-49.4749474947494718 11.7188646728888877
-49.4549454945494560 -1.4604014799967526
-49.4349434943494330 -14.4809567397134558
-49.4149414941494101 -6.3760806266462211
-49.3949394939493942 -10.0283338780381648
-49.3749374937493712 -30.6081408079431796
-49.3549354935493554 4.2939128653894443
-49.3349334933493324 -25.5436854129976965
-49.3149314931493095 13.7858268187135540
-49.2949294929492936 21.1657980131831351
-49.2749274927492706 -0.7617003445278705
-49.2549254925492548 -26.6951035807776265
-49.2349234923492318 -20.6875130026092720
-49.2149214921492160 -22.5628498496480461
-49.1949194919491930 -26.9104438641740344
-49.1749174917491700 -19.0191222483154654
-49.1549154915491542 15.2203961581282226
-49.1349134913491312 -59.6628648832652573
-49.1149114911491154 6.9403872924047310
-49.0949094909490924 12.9301735713338815
-49.0749074907490694 -5.2236724616715637
-49.0549054905490536 -15.9802148033036620
-49.0349034903490306 -38.3063235365352455
-49.0149014901490148 -32.9333899864983550
-48.9948994899489918 -8.4667443973638896
-48.9748974897489759 -2.2804035254738331
-48.9548954895489530 -10.0512627869108151
-48.9348934893489300 0.6047401291653429
-48.9148914891489142 21.2133611352288369
-48.8948894889488912 -24.9828956460377327
-48.8748874887488753 -5.6042234393322978
-48.8548854885488524 -32.2889257938403773
-48.8348834883488294 17.1065867463182713
-48.8148814881488136 -2.3339921781089128
-48.7948794879487906 -9.9450517928582194
-48.7748774877487747 18.4589646831350436
-48.7548754875487518 18.3477656436149523
-48.7348734873487288 -13.4462240587996043
-48.7148714871487130 -9.8290128318214549
-48.6948694869486900 -25.4154023585311748
-48.6748674867486741 0.7314064026219285
-48.6548654865486512 -23.7367435109817286
-48.6348634863486353 -19.7020808000256338
-48.6148614861486124 2.7445296614030141
-48.5948594859485894 -24.3045416953760878
-48.5748574857485735 -25.4620031748345710
-48.5548554855485506 -19.1902183552460599
-48.5348534853485347 -22.0066907006702017
-48.5148514851485118 -55.8136504913484117
-48.4948494849484888 -18.4892867336653701
-48.4748474847484729 -29.5604507517646127
-48.4548454845484500 24.4599889212813153
-48.4348434843484341 -37.8778828453784229
-48.4148414841484112 -27.5117613405056431
-48.3948394839483953 -22.5345559028031985
-48.3748374837483723 -41.6510948075987031
-48.3548354835483494 -30.3175760332240074
-48.3348334833483335 -22.3127577085784843
-48.3148314831483106 -64.8855654779554811
-48.2948294829482947 -31.7376873490517823
-48.2748274827482717 -30.8951783013342336
-48.2548254825482488 -2.2924324088388914
-48.2348234823482329 16.1914823088218256
-48.2148214821482100 -14.1827588761999088
-48.1948194819481941 -4.9171454795504328
-48.1748174817481711 -12.3749472100909941
-48.1548154815481553 -17.9560357657993848
-48.1348134813481323 -12.6723607879149434
-48.1148114811481094 -39.2399436186236414
-48.0948094809480935 -16.9347850891745040
-48.0748074807480705 -38.6080626660464787
-48.0548054805480547 -11.2609937492522736
-48.0348034803480317 -40.6628085891477511
-48.0148014801480087 17.9992181735955512
-47.9947994799479929 -21.7012969517495300
-47.9747974797479699 -24.5177553002855255
-47.9547954795479541 -48.5066737913672625
-47.9347934793479311 -19.3179282279932778
-47.9147914791479153 -11.9146386655465548
-47.8947894789478923 -4.9852299550569530
-47.8747874787478693 -36.2674614254969327
-47.8547854785478535 12.0639018330530803
-47.8347834783478305 -7.1434752894014739
-47.8147814781478147 -30.1123645224072511
-47.7947794779477917 -49.3616076513353690
-47.7747774777477687 -19.8977849953918557
-47.7547754775477529 -24.7468289251080975
-47.7347734773477299 10.7281013479208447
-47.7147714771477141 -60.0876797620407785
-47.6947694769476911 -12.5553662428531876
-47.6747674767476752 -11.8665506773082186
-47.6547654765476523 -2.7983269506728838
-47.6347634763476293 -43.6908954399010625
-47.6147614761476135 -48.1863605435743949
-47.5947594759475905 -4.6970516790546988
-47.5747574757475746 -19.0495137577787332
-47.5547554755475517 -3.5723833343582161
-47.5347534753475287 -28.5318483263689231
-47.5147514751475128 -47.8070566963872352
-47.4947494749474899 -8.9740846994800396
-47.4747474747474740 10.4412082444793732
-47.4547454745474511 -18.0964611866853211
-47.4347434743474352 -8.5880250599308194
-47.4147414741474122 -18.1015791597436149
-47.3947394739473893 -25.7006145042431484
-47.3747374737473734 -17.2867152600269272
-47.3547354735473505 -22.2425409058663739
-47.3347334733473346 21.9666553626318617
-47.3147314731473116 30.7309627312391882
-47.2947294729472887 -4.3740619816297901
-47.2747274727472728 -30.0761498703537669
-47.2547254725472499 8.4640575357300989
-47.2347234723472340 -54.9626204886221714
-47.2147214721472110 -29.7257958305383134
-47.1947194719471952 -31.5146547121065126
-47.1747174717471722 -36.6813708721923604
-47.1547154715471493 -53.0060480896715234
-47.1347134713471334 -6.2688353028349901
-47.1147114711471104 -27.3346841927323787
-47.0947094709470946 3.8458984564285146
-47.0747074707470716 -52.8344928228096578
-47.0547054705470487 -50.6561247124109499
-47.0347034703470328 -49.6877880531411549
-47.0147014701470098 -0.5416461822426299
-46.9946994699469940 2.7438943456431950
-46.9746974697469710 -18.5560617669285506
-46.9546954695469552 -31.7723714268801025
-46.9346934693469322 -51.5149816891403418
-46.9146914691469092 -34.5676208365586533
-46.8946894689468934 -30.6619731578073527
-46.8746874687468704 11.7040468968952105
-46.8546854685468546 -38.6761504691139351
-46.8346834683468316 -41.8963857065261678
-46.8146814681468086 -12.5130796230352423
-46.7946794679467928 -10.2113820182129018
-46.7746774677467698 -34.0969647493559620
-46.7546754675467540 -41.4874610537363822
-46.7346734673467310 -3.5180698624918634
-46.7146714671467151 -32.6943403286500214
-46.6946694669466922 19.1463461164834783
-46.6746674667466692 -7.6159451749339144
-46.6546654665466534 3.3540977037319308
-46.6346634663466304 -1.0128510473218313
-46.6146614661466145 3.9119194101775925
-46.5946594659465916 23.3787201367834463
-46.5746574657465686 -16.3894867929249060
-46.5546554655465528 -52.7619337853272299
-46.5346534653465298 -25.6210424438386255
-46.5146514651465139 -20.0567013728240724
-46.4946494649464910 -41.9763010103365275
-46.4746474647464751 -26.7250856568247031
-46.4546454645464522 -51.7141699248026185
-46.4346434643464292 -29.0951001604183972
-46.4146414641464133 -19.0752058410937906
-46.3946394639463904 3.4215572778674606
-46.3746374637463745 -25.6577515441532675
-46.3546354635463516 -17.4274655887557657
-46.3346334633463286 5.9459768817757315
-46.3146314631463127 -5.0137716593245685
-46.2946294629462898 -3.6765406864398642
-46.2746274627462739 -42.5330149495076313
-46.2546254625462510 -35.3367815162693830
-46.2346234623462351 -27.4116639301254850
-46.2146214621462121 -7.6681228770743175
-46.1946194619461892 -43.8047037699481052
-46.1746174617461733 -63.6001612433464629
-46.1546154615461504 -81.6076738610533852
-46.1346134613461345 -16.6756633251261235
-46.1146114611461115 -12.2205887570223179
-46.0946094609460886 -32.3415204507204237
-46.0746074607460727 8.0596386548077774
-46.0546054605460498 -18.4854177161654647
-46.0346034603460339 -66.4431033308797225
-46.0146014601460109 17.0489473959432658
-45.9945994599459951 4.4475410171585921
-45.9745974597459721 1.6756888709129285
-45.9545954595459492 -17.7479767570725144
-45.9345934593459333 -8.5807229498423503
-45.9145914591459103 -1.7417286501239602
-45.8945894589458945 -23.4293967752324299
-45.8745874587458715 -45.1092998233468307
-45.8545854585458486 -45.0565413783221302
-45.8345834583458327 -5.4808664254048125
-45.8145814581458097 -46.1836551053603870
-45.7945794579457939 3.5019781361639808
-45.7745774577457709 -15.1935956131717944
-45.7545754575457551 -28.1450040621429736
-45.7345734573457321 -7.2395668263591961
-45.7145714571457091 -6.7463303953096609
-45.6945694569456933 1.1414820681938913
-45.6745674567456703 -42.9761078707602948
-45.6545654565456545 25.5434637313332544
-45.6345634563456315 -48.4882317699842531
-45.6145614561456085 -16.2868213550467509
-45.5945594559455927 22.2182544686826837
-45.5745574557455697 -20.5217709131091048
-45.5545554555455539 2.5024192564183991
-45.5345534553455309 -31.5829554783768458
-45.5145514551455150 -47.3330194979345507
-45.4945494549454921 -50.1091502670451447
-45.4745474547454691 -18.3031745916099133
-45.4545454545454533 -40.4561536271004059
-45.4345434543454303 21.3337167228592293
-45.4145414541454144 -40.4955958027699339
-45.3945394539453915 -8.4582600770944882
-45.3745374537453685 -61.2513206875062224
-45.3545354535453527 -4.4862081113362535
-45.3345334533453297 -15.1421269134018992
-45.3145314531453138 2.5072515444154142
-45.2945294529452909 -45.1722865999936971
-45.2745274527452750 -49.1967644643335831
-45.2545254525452521 11.0701199619442008
-45.2345234523452291 10.8168540290107948
-45.2145214521452132 -53.7197231645450088
-45.1945194519451903 -25.2279072485405003
-45.1745174517451744 -10.7323066232662789
-45.1545154515451514 -18.7655055047318662
-45.1345134513451285 -37.0532965217184511
-45.1145114511451126 -39.6866384868392714
-45.0945094509450897 -17.4013580656038727
-45.0745074507450738 -23.3589310985154270
-45.0545054505450508 30.3389571799897659
-45.0345034503450350 -46.7477924736071060
-45.0145014501450120 -24.0893680312760772
-44.9944994499449891 -48.1047786536569220
-44.9744974497449732 -24.0806668774050898
-44.9544954495449502 11.3718592694419307
-44.9344934493449344 -42.4104646856748246
-44.9144914491449114 12.6501265834378067
-44.8944894489448885 -27.3341785903195316
-44.8744874487448726 43.8118535338294492
-44.8544854485448496 2.7204647892958072
-44.8344834483448338 -18.4246431213318154
-44.8144814481448108 -27.5573711908253820
-44.7944794479447950 -8.2612265206799744
-44.7744774477447720 -55.1118992065363074
-44.7544754475447490 -29.8032841122574865
-44.7344734473447332 9.6044991864284732
-44.7144714471447102 -25.5698976023451436
-44.6944694469446944 -2.7179268645342525
-44.6744674467446714 -70.4182207545872529
-44.6544654465446484 -73.4142384845297329
-44.6344634463446326 19.2169131379915932
-44.6144614461446096 -49.4485786115410946
-44.5944594459445938 -16.5158378697636010
-44.5744574457445708 -49.5200593910246170
-44.5544554455445549 -2.3654954027784356
-44.5344534453445320 -23.6222762970695648
-44.5144514451445090 -30.7892333873995838
-44.4944494449444932 -67.2346503238902073
-44.4744474447444702 -44.2837367473252073
-44.4544454445444543 -57.9094324979632020
-44.4344434443444314 14.3825935251051718
-44.4144414441444084 -32.6651006466299876
-44.3944394439443926 -2.2173594849684406
-44.3744374437443696 -40.7582022763127725
-44.3544354435443537 -5.0451386766838695
-44.3344334433443308 -21.5759617040408642
-44.3144314431443149 -59.7616626915440889
-44.2944294429442920 22.5819290426386452
-44.2744274427442690 -39.1532178113254332
-44.2544254425442531 -14.6528462282656946
-44.2344234423442302 -58.6372875271029486
-44.2144214421442143 -30.9746418723392836
-44.1944194419441914 -24.5123096371937663
-44.1744174417441684 -70.5034058324652904
-44.1544154415441525 0.0599858924331933
-44.1344134413441296 -30.5149046770675305
-44.1144114411441137 -5.4701903794296385
-44.0944094409440908 27.0776801557544822
-44.0744074407440749 -47.8203611002292348
-44.0544054405440519 -16.1272804494782811
-44.0344034403440290 -41.1175501804387693
-44.0144014401440131 -26.5968875423103235
-43.9943994399439902 -36.3357105350564566
-43.9743974397439743 0.7128237174464935
-43.9543954395439513 -10.7025088494348459
-43.9343934393439284 -28.4956917001253949
-43.9143914391439125 11.6457703222520976
-43.8943894389438896 -7.7316680853073265
-43.8743874387438737 6.2724856139218232
-43.8543854385438507 -10.8302667012097089
-43.8343834383438349 -0.0962066323393778
-43.8143814381438119 2.3407471074869477
-43.7943794379437890 -22.8680098216156722
-43.7743774377437731 -14.9598049603969230
-43.7543754375437501 -31.7029202091327136
-43.7343734373437343 -17.2695217186268195
-43.7143714371437113 -4.1257355124623132
-43.6943694369436884 -40.3341007278100676
-43.6743674367436725 4.6144137168934876
-43.6543654365436495 -40.9123907086346250
-43.6343634363436337 -44.5687182177123873
-43.6143614361436107 -41.7397295676731162
-43.5943594359435949 -10.0966878372498865
-43.5743574357435719 -47.4544278002348960
-43.5543554355435489 -19.0478503450963288
-43.5343534353435331 -16.8975916642570425
-43.5143514351435101 -52.1082122134794332
-43.4943494349434943 -9.9089350691959659
-43.4743474347434713 -12.7839730519924064
-43.4543454345434483 -18.5550751841001791
-43.4343434343434325 -30.2812172108824846
-43.4143414341434095 -41.6717383751954031
-43.3943394339433937 -23.5419403556248241
-43.3743374337433707 -49.9450452844992583
-43.3543354335433548 -22.4827167653266429
-43.3343334333433319 -26.8463308217910779
-43.3143314331433089 -42.9945678242632141
-43.2943294329432931 -37.2998917795926488
-43.2743274327432701 -15.9812577789401704
-43.2543254325432542 -54.3740726585561589
-43.2343234323432313 16.5961542388237966
-43.2143214321432083 -0.3525578778183025
-43.1943194319431925 -9.9512787018189677
-43.1743174317431695 -37.0768367889231385
-43.1543154315431536 4.1837707521555245
-43.1343134313431307 -35.2776698632574508
-43.1143114311431148 -1.6687856581241931
-43.0943094309430919 -32.8454099619250712
-43.0743074307430689 -25.6428767790677021
-43.0543054305430530 -1.3485150621298700
-43.0343034303430301 1.4911356955841697
-43.0143014301430142 -9.2575547566265968
-42.9942994299429913 -11.6279957179670763
-42.9742974297429683 -41.1784732072563031
-42.9542954295429524 -17.4141735547941892
-42.9342934293429295 9.3838637973946817
-42.9142914291429136 -20.8917614727476924
-42.8942894289428907 12.1915354990000431
-42.8742874287428748 -52.8682003142120820
-42.8542854285428518 -26.6974798428008988
-42.8342834283428289 -36.4523266334089229
-42.8142814281428130 -42.7189107369653840
-42.7942794279427901 -32.4528188331592702
-42.7742774277427742 -9.0964622697450359
-42.7542754275427512 -38.2165533694553474
-42.7342734273427283 -56.9394993880567313
-42.7142714271427124 4.3946770197893343
-42.6942694269426894 -20.5687404293860503
-42.6742674267426736 -12.6808757818729667
-42.6542654265426506 -42.2407179319119805
-42.6342634263426348 -59.2805065488162626
-42.6142614261426118 -10.9828752469882431
-42.5942594259425888 -56.8467462422416290
-42.5742574257425730 0.3685878479927283
-42.5542554255425500 -21.0798853779857680
-42.5342534253425342 -53.9759457923869519
-42.5142514251425112 -40.0340471850798991
-42.4942494249424882 -44.4971682075137096
-42.4742474247424724 -36.6691822626177881
-42.4542454245424494 -25.6009719171650403
-42.4342434243424336 -8.9440319199374585
-42.4142414241424106 -60.6948667791782839
-42.3942394239423948 -22.2148909765314322
-42.3742374237423718 -23.8326205477744857
-42.3542354235423488 -24.7298508082146036
-42.3342334233423330 -5.9836503499478759
-42.3142314231423100 -19.4548315856821716
-42.2942294229422941 -20.1834086886317579
-42.2742274227422712 -11.7843967188716743
-42.2542254225422482 -30.0406326391722196
-42.2342234223422324 -45.7565493920959483
-42.2142214221422094 7.2406931226338607
-42.1942194219421935 -41.7078355791685595
-42.1742174217421706 -22.3865945297986926
-42.1542154215421547 -5.3375552147400960
-42.1342134213421318 -47.7621150812567663
-42.1142114211421088 -11.1904318286448792
-42.0942094209420929 0.7596940130704830
-42.0742074207420700 -69.8770807526326223
-42.0542054205420541 -26.4097403497179855
-42.0342034203420312 -3.6758413274625710
-42.0142014201420082 -44.6399327706309208
-41.9941994199419923 -74.1682560843657654
-41.9741974197419694 -51.9982917604540802
-41.9541954195419535 -27.9538586855886599
-41.9341934193419306 -12.7292917210612870
-41.9141914191419147 -48.4306527316881059
-41.8941894189418917 -13.5152307667762290
-41.8741874187418688 -38.3689702342204555
-41.8541854185418529 -54.6922626854999407
-41.8341834183418300 -44.5477843804402909
-41.8141814181418141 -55.2845024160090475
-41.7941794179417911 -14.1623104541903917
-41.7741774177417682 -59.8044966865951011
-41.7541754175417523 -22.0190090401820697
-41.7341734173417294 -38.9569409073382218
-41.7141714171417135 -24.0412735113310809
-41.6941694169416905 -25.4560983297784347
-41.6741674167416747 -24.6229681574026920
-41.6541654165416517 -16.9611653517157919
-41.6341634163416288 -20.3502143493541325
-41.6141614161416129 -20.8014334643696657
-41.5941594159415899 -15.9100656281958752
-41.5741574157415741 -48.5663713621784225
-41.5541554155415511 -41.8167168571007082
-41.5341534153415282 -7.4799419600171717
-41.5141514151415123 -57.8285570810047176
-41.4941494149414893 -64.0680999293707885
-41.4741474147414735 -37.4017913398365494
-41.4541454145414505 -55.5371750592642002
-41.4341434143414347 -7.5997169493684531
-41.4141414141414117 0.1771490250584549
-41.3941394139413887 -51.3983490653357080
-41.3741374137413729 8.8823292855065716
-41.3541354135413499 -26.8893151581360463
-41.3341334133413341 -0.2625848916587081
-41.3141314131413111 -4.8573223088639068
-41.2941294129412881 -19.2701616214577527
-41.2741274127412723 -48.3059524687828912
-41.2541254125412493 -37.2195371505806065
-41.2341234123412335 -44.6487810191883767
-41.2141214121412105 -45.4146171641041860
-41.1941194119411946 -40.2546288731630426
-41.1741174117411717 -6.1450463472996759
-41.1541154115411487 -15.2300230204569402
-41.1341134113411329 -2.7480560246598813
-41.1141114111411099 -37.6781970376455888
-41.0941094109410940 -0.7321998930192208
-41.0741074107410711 -17.4642694047579674
-41.0541054105410481 -11.9171665731155159
-41.0341034103410323 -39.7096780397081943
-41.0141014101410093 -22.1361237848796080
-40.9940994099409934 -64.1932098967608624
-40.9740974097409705 -15.4090266885664029
-40.9540954095409546 -41.3520034507111873
-40.9340934093409317 -22.8566527660455421
-40.9140914091409087 24.2979005537267660
-40.8940894089408928 -33.8968092095571691
-40.8740874087408699 4.2711216786766890
-40.8540854085408540 -13.4334028904346514
-40.8340834083408311 -11.1567974432406736
-40.8140814081408081 -9.4871863476701996
-40.7940794079407922 -45.7795765234517162
-40.7740774077407693 -16.6728420520414069
-40.7540754075407534 9.3748959129501266
-40.7340734073407305 -49.9208975589995134
-40.7140714071407146 -65.4046014323485281
-40.6940694069406916 -37.6408738014524502
-40.6740674067406687 -53.7571535782512626
-40.6540654065406528 -23.9375769051324916
-40.6340634063406299 -51.7378682470107591
-40.6140614061406140 -38.8815776978604291
-40.5940594059405910 -49.8153375738372830
-40.5740574057405681 -15.1510049046790272
-40.5540554055405522 -12.3951991533326762
-40.5340534053405293 -19.4241794972218109
-40.5140514051405134 -38.0013079732426675
-40.4940494049404904 -45.1822550360746433
-40.4740474047404746 -17.9454600395679975
-40.4540454045404516 -39.9479527991683057
-40.4340434043404287 -25.8508081675407873
-40.4140414041404128 -62.2741421181445176
-40.3940394039403898 -42.5982829246845114
-40.3740374037403740 -42.2519288064518435
-40.3540354035403510 -48.6241752677017871
-40.3340334033403281 -40.3978391387793394
-40.3140314031403122 -42.4697447898941078
-40.2940294029402892 -62.1251062995978316
-40.2740274027402734 -27.5339640314684928
-40.2540254025402504 -20.6229832186381046
-40.2340234023402346 -42.0605580862051269
-40.2140214021402116 11.3472445767337327
-40.1940194019401886 -48.3045273865003395
-40.1740174017401728 -10.7906868182590223
-40.1540154015401498 -34.8305961940280469
-40.1340134013401340 4.1067378123302554
-40.1140114011401110 -5.7280060059227296
-40.0940094009400880 -71.4349471340177189
-40.0740074007400722 -9.4274052895355958
-40.0540054005400492 -22.8801678180306354
-40.0340034003400334 -15.4541235500229703
-40.0140014001400104 -55.8041961534113966
-39.9939993999399945 -43.6384136695136249
-39.9739973997399716 -35.0547059001920758
-39.9539953995399486 -47.4735815356878703
-39.9339933993399328 -26.1326980491761169
-39.9139913991399098 -12.4582621049828433
-39.8939893989398939 -43.3885831237977229
-39.8739873987398710 -45.4001072685540166
-39.8539853985398480 -39.8880424822387312
-39.8339833983398321 -31.8063011709437404
-39.8139813981398092 -21.6674994188783643
-39.7939793979397933 -45.9767005267380995
-39.7739773977397704 -25.0597388541748529
-39.7539753975397545 -94.2082203424737372
-39.7339733973397315 -75.2220573462256539
-39.7139713971397086 -18.7855872347220227
-39.6939693969396927 -47.0899585228557527
-39.6739673967396698 -20.7757611857561031
-39.6539653965396539 -46.2633748875324926
-39.6339633963396309 -18.7425304166910927
-39.6139613961396080 -9.1849178572617447
-39.5939593959395921 -11.8708508537530655
-39.5739573957395692 -29.2936314200859051
-39.5539553955395533 -8.3742758839473659
-39.5339533953395303 -63.7900910986573280
-39.5139513951395145 14.1485120978682311
-39.4939493949394915 -43.1859008029045910
-39.4739473947394686 -9.7413893884493383
-39.4539453945394527 -41.1662621698709685
-39.4339433943394297 17.1852921934484257
-39.4139413941394139 -32.7359491141793129
-39.3939393939393909 -20.5527606577971795
-39.3739373937393680 -15.1293513268787336
-39.3539353935393521 -24.0373660011874222
-39.3339333933393291 -35.7717949961008941
-39.3139313931393133 -31.1700319470165539
-39.2939293929392903 -30.5965423210445806
-39.2739273927392745 14.2225162408654882
-39.2539253925392515 -17.2602000888532672
-39.2339233923392285 2.6101589785826960
-39.2139213921392127 -39.5253455112859626
-39.1939193919391897 -24.4128260348437998
-39.1739173917391739 -0.7151484828352572
-39.1539153915391509 8.1529246490833067
-39.1339133913391279 -30.4484395894300199
-39.1139113911391121 -86.6632328581864471
-39.0939093909390891 -53.1946418071384954
-39.0739073907390733 -40.2651557745399771
-39.0539053905390503 -32.8053110648248492
-39.0339033903390344 -12.8099547958174291
-39.0139013901390115 -29.4927465099434798
-38.9938993899389885 -43.8476615136489372
-38.9738973897389727 -26.0258502704735548
-38.9538953895389497 -35.9868526775358717
-38.9338933893389338 -30.0127812953746087
-38.9138913891389109 -20.7015256770805607
-38.8938893889388879 -40.2982338689145934
-38.8738873887388721 -63.6230745242344966
-38.8538853885388491 -39.6657512014374163
-38.8338833883388332 -16.7197659800387868
-38.8138813881388103 -49.8446432088615552
-38.7938793879387944 -10.4353834085969801
-38.7738773877387715 -63.9418417868130646
-38.7538753875387485 -3.8734444064321636
-38.7338733873387326 -28.4587076541836055
-38.7138713871387097 -39.8954198601479817
-38.6938693869386938 -20.5950072145174303
-38.6738673867386709 -17.0938423681021234
-38.6538653865386479 -21.9594479522719688
-38.6338633863386320 -39.6083330660780604
-38.6138613861386091 -43.8775060094502223
-38.5938593859385932 -25.4064282307984328
-38.5738573857385703 -24.1107076089577816
-38.5538553855385544 -30.9384832916620809
-38.5338533853385314 -22.3987193805854723
-38.5138513851385085 -32.3897116326344801
-38.4938493849384926 -64.2433369172543252
-38.4738473847384697 -47.8688581273353719
-38.4538453845384538 -33.9528247359467557
-38.4338433843384308 -65.5469602109789093
-38.4138413841384079 -43.0790184843829920
-38.3938393839383920 -25.1701706655860242
-38.3738373837383691 -29.2369993686543097
-38.3538353835383532 9.4164340394445425
-38.3338333833383302 -24.5485221371431344
-38.3138313831383073 -49.6253151373354413
-38.2938293829382914 -37.4421142156046827
-38.2738273827382685 -32.7985060265932802
-38.2538253825382526 -69.4081063493911472
-38.2338233823382296 -18.4639850972317063
-38.2138213821382138 -59.9308480196594502
-38.1938193819381908 -41.8779805461596624
-38.1738173817381679 -40.5056051366785255
-38.1538153815381520 -62.5642149703010375
-38.1338133813381290 3.5396291768723351
-38.1138113811381132 -11.5666158119311682
-38.0938093809380902 -43.0162154294203845
-38.0738073807380673 -36.1992726812396199
-38.0538053805380514 -27.1460711950235734
-38.0338033803380284 -54.5391195308501366
-38.0138013801380126 -23.0186348790798476
-37.9937993799379896 -35.3103467151089205
-37.9737973797379738 -29.2497857678075555
-37.9537953795379508 -38.3195520878035296
-37.9337933793379278 -70.7098818619784169
-37.9137913791379120 -32.3119343673915367
-37.8937893789378890 -52.8487797477833041
-37.8737873787378732 -43.2571926404723115
-37.8537853785378502 -36.8139717439693612
-37.8337833783378272 -32.6538557936618616
-37.8137813781378114 -51.4194180669782952
-37.7937793779377884 -56.0555235008052009
-37.7737773777377726 -45.4478525389136081
-37.7537753775377496 8.4856972162122837
-37.7337733773377337 -2.2558007051231073
-37.7137713771377108 -79.7973315080224950
-37.6937693769376878 -8.2168846731164713
-37.6737673767376720 -62.0797032307116297
-37.6537653765376490 -35.2279035117179049
-37.6337633763376331 -52.9477612954522598
-37.6137613761376102 -14.3085604160366522
-37.5937593759375872 -33.6927550366633710
-37.5737573757375714 -21.0879982842915439
-37.5537553755375484 -44.9130867968255387
-37.5337533753375325 -45.1328929249950193
-37.5137513751375096 -27.0344092546391224
-37.4937493749374937 -26.9986852744944343
-37.4737473747374708 -22.5772200863344494
-37.4537453745374478 -14.8609402325885238
-37.4337433743374319 -0.6632845122215478
-37.4137413741374090 -25.6487514352016177
-37.3937393739373931 -42.8387596892513045
-37.3737373737373701 -57.8382241926236560
-37.3537353735373472 -19.5064029441299951
-37.3337333733373313 -37.6422133238314132
-37.3137313731373084 -14.4276453890562699
-37.2937293729372925 -20.7666277771014123
-37.2737273727372695 1.4309129565262744
-37.2537253725372537 -54.1847482512355825
-37.2337233723372307 -27.8141523969353415
-37.2137213721372078 -28.3711235000515209
-37.1937193719371919 -11.6814069683250601
-37.1737173717371689 -50.9480009758815982
-37.1537153715371531 -16.8541947318947010
-37.1337133713371301 -25.1480173485888479
-37.1137113711371072 -27.8246873122147775
-37.0937093709370913 -59.4915085825721803
-37.0737073707370683 -27.5379271134787302
-37.0537053705370525 -58.0142281528717163
-37.0337033703370295 -40.0234663200194802
-37.0137013701370137 -4.8793720818396338
-36.9936993699369907 10.5944056553562582
-36.9736973697369677 -51.9159241468597941
-36.9536953695369519 -17.5495316121586313
-36.9336933693369289 -38.9231879217407482
-36.9136913691369131 -38.5907329752339550
-36.8936893689368901 -107.6259083047369245
-36.8736873687368671 -55.4192444973662646
-36.8536853685368513 -34.3949184415527398
-36.8336833683368283 -57.8937150405103012
-36.8136813681368125 -49.3768357815141172
-36.7936793679367895 -35.3555771953565241
-36.7736773677367736 -34.6513742026604703
-36.7536753675367507 -34.3362927808611360
-36.7336733673367277 -37.3391771208708718
-36.7136713671367119 -45.3379962097912284
-36.6936693669366889 -15.5264379979144689
-36.6736673667366730 -13.4804683417132196
-36.6536653665366501 -16.9482270554741987
-36.6336633663366271 -21.4095780809560310
-36.6136613661366113 -34.9753211590383231
-36.5936593659365883 -6.1781673873389771
-36.5736573657365724 -9.3678972568648788
-36.5536553655365495 -14.6134261897516087
-36.5336533653365336 -33.3383641709397054
-36.5136513651365107 -78.7772640772026591
-36.4936493649364877 -22.8284323754468659
-36.4736473647364718 -32.3752451423680370
-36.4536453645364489 8.3995517141602498
-36.4336433643364330 -0.6061497347244789
-36.4136413641364101 -33.6845168751242880
-36.3936393639363871 -0.7854273431605634
-36.3736373637363712 -45.8654679775124805
-36.3536353635363483 -54.9224015289165095
-36.3336333633363324 -57.8280123507671107
-36.3136313631363095 -39.8392252263648246
-36.2936293629362936 -26.2854641113562408
-36.2736273627362706 -32.6557726653666691
-36.2536253625362477 -25.1351552685953195
-36.2336233623362318 -30.6186323889592842
-36.2136213621362089 -16.3901484089236007
-36.1936193619361930 -22.6057603998617580
-36.1736173617361700 7.8430979912188015
-36.1536153615361471 -16.7718837697197642
-36.1336133613361312 -49.4604212196559274
-36.1136113611361083 -40.3152341784010559
-36.0936093609360924 -55.2339457873207351
-36.0736073607360694 -50.1257365533837174
-36.0536053605360536 -30.4314626587480106
-36.0336033603360306 3.9565660840487737
-36.0136013601360077 -80.4128048043442334
-35.9935993599359847 -36.5048485572929238
-35.9735973597359759 -15.7463881176273457
-35.9535953595359530 -24.1828986634065757
-35.9335933593359300 -23.2429922276553640
-35.9135913591359071 -37.1197337139299535
-35.8935893589358841 -9.1992836057861034
-35.8735873587358753 -2.9314093550183742
-35.8535853585358524 -4.1277437044832332
-35.8335833583358294 -35.1364759718178163
-35.8135813581358065 -38.8513645900796902
-35.7935793579357835 -28.1288087780902387
-35.7735773577357747 -41.2520627056491307
-35.7535753575357518 -28.6670029197683114
-35.7335733573357288 -71.4470434896823861
-35.7135713571357059 -12.5023800212062817
-35.6935693569356971 -21.4776412494979567
-35.6735673567356741 -40.0497218117041101
-35.6535653565356512 -32.3350379272721469
-35.6335633563356282 -14.1289342750805318
-35.6135613561356053 -61.3867086551016001
-35.5935593559355965 -34.4601368621027220
-35.5735573557355735 4.3687286499978129
-35.5535553555355506 -55.5339293063987540
-35.5335533553355276 -33.0846905241057314
-35.5135513551355047 3.1868790151714173
-35.4935493549354959 23.6076308672532136
-35.4735473547354729 -16.5372095763246350
-35.4535453545354500 20.1408545789923572
-35.4335433543354270 -12.1830748740603632
-35.4135413541354040 -62.7432241348373267
-35.3935393539353953 -5.1220029887984992
-35.3735373537353723 -31.6923580809076810
-35.3535353535353494 -34.0079174260094561
-35.3335333533353264 -53.7260882323404445
-35.3135313531353034 -57.3127810524307293
-35.2935293529352947 -27.4289491529640124
-35.2735273527352717 -44.9074319767012469
-35.2535253525352488 -40.9061136320645673
-35.2335233523352258 -26.9689217198190399
-35.2135213521352171 -35.8480848819734987
-35.1935193519351941 -13.9897576094297627
-35.1735173517351711 -47.8297572333663794
-35.1535153515351482 -41.7626931532704688
-35.1335133513351252 -5.3816167095768144
-35.1135113511351165 -37.3478742148984892
-35.0935093509350935 -28.9515730108091560
-35.0735073507350705 -6.6020240455360373
-35.0535053505350476 -57.2780380802631726
-35.0335033503350246 -41.3728927586746451
-35.0135013501350159 -23.6480575258595209
-34.9934993499349929 -61.6273660691990557
-34.9734973497349699 -63.5461753291736073
-34.9534953495349470 -20.2762920764587165
-34.9334933493349240 3.8513105739639784
-34.9134913491349153 -76.7594411141182746
-34.8934893489348923 -36.3073244746550898
-34.8734873487348693 -39.4776155910391395
-34.8534853485348464 -52.1314572938465233
-34.8334833483348234 -41.1783589700413586
-34.8134813481348147 8.7548367488150340
-34.7934793479347917 -30.4671295538558304
-34.7734773477347687 12.8240384306728998
-34.7534753475347458 -44.2604145172245751
-34.7334733473347370 -9.4836741079998603
-34.7134713471347141 3.5070846500819961
-34.6934693469346911 -39.1873925293743355
-34.6734673467346681 -41.1962480674552012
-34.6534653465346452 -13.6466026443294446
-34.6334633463346364 -26.0786976299313551
-34.6134613461346134 -34.0821211764588270
-34.5934593459345905 -35.6488977808693051
-34.5734573457345675 -62.7120455683352773
-34.5534553455345446 -36.5460099504703848
-34.5334533453345358 -49.9695608912055533
-34.5134513451345128 8.8528726902290522
-34.4934493449344899 -37.5359621857877599
-34.4734473447344669 -31.4120312085024338
-34.4534453445344440 -12.4002407866619038
-34.4334433443344352 3.0683448912438749
-34.4134413441344122 -19.9959133182179869
-34.3934393439343893 -20.9207581530074478
-34.3734373437343663 1.0109559385899090
-34.3534353435343434 -74.2545698269469909
-34.3334333433343346 -29.0666673598221976
-34.3134313431343116 -12.5908402845628835
-34.2934293429342887 -25.7907042002647913
-34.2734273427342657 -46.3796179877149086
-34.2534253425342570 -20.4075703197133294
-34.2334233423342340 -53.8879217464939728
-34.2134213421342110 -33.0555338710307680
-34.1934193419341881 -25.1114547509795862
-34.1734173417341651 -31.1393402321533799
-34.1534153415341564 -39.3690757047659119
-34.1334133413341334 -14.3056683804201974
-34.1134113411341104 -53.2096110766403001
-34.0934093409340875 -27.3170251521794434
-34.0734073407340645 -34.5946341828506334
-34.0534053405340558 -31.2169373883043200
-34.0334033403340328 -5.1491763587379253
-34.0134013401340098 -7.0191078817567210
-33.9933993399339869 -36.9614838557204166
-33.9733973397339639 5.7172199127178622
-33.9533953395339552 -25.9159108526887110
-33.9333933393339322 -39.8276473447683514
-33.9133913391339092 -18.9960596789483205
-33.8933893389338863 -27.2982819490831545
-33.8733873387338633 -37.4641794923951181
-33.8533853385338546 -18.1935318540781417
-33.8333833383338316 -39.6589088982834213
-33.8133813381338086 -43.8115931924053754
-33.7933793379337857 6.6140103527767593
-33.7733773377337769 -17.4280493877358040
-33.7533753375337540 -30.2128924053268975
-33.7333733373337310 -37.3444228695155260
-33.7133713371337080 -15.9209862682646897
-33.6933693369336851 -30.1093124454304615
-33.6733673367336763 -35.1185614408034397
-33.6533653365336534 -6.4501788350264739
-33.6333633363336304 8.6503764259883624
-33.6133613361336074 -13.8247473760777790
-33.5933593359335845 -1.0120656505348613
-33.5733573357335757 -20.4786906746405322
-33.5533553355335528 14.4720707959100388
-33.5333533353335298 -54.2807210212306686
-33.5133513351335068 -61.3597894913251025
-33.4933493349334839 -28.6857589657509386
-33.4733473347334751 -48.7667923244624006
-33.4533453345334522 -29.4019886876677781
-33.4333433343334292 -29.9941895348199985
-33.4133413341334062 -58.4445490731528423
-33.3933393339333833 -14.9120781189616647
-33.3733373337333745 -19.0151593864916535
-33.3533353335333516 -46.2834732602586314
-33.3333333333333286 5.5392363089977437
-33.3133313331333056 13.8731359574803399
-33.2933293329332969 7.5608202307846177
-33.2733273327332739 -50.0926379644846236
-33.2533253325332510 24.4190016752190928
-33.2333233323332280 12.9312714467733478
-33.2133213321332050 -43.7623146605227689
-33.1933193319331963 -2.2081937415342949
-33.1733173317331733 -6.4964188279127946
-33.1533153315331504 -67.9850273926350752
-33.1333133313331274 -29.4996721773406030
-33.1133113311331044 -43.5602473073830367
-33.0933093309330957 -44.2366183514694455
-33.0733073307330727 -28.7412441884732779
-33.0533053305330498 -66.8012915557468432
-33.0333033303330268 -46.4990917464373368
-33.0133013301330038 -21.8950265973396370
-32.9932993299329951 -17.1877721242099746
-32.9732973297329721 -18.7895925282370726
-32.9532953295329492 -55.7991129733781150
-32.9332933293329262 -27.7530087229861415
-32.9132913291329032 -38.5016101088564042
-32.8932893289328945 -27.9865475796699918
-32.8732873287328715 -16.7538939358973948
-32.8532853285328486 -12.9178395094787337
-32.8332833283328256 -14.5645580910027679
-32.8132813281328168 -21.6635770206326441
-32.7932793279327939 -30.1290527248953808
-32.7732773277327709 -63.4775005901662510
-32.7532753275327480 -10.6334186372012809
-32.7332733273327250 4.4032983713466116
-32.7132713271327162 -21.9292523359460887
-32.6932693269326933 -30.4601005650731551
-32.6732673267326703 29.9609546558525004
-32.6532653265326474 13.9125421780645162
-32.6332633263326244 4.3019930712953069
-32.6132613261326156 34.4635014721946860
-32.5932593259325927 -2.9444448980301381
-32.5732573257325697 -21.7833602973609999
-32.5532553255325467 -62.9813626493333913
-32.5332533253325238 -49.0971647622013450
-32.5132513251325150 -22.2635245100725072
-32.4932493249324921 -31.7428898453999437
-32.4732473247324691 -35.9099665389960521
-32.4532453245324461 -44.8445456551930448
-32.4332433243324232 -26.7778717265696464
-32.4132413241324144 -9.0277286172829498
-32.3932393239323915 -71.7806727983579549
-32.3732373237323685 -3.3270177773365894
-32.3532353235323455 -19.0223736949469924
-32.3332333233323368 -44.5347075872976177
-32.3132313231323138 -32.9034212235303372
-32.2932293229322909 -26.2405715006966851
-32.2732273227322679 -10.1138603783642154
-32.2532253225322449 -8.9266637821123744
-32.2332233223322362 2.0593405367179329
-32.2132213221322132 -25.1824208214187699
-32.1932193219321903 -16.3469388375211970
-32.1732173217321673 -64.1668220309210255
-32.1532153215321443 -16.1085282306839588
-32.1332133213321356 -33.1246785651223732
-32.1132113211321126 -31.3592520339211127
-32.0932093209320897 -37.3460997243680879
-32.0732073207320667 -20.0004470303063684
-32.0532053205320437 -64.5425816296523891
-32.0332033203320350 -24.2705413052368719
-32.0132013201320120 -9.9261499613667894
-31.9931993199319891 5.5734673416231502
-31.9731973197319661 -12.3290035104422557
-31.9531953195319431 -52.2126911428138811
-31.9331933193319344 -30.6896505545704414
-31.9131913191319114 -24.3659210609009662
-31.8931893189318885 -20.1419722936484646
-31.8731873187318655 -18.3447611680972926
-31.8531853185318568 4.5274017470403720
-31.8331833183318338 -6.6387248494802762
-31.8131813181318108 -53.5895039879543447
-31.7931793179317879 4.2381119943920496
-31.7731773177317649 -19.6718487536894600
-31.7531753175317561 -31.5292233608819501
-31.7331733173317332 -50.9566934726420158
-31.7131713171317102 -23.6178536552647280
-31.6931693169316873 -39.9469939542456487
-31.6731673167316643 -3.6235002850250346
-31.6531653165316555 -27.8302729795865922
-31.6331633163316326 -29.1199305873263974
-31.6131613161316096 -14.7315742822712465
-31.5931593159315867 -28.4533775438562913
-31.5731573157315637 -6.6515791238251900
-31.5531553155315549 -20.4867002503779645
-31.5331533153315320 -31.7511754000066020
-31.5131513151315090 -26.4956950189742813
-31.4931493149314861 -9.8512067071713396
-31.4731473147314631 -56.8555405346691174
-31.4531453145314543 7.0572402213367837
-31.4331433143314314 -40.5460809322302396
-31.4131413141314084 -36.9494611760262899
-31.3931393139313855 -72.0687994587270850
-31.3731373137313767 -63.4854280177134171
-31.3531353135313537 -25.1131846846216789
-31.3331333133313308 -29.4780509851438346
-31.3131313131313078 -2.8819839061498413
-31.2931293129312849 -46.1877371755028960
-31.2731273127312761 -23.8108407400278459
-31.2531253125312531 -20.1276425682009581
-31.2331233123312302 -43.5343280496849161
-31.2131213121312072 -9.1994822806193284
-31.1931193119311843 0.1897904915539854
-31.1731173117311755 -13.3486884353255810
-31.1531153115311525 -49.2809617375661588
-31.1331133113311296 -27.9557019657378447
-31.1131113111311066 -43.4967580365798554
-31.0931093109310837 -46.9569789351413789
-31.0731073107310749 -14.9056090545588482
-31.0531053105310519 -27.4698821699574864
-31.0331033103310290 -42.5395578966127772
-31.0131013101310060 -37.7408406465912449
-30.9930993099309831 -9.0220607115746283
-30.9730973097309743 -17.0825098798451691
-30.9530953095309513 -55.5751464919857625
-30.9330933093309284 -59.6470225499808038
-30.9130913091309054 -12.0228982814996019
-30.8930893089308967 -15.6317257900108721
-30.8730873087308737 -34.8823911230813337
-30.8530853085308507 -54.1767188588404736
-30.8330833083308278 -20.6540578191548114
-30.8130813081308048 20.4804054306334855
-30.7930793079307961 0.3967319958721056
-30.7730773077307731 -2.0145029271780714
-30.7530753075307501 -38.8809814624257370
-30.7330733073307272 -33.3771042065312571
-30.7130713071307042 -33.6715328028444958
-30.6930693069306955 -37.7630118525235474
-30.6730673067306725 -26.4100475448096610
-30.6530653065306495 -24.2365999815165836
-30.6330633063306266 -4.0372413027854961
-30.6130613061306036 -23.5910282642609168
-30.5930593059305949 -3.3573428461640198
-30.5730573057305719 -16.4941181396365621
-30.5530553055305489 -16.9842960642041803
-30.5330533053305260 5.3542109740572954
-30.5130513051305030 -47.4650205070241213
-30.4930493049304943 -33.5830623844647533
-30.4730473047304713 -40.6231964946666793
-30.4530453045304483 -22.0288689911343596
-30.4330433043304254 -19.6151942695923083
-30.4130413041304166 -46.4910024183880779
-30.3930393039303937 -41.1622446284110737
-30.3730373037303707 -39.1624972732796550
-30.3530353035303477 -43.2226716069226882
-30.3330333033303248 -29.5429517697214408
-30.3130313031303160 -12.2623700219885325
-30.2930293029302931 -25.3746669255244228
-30.2730273027302701 -53.5067299290592757
-30.2530253025302471 -49.9006618586345070
-30.2330233023302242 -10.7394663195913509
-30.2130213021302154 -21.2772858590188889
-30.1930193019301925 3.2190095446507492
-30.1730173017301695 -22.4444480978964833
-30.1530153015301465 -34.5978426294775119
-30.1330133013301236 -52.3452548920352854
-30.1130113011301148 -10.6677676042690717
-30.0930093009300919 4.8834453937271078
-30.0730073007300689 0.8884313903757146
-30.0530053005300459 1.1131743404600947
-30.0330033003300230 13.5091249329129575
-30.0130013001300142 -14.2562516760140028
-29.9929992999299913 -34.3152336380584515
-29.9729972997299683 -17.6106098053108333
-29.9529952995299453 -27.7512761517622550
-29.9329932993299366 11.4568455100734425
-29.9129912991299136 -42.2635489252701078
-29.8929892989298907 -31.4240534195670378
-29.8729872987298677 1.6356200056374988
-29.8529852985298447 -20.0598686165041507
-29.8329832983298360 17.3125764057319920
-29.8129812981298130 -65.5303866504100654
-29.7929792979297901 -37.2746289354832001
-29.7729772977297671 -14.5338198160063694
-29.7529752975297441 -39.2130748692536173
-29.7329732973297354 -65.8937461682685495
-29.7129712971297124 -16.0941506677838220
-29.6929692969296894 -61.0945804362202978
-29.6729672967296665 -25.3516652279764045
-29.6529652965296435 -35.4467490923174324
-29.6329632963296348 -3.9001156296390604
-29.6129612961296118 -28.2802020385864381
-29.5929592959295888 -45.9048481354024887
-29.5729572957295659 -15.4185566093205342
-29.5529552955295429 -6.9854952751012256
-29.5329532953295342 -21.3944301180809227
-29.5129512951295112 -23.0165639869113683
-29.4929492949294882 0.4540715863717679
-29.4729472947294653 -47.4914182560667228
-29.4529452945294565 -47.6408629226713742
-29.4329432943294336 -18.5626774691885608
-29.4129412941294106 4.0030022460349635
-29.3929392939293876 -33.7686664383451216
-29.3729372937293647 -95.4621925534572142
-29.3529352935293559 -74.9902450213041192
-29.3329332933293330 -21.3762027618104504
-29.3129312931293100 -29.8771329221577417
-29.2929292929292870 -37.4430338511974981
-29.2729272927292641 -6.7674999986301572
-29.2529252925292553 -50.7341158289418814
-29.2329232923292324 -24.2369940491966211
-29.2129212921292094 -9.6366680687008781
-29.1929192919291864 -12.0826714377790836
-29.1729172917291635 -40.1225911852544499
-29.1529152915291547 -11.0742668929607824
-29.1329132913291318 -21.3862213866474598
-29.1129112911291088 -21.5539030019260736
-29.0929092909290858 7.5695708525653203
-29.0729072907290629 -12.6412428000083992
-29.0529052905290541 -10.5790340562459466
-29.0329032903290312 -48.2812141891966178
-29.0129012901290082 -41.4699194821873007
-28.9928992899289852 -10.1253347816012766
-28.9728972897289765 -37.9464994647094613
-28.9528952895289535 -44.9615334748786850
-28.9328932893289306 -13.9244899720765023
-28.9128912891289076 -22.7808909693017725
-28.8928892889288846 -29.2289098833777921
-28.8728872887288759 -58.5123272212811685
-28.8528852885288529 -54.9949571047578303
-28.8328832883288300 -16.2832948402338573
-28.8128812881288070 -36.3743230243862996
-28.7928792879287840 -29.1305651622044088
-28.7728772877287753 -16.9964110831368629
-28.7528752875287523 -34.2831368484816110
-28.7328732873287294 -37.6944774066583861
-28.7128712871287064 -18.8220970046762304
-28.6928692869286834 -49.9795305233331533
-28.6728672867286747 -8.1538530738376966
-28.6528652865286517 -28.7647879257779024
-28.6328632863286288 -28.1823985070736782
-28.6128612861286058 -6.8736956933471092
-28.5928592859285828 -19.8791694084251560
-28.5728572857285741 -29.0778361895840973
-28.5528552855285511 -29.8511379970565471
-28.5328532853285282 -45.8136091947909136
-28.5128512851285052 -17.4647643599132820
-28.4928492849284964 -33.1985341259576501
-28.4728472847284735 -16.9535218387040558
-28.4528452845284505 -9.2944197436488878
-28.4328432843284276 -13.7964932680363628
-28.4128412841284046 18.0055997047739105
-28.3928392839283958 9.6298022544884354
-28.3728372837283729 -27.1399716788623309
-28.3528352835283499 3.0805572593615906
-28.3328332833283270 -1.7127152256206806
-28.3128312831283040 18.6748009943491979
-28.2928292829282952 -60.9264338535407575
-28.2728272827282723 -27.8757668768095535
-28.2528252825282493 7.9997572447910876
-28.2328232823282264 -15.9864000576474012
-28.2128212821282034 -15.2163378665027587
-28.1928192819281946 -38.3636939854383030
-28.1728172817281717 -11.3420303020464637
-28.1528152815281487 -25.7258555219428722
-28.1328132813281258 -38.0290555812160633
-28.1128112811281028 -5.6107491594312577
-28.0928092809280940 -5.3186011992346955
-28.0728072807280711 -9.3556942110520467
-28.0528052805280481 -5.8179080875881048
-28.0328032803280252 -35.8571889544923721
-28.0128012801280022 -48.2887755097681577
-27.9927992799279934 -23.0921292464290673
-27.9727972797279705 -16.2551095942803236
-27.9527952795279475 -1.7344923779857950
-27.9327932793279246 7.8412441459184556
-27.9127912791279158 -33.3358003757110311
-27.8927892789278928 1.0192249877100359
-27.8727872787278699 -23.6356790663034886
-27.8527852785278469 -49.5935901067745277
-27.8327832783278240 -35.5934458758208976
-27.8127812781278152 -30.5779500771961708
-27.7927792779277922 -9.7351227611697251
-27.7727772777277693 -16.3288635251267422
-27.7527752775277463 -33.5744303260993462
-27.7327732773277233 -29.7486419250771732
-27.7127712771277146 40.0292048906813136
-27.6927692769276916 -17.8358654106761847
-27.6727672767276687 -37.4171321266569095
-27.6527652765276457 -20.8956320106420144
-27.6327632763276227 -21.2265416549817054
-27.6127612761276140 -25.4444387918326917
-27.5927592759275910 -38.9904947338899817
-27.5727572757275681 -6.9387392401048178
-27.5527552755275451 -26.4163513135537436
-27.5327532753275221 -37.1807630077635878
-27.5127512751275134 -50.9867077414283756
-27.4927492749274904 2.6473225159168372
-27.4727472747274675 -25.4011151828114130
-27.4527452745274445 -22.1687318669231495
-27.4327432743274358 9.1437342162162558
-27.4127412741274128 -37.7419862823201129
-27.3927392739273898 -14.0590132898768374
-27.3727372737273669 -48.0973924696417470
-27.3527352735273439 -46.2159122796102082
-27.3327332733273352 -31.7428694813638685
-27.3127312731273122 -56.5191974058805755
-27.2927292729272892 -29.4740497654825404
-27.2727272727272663 -14.8145758151538480
-27.2527252725272433 -60.3303140463137026
-27.2327232723272346 -24.3198906481769725
-27.2127212721272116 -28.8443445302667527
-27.1927192719271886 -7.0117727874598668
-27.1727172717271657 -35.3309445716690078
-27.1527152715271427 -10.7285679653148467
-27.1327132713271340 2.9383778979218818
-27.1127112711271110 -25.4117955443648249
-27.0927092709270880 -35.4314325521468021
-27.0727072707270651 -3.7335278446213671
-27.0527052705270421 3.1934460818094728
-27.0327032703270334 -34.6107328049803016
-27.0127012701270104 -38.7373749384596806
-26.9926992699269874 -19.4228294914491357
-26.9726972697269645 -58.7381019138505849
-26.9526952695269557 -1.9661881256695750
-26.9326932693269328 -40.4451608477129199
-26.9126912691269098 -34.2581611786570193
-26.8926892689268868 -27.4298911972349302
-26.8726872687268639 -9.5933343009740195
-26.8526852685268551 -8.9886446916162779
-26.8326832683268321 -31.5093373977375819
-26.8126812681268092 -37.5311420521023678
-26.7926792679267862 -41.5549791161425688
-26.7726772677267633 -17.5608256610199440
-26.7526752675267545 -56.7717795490597013
-26.7326732673267315 9.6252574371595223
-26.7126712671267086 -20.1518376627537492
-26.6926692669266856 -17.9528719323759169
-26.6726672667266627 -56.7727309962838191
-26.6526652665266539 -21.5392864985341319
-26.6326632663266309 -26.3934647745187263
-26.6126612661266080 -63.8857646559083747
-26.5926592659265850 -34.7442572808563312
-26.5726572657265621 7.5918761930862466
-26.5526552655265533 -53.4074335855677589
-26.5326532653265303 -37.8658926680060404
-26.5126512651265074 -8.5721181923344307
-26.4926492649264844 -46.6624144930385398
-26.4726472647264757 -15.4500832690012686
-26.4526452645264527 -24.4839882816609347
-26.4326432643264297 -35.2809019695711044
-26.4126412641264068 -23.5277038471601543
-26.3926392639263838 6.1366622607900112
-26.3726372637263751 -17.5317936221188582
-26.3526352635263521 3.9037509104343862
-26.3326332633263291 -20.7658559755191661
-26.3126312631263062 -38.1185067080138253
-26.2926292629262832 -23.1796034630924410
-26.2726272627262745 -49.0661382131187622
-26.2526252625262515 -40.6662383865112247
-26.2326232623262285 5.9031365056498863
-26.2126212621262056 -67.7439563958607067
-26.1926192619261826 -35.0496200238039819
-26.1726172617261739 5.8674091069591050
-26.1526152615261509 -22.3563983199578971
-26.1326132613261279 -39.3241953321842459
-26.1126112611261050 -10.3987785643483921
-26.0926092609260820 -42.4187830446428933
-26.0726072607260733 23.0026981453267396
-26.0526052605260503 -16.4273823284780320
-26.0326032603260273 0.0993884597795933
-26.0126012601260044 -18.2306108892932386
-25.9925992599259956 -40.7296963808286776
-25.9725972597259727 -15.7910616924150577
-25.9525952595259497 -34.5642172690181724
-25.9325932593259267 -2.4943238158576690
-25.9125912591259038 -39.8685820620967064
-25.8925892589258950 -19.7812840323444838
-25.8725872587258721 -36.0052210777358326
-25.8525852585258491 -17.3024053828572484
-25.8325832583258261 -33.6907149875438563
-25.8125812581258032 13.1576130546135595
-25.7925792579257944 -31.3260855436756245
-25.7725772577257715 -46.5630408778353342
-25.7525752575257485 -29.0836278521677905
-25.7325732573257255 9.2009818145984497
-25.7125712571257026 -1.2974602497041978
-25.6925692569256938 -39.8331007676465205
-25.6725672567256709 -26.6031806986910127
-25.6525652565256479 16.4509710439750343
-25.6325632563256249 -11.2578720653135669
-25.6125612561256020 4.1284490979050510
-25.5925592559255932 -14.4455024410367727
-25.5725572557255703 15.2761722672944842
-25.5525552555255473 -37.6100630795029929
-25.5325532553255243 -15.5653835771231712
-25.5125512551255156 -13.8325072989843640
-25.4925492549254926 -58.9112372961641739
-25.4725472547254697 -12.0959144365943594
-25.4525452545254467 -8.4304127309324528
-25.4325432543254237 -22.6218560705556797
-25.4125412541254150 -22.3757954766989897
-25.3925392539253920 -33.6721514894205143
-25.3725372537253691 -52.4518650672570885
-25.3525352535253461 -9.8074241741401025
-25.3325332533253231 -20.5378054371788323
-25.3125312531253144 11.8681497708534920
-25.2925292529252914 -20.3764616654335065
-25.2725272527252685 -24.9110910451246141
-25.2525252525252455 4.6484141607583744
-25.2325232523252225 -4.0521958582068471
-25.2125212521252138 11.0590852480711241
-25.1925192519251908 5.1717983622087047
-25.1725172517251679 -11.6859708939108771
-25.1525152515251449 -10.6604755149126404
-25.1325132513251219 -45.3703029845216506
-25.1125112511251132 -16.1520367075768903
-25.0925092509250902 15.3433527015154390
-25.0725072507250673 -36.0503842056155577
-25.0525052505250443 -17.2296309706517299
-25.0325032503250355 -42.5689011500718379
-25.0125012501250126 3.1100980554444533
-24.9924992499249896 5.8876007813402502
-24.9724972497249667 10.2850356870213417
-24.9524952495249437 -62.7798077351941402
-24.9324932493249349 0.4316496442339073
-24.9124912491249120 -15.8089567968071449
-24.8924892489248890 2.4535812889206117
-24.8724872487248660 -4.0792813749915098
-24.8524852485248431 -0.8138000050193437
-24.8324832483248343 -16.4473654910034135
-24.8124812481248114 -32.6471523799826500
-24.7924792479247884 -31.7922283981800362
-24.7724772477247654 14.1147020083479742
-24.7524752475247425 8.9655702995938817
-24.7324732473247337 -21.5226377517202145
-24.7124712471247108 -26.8642234884566946
-24.6924692469246878 13.3418603417076618
-24.6724672467246648 -31.1869355487947288
-24.6524652465246419 -0.4218124199325199
-24.6324632463246331 -3.8070111831410163
-24.6124612461246102 -0.0841085697822574
-24.5924592459245872 -6.3636015759273725
-24.5724572457245642 -28.6925100564598665
-24.5524552455245555 -33.5879355213464521
-24.5324532453245325 -36.5822409850564298
-24.5124512451245096 -13.8479238921050047
-24.4924492449244866 -11.5335295816859489
-24.4724472447244636 -12.1116044128958382
-24.4524452445244549 10.9447409123832315
-24.4324432443244319 -34.5325977758241649
-24.4124412441244090 -6.9357842908086988
-24.3924392439243860 -32.5890092744272266
-24.3724372437243630 -16.9384931572014423
-24.3524352435243543 -2.0762868274264612
-24.3324332433243313 -3.9795475422044309
-24.3124312431243084 13.9076964269569441
-24.2924292429242854 -21.9861535896026581
-24.2724272427242624 -10.6312295686012526
-24.2524252425242537 2.7800535690074284
-24.2324232423242307 -33.0114455638196489
-24.2124212421242078 -30.3540821222578927
-24.1924192419241848 -2.4372160088052386
-24.1724172417241618 -45.0436819762906069
-24.1524152415241531 -22.5169324795952868
-24.1324132413241301 -30.0728110741235355
-24.1124112411241072 6.5871377880143989
-24.0924092409240842 32.3087166639059191
-24.0724072407240755 -2.6242112931561170
-24.0524052405240525 -42.1660748546170936
-24.0324032403240295 17.1392811961397094
-24.0124012401240066 -30.0749335094525279
-23.9923992399239836 -43.5955002942255732
-23.9723972397239748 -18.0120750950170212
-23.9523952395239519 -36.7223875212629025
-23.9323932393239289 -15.4727752680427706
-23.9123912391239060 -14.2248615215267442
-23.8923892389238830 0.2956102004281238
-23.8723872387238742 -14.4330120898567902
-23.8523852385238513 -36.2589200639270430
-23.8323832383238283 -5.7533116027498545
-23.8123812381238054 -29.2596937549167926
-23.7923792379237824 2.7903853550649185
-23.7723772377237736 11.4060692750027677
-23.7523752375237507 10.8944833497493665
-23.7323732373237277 -35.7165370986294306
-23.7123712371237048 -4.1408765356512980
-23.6923692369236818 -1.3826018133167786
-23.6723672367236730 -3.9605238573461214
-23.6523652365236501 -50.9216214636121265
-23.6323632363236271 -6.6590088914256444
-23.6123612361236042 -30.3997935495087646
-23.5923592359235954 -38.8507956522509375
-23.5723572357235724 -19.5875024145422962
-23.5523552355235495 -28.3290129556718213
-23.5323532353235265 -37.6818612305981873
-23.5123512351235036 -13.2252605242843551
-23.4923492349234948 -31.4888172399465311
-23.4723472347234718 -7.5603750940653214
-23.4523452345234489 -32.9102202501191385
-23.4323432343234259 -11.7956950395845794
-23.4123412341234030 -11.7972962364123379
-23.3923392339233942 -15.9147183412788316
-23.3723372337233712 -52.1103509915123979
-23.3523352335233483 15.3569219374744428
-23.3323332333233253 -22.7204086633147497
-23.3123312331233024 -5.6697674466852774
-23.2923292329232936 -49.6328084260502536
-23.2723272327232706 17.5485242751989787
-23.2523252325232477 -19.5460015391426118
-23.2323232323232247 -4.4159083433808135
-23.2123212321232018 -40.7831632295902153
-23.1923192319231930 -35.2041275050216385
-23.1723172317231700 -3.2167576309603430
-23.1523152315231471 -10.4616374546445865
-23.1323132313231241 -8.9490228944609118
-23.1123112311231154 -15.1932385961468306
-23.0923092309230924 -13.8233386261673576
-23.0723072307230694 13.5710530181585156
-23.0523052305230465 -48.7283218346286588
-23.0323032303230235 7.4196087466518730
-23.0123012301230148 28.0897010256882922
-22.9922992299229918 -24.8195964600778680
-22.9722972297229688 -7.3550871090894221
-22.9522952295229459 9.0615977934101526
-22.9322932293229229 -20.8836552085011817
-22.9122912291229142 2.3902582696431338
-22.8922892289228912 -21.6361548082381461
-22.8722872287228682 -40.4779849981605580
-22.8522852285228453 0.0442674248237296
-22.8322832283228223 0.4233111406158052
-22.8122812281228136 -13.2412623906618965
-22.7922792279227906 0.7007346157545946
-22.7722772277227676 9.2095198857221234
-22.7522752275227447 -9.3209794302100040
-22.7322732273227217 -20.3597819886588844
-22.7122712271227130 -5.3079657804806182
-22.6922692269226900 20.8294394908257274
-22.6722672267226670 -17.8191131689095528
-22.6522652265226441 6.0568878489917370
-22.6322632263226353 19.7546204937630776
-22.6122612261226124 -38.2462884342227127
-22.5922592259225894 -13.2285238883749141
-22.5722572257225664 4.0363790649357743
-22.5522552255225435 2.4216515338255693
-22.5322532253225347 2.7442246799808050
-22.5122512251225118 7.0051317425356352
-22.4922492249224888 -31.8273770208890241
-22.4722472247224658 7.1548699547845906
-22.4522452245224429 38.1515365566792326
-22.4322432243224341 -12.6558819250457990
-22.4122412241224112 20.5128587010406918
-22.3922392239223882 -51.3634497781204544
-22.3722372237223652 -19.7387438737056442
-22.3522352235223423 -30.2645765143241334
-22.3322332233223335 -12.5268997606513341
-22.3122312231223106 -15.1904102759050161
-22.2922292229222876 -36.0693286438240648
-22.2722272227222646 -45.3754381752288651
-22.2522252225222417 43.8337025952093953
-22.2322232223222329 28.8089873509453867
-22.2122212221222100 10.0449644385560806
-22.1922192219221870 20.3477796202768175
-22.1722172217221640 13.2789903463215015
-22.1522152215221553 -16.4375330440239900
-22.1322132213221323 -22.5718575035193076
-22.1122112211221094 -1.9441231732318593
-22.0922092209220864 14.4400027995847449
-22.0722072207220634 -60.5681199972862032
-22.0522052205220547 -35.5424357934778428
-22.0322032203220317 31.4355998654636188
-22.0122012201220087 -27.2612597998326898
-21.9921992199219858 -4.2354922007034839
-21.9721972197219628 6.6827927378904466
-21.9521952195219541 -18.2608384543452225
-21.9321932193219311 -31.4092846943881412
-21.9121912191219081 -47.4926047695141094
-21.8921892189218852 -6.3820760009419519
-21.8721872187218622 -8.3504183344043845
-21.8521852185218535 13.5868005248518617
-21.8321832183218305 5.8424698962068540
-21.8121812181218075 -4.4178086611820184
-21.7921792179217846 2.3977814006450853
-21.7721772177217616 -19.5447742426904156
-21.7521752175217529 -4.5529982800338731
-21.7321732173217299 -39.9451982610315497
-21.7121712171217069 12.2064374003556004
-21.6921692169216840 1.8961192230892792
-21.6721672167216752 -38.4396411619419425
-21.6521652165216523 -22.2180714993202351
-21.6321632163216293 -37.4287684654855042
-21.6121612161216063 17.7612650378795607
-21.5921592159215834 -41.3804994337789935
-21.5721572157215746 7.2023550008271684
-21.5521552155215517 18.9382220740713620
-21.5321532153215287 -18.9653381462905202
-21.5121512151215057 10.0565231593126239
-21.4921492149214828 -10.1918186966527777
-21.4721472147214740 5.1780865960036699
-21.4521452145214511 37.8418371452643214
-21.4321432143214281 25.7163752008754933
-21.4121412141214051 13.6687957020832211
-21.3921392139213822 -4.2639723016747215
-21.3721372137213734 2.3125059855735950
-21.3521352135213505 1.7783839627175002
-21.3321332133213275 -5.7048574915733870
-21.3121312131213045 -29.6791409273474969
-21.2921292129212816 -14.9716726148584254
-21.2721272127212728 -10.7456834459441453
-21.2521252125212499 -21.9958717317876804
-21.2321232123212269 -4.8622494367959428
-21.2121212121212039 28.8762003406565739
-21.1921192119211952 -8.9114744126220717
-21.1721172117211722 -4.8436590026107886
-21.1521152115211493 -34.9946518644325266
-21.1321132113211263 -21.3676681326541384
-21.1121112111211033 -20.2208346580533203
-21.0921092109210946 -2.0418376085063459
-21.0721072107210716 23.7061114866582372
-21.0521052105210487 -26.2064736241273266
-21.0321032103210257 -32.1294968595613639
-21.0121012101210027 14.3496291280731985
-20.9920992099209940 -13.4410704070606748
-20.9720972097209710 -41.0813197350625074
-20.9520952095209481 2.0134705496319452
-20.9320932093209251 -56.6492368201815566
-20.9120912091209021 -6.1251615674320981
-20.8920892089208934 -13.3398622982061994
-20.8720872087208704 7.4349133446942810
-20.8520852085208475 -26.8161182712837025
-20.8320832083208245 -8.2802001844327719
-20.8120812081208015 18.7039485535507168
-20.7920792079207928 -22.7455065058681640
-20.7720772077207698 -34.1916339039796213
-20.7520752075207469 -23.9353131857662511
-20.7320732073207239 -8.9747099373211441
-20.7120712071207151 -2.8781191050613164
-20.6920692069206922 40.3935218635798634
-20.6720672067206692 -37.4775172960629632
-20.6520652065206463 -47.3867872746254264
-20.6320632063206233 11.2689322358078421
-20.6120612061206145 23.5997464396480368
-20.5920592059205916 -39.5754754955357200
-20.5720572057205686 4.4580720415776325
-20.5520552055205457 14.8913263651666163
-20.5320532053205227 -23.3461584407536975
-20.5120512051205139 14.8064883673761010
-20.4920492049204910 -0.6075278597982665
-20.4720472047204680 -16.7981171085230017
-20.4520452045204451 -11.4638581283286562
-20.4320432043204221 -30.6352228458499667
-20.4120412041204133 -29.2843142044849607
-20.3920392039203904 -3.1813205505660025
-20.3720372037203674 0.4295557127114167
-20.3520352035203445 -13.3356486769946230
-20.3320332033203215 -1.2909997931457697
-20.3120312031203127 3.2174924014349848
-20.2920292029202898 -6.5441955357816699
-20.2720272027202668 -43.5975843642465861
-20.2520252025202439 -39.5808298137930095
-20.2320232023202351 -11.7841902412779724
-20.2120212021202121 32.8330465535351976
-20.1920192019201892 8.7881975090347080
-20.1720172017201662 -15.1237812578293784
-20.1520152015201433 -46.1920272947356167
-20.1320132013201345 -36.4172695191123594
-20.1120112011201115 2.0226442596499741
-20.0920092009200886 27.2221527689641647
-20.0720072007200656 -31.3226529901669970
-20.0520052005200426 -29.2135155751258466
-20.0320032003200339 23.2563020276799541
-20.0120012001200109 -12.9862847438383930
-19.9919991999199880 -17.0378209033673507
-19.9719971997199650 -18.1968159430018375
-19.9519951995199420 3.6588907799892514
-19.9319931993199333 -1.8863614993794431
-19.9119911991199103 -10.5926409242612785
-19.8919891989198874 17.9498969118337222
-19.8719871987198644 -17.0008145710285099
-19.8519851985198414 -22.1924402208399130
-19.8319831983198327 5.5930587531455052
-19.8119811981198097 3.3133493480389911
-19.7919791979197868 -43.4448087570009278
-19.7719771977197638 12.7623102531690904
-19.7519751975197551 29.3621418767115685
-19.7319731973197321 32.3003983481244816
-19.7119711971197091 14.7952021483715868
-19.6919691969196862 -44.3296691684835054
-19.6719671967196632 -3.1396885984405016
-19.6519651965196545 8.6276863268349704
-19.6319631963196315 11.6177423735747887
-19.6119611961196085 -12.3389322931869003
-19.5919591959195856 -15.7503111327934597
-19.5719571957195626 -16.5312895418534289
-19.5519551955195539 14.0225678069121340
-19.5319531953195309 -37.9629400581967857
-19.5119511951195079 9.0713728151034996
-19.4919491949194850 33.9119350399328496
-19.4719471947194620 -4.0260131804306374
-19.4519451945194533 1.2142603105142511
-19.4319431943194303 -21.9444331362589047
-19.4119411941194073 -18.7952686836811473
-19.3919391939193844 -0.3348113202906848
-19.3719371937193614 4.4833081170238298
-19.3519351935193527 -40.5113130454415398
-19.3319331933193297 8.9123869301522696
-19.3119311931193067 30.8150471656204559
-19.2919291929192838 -32.3948977830970293
-19.2719271927192750 -53.5165173553817013
-19.2519251925192521 -3.8746930145927898
-19.2319231923192291 -36.6667483535342100
-19.2119211921192061 -3.7923696613070366
-19.1919191919191832 6.0887091166525469
-19.1719171917191744 -2.4938524341783457
-19.1519151915191514 15.1144602081672090
-19.1319131913191285 35.5339648385326328
-19.1119111911191055 -40.3396327455010990
-19.0919091909190826 -3.9275352564220318
-19.0719071907190738 18.9737950432800240
-19.0519051905190508 -12.1435204201848226
-19.0319031903190279 -43.6805469426657993
-19.0119011901190049 -30.7458229625443522
-18.9918991899189820 16.4729556833369450
-18.9718971897189732 -29.1060830108395443
-18.9518951895189502 -0.9154174508436861
-18.9318931893189273 8.2051348154289752
-18.9118911891189043 11.7758589750533140
-18.8918891889188814 4.1675663424958040
-18.8718871887188726 -16.4596862239469317
-18.8518851885188496 16.9165725225147412
-18.8318831883188267 -62.5682420932746410
-18.8118811881188037 -2.6473945908627172
-18.7918791879187950 -44.6506669116497008
-18.7718771877187720 -24.1443700613558576
-18.7518751875187490 -8.9502071600320150
-18.7318731873187261 23.2098035697448779
-18.7118711871187031 1.6690411393051114
-18.6918691869186944 65.6430376672279579
-18.6718671867186714 -17.0103698921395825
-18.6518651865186484 -1.7889595892047936
-18.6318631863186255 51.9010038240886047
-18.6118611861186025 14.4000718913711783
-18.5918591859185938 -17.0452767580140048
-18.5718571857185708 11.0357080282261748
-18.5518551855185478 -31.9752721377036977
-18.5318531853185249 53.6389802518474283
-18.5118511851185019 34.6560027299402762
-18.4918491849184932 30.8264407741075246
-18.4718471847184702 -34.5375246954009469
-18.4518451845184472 8.4290750305767350
-18.4318431843184243 7.4715715513233247
-18.4118411841184013 -5.4312650199003629
-18.3918391839183926 -11.2794799761160700
-18.3718371837183696 -10.9164703876955524
-18.3518351835183466 19.0343437483347913
-18.3318331833183237 2.2997592837574041
-18.3118311831183149 27.2843715346967173
-18.2918291829182920 46.3159896111079306
-18.2718271827182690 -15.4390069301152728
-18.2518251825182460 -2.9143167972587412
-18.2318231823182231 10.9758994087080648
-18.2118211821182143 10.5773656777810956
-18.1918191819181914 29.8823776361318068
-18.1718171817181684 -8.4752368534468303
-18.1518151815181454 9.2813445791786791
-18.1318131813181225 15.8030112058883994
-18.1118111811181137 -6.5744162243386475
-18.0918091809180908 -20.6005860751456531
-18.0718071807180678 7.5336046878729155
-18.0518051805180448 -16.1922881998629649
-18.0318031803180219 7.9137979981434885
-18.0118011801180131 12.0699385985582150
-17.9917991799179902 -0.5245916073185868
-17.9717971797179672 -5.4068351608377023
-17.9517951795179442 -30.8619502239179333
-17.9317931793179213 -16.9140081198405134
-17.9117911791179125 12.4250498229329196
-17.8917891789178896 14.9351491159681267
-17.8717871787178666 -1.7470888423359137
-17.8517851785178436 5.9555436122059406
-17.8317831783178207 -35.9874291124746861
-17.8117811781178119 8.5528921871173971
-17.7917791779177890 -57.9273704006319292
-17.7717771777177660 23.9477057002044624
-17.7517751775177430 -18.6220386332504688
-17.7317731773177343 -28.1248605960212394
-17.7117711771177113 19.2738730741055733
-17.6917691769176884 -11.8091154471727364
-17.6717671767176654 14.9606054697842463
-17.6517651765176424 10.5375374227920506
-17.6317631763176337 -1.3241286893889743
-17.6117611761176107 -0.4492716240944044
-17.5917591759175878 0.4854891888556202
-17.5717571757175648 12.4285407939195327
-17.5517551755175418 12.4365468535438257
-17.5317531753175331 -31.0774312995844468
-17.5117511751175101 9.1779444871492331
-17.4917491749174872 -16.0287587217101581
-17.4717471747174642 20.5622314545306324
-17.4517451745174412 -35.2568802936957084
-17.4317431743174325 -23.4782825744190013
-17.4117411741174095 -23.4649572668126325
-17.3917391739173866 -26.6207144164130227
-17.3717371737173636 -52.6586887044364147
-17.3517351735173406 6.4532909168321639
-17.3317331733173319 12.7336238537494904
-17.3117311731173089 -26.9827618138046965
-17.2917291729172860 -5.5709174619325958
-17.2717271727172630 13.4331509819364285
-17.2517251725172542 -9.2975794128450495
-17.2317231723172313 -18.7460089137742791
-17.2117211721172083 -23.3529046519392800
-17.1917191719171853 -40.6224454447296495
-17.1717171717171624 -9.1474990615822236
-17.1517151715171536 7.2558303671842657
-17.1317131713171307 17.7409536860597044
-17.1117111711171077 0.8540200399434043
-17.0917091709170847 39.5336165366165631
-17.0717071707170618 -10.0439088951932671
-17.0517051705170530 8.5919214622128361
-17.0317031703170301 -2.6047088580353188
-17.0117011701170071 30.1842509971455115
-16.9916991699169841 36.4201643306876761
-16.9716971697169612 38.0713808686944617
-16.9516951695169524 -20.5632545905903683
-16.9316931693169295 -20.5350813163103112
-16.9116911691169065 -8.5906611256359984
-16.8916891689168835 8.7568603276648247
-16.8716871687168606 6.9842898623391090
-16.8516851685168518 -0.5825255693760094
-16.8316831683168289 -39.7202331026890718
-16.8116811681168059 -0.9842973025158237
-16.7916791679167829 6.6453300376760165
-16.7716771677167742 -33.6216045076399155
-16.7516751675167512 -35.6177498830191226
-16.7316731673167283 18.3825492222716171
-16.7116711671167053 29.1226091614319245
-16.6916691669166823 -11.9334169543212560
-16.6716671667166736 45.8794471728587041
-16.6516651665166506 8.2613722602093027
-16.6316631663166277 7.1232570588390161
-16.6116611661166047 -11.0845843352311686
-16.5916591659165817 21.1055505066075675
-16.5716571657165730 1.9497621219953021
-16.5516551655165500 12.7595332121955920
-16.5316531653165271 27.8139531752387548
-16.5116511651165041 -10.7829164656730185
-16.4916491649164811 -19.3539100146799541
-16.4716471647164724 23.7781477612782268
-16.4516451645164494 -27.9533810246648748
-16.4316431643164265 17.3064990120006641
-16.4116411641164035 2.0029146506900366
-16.3916391639163805 -2.6646013583875252
-16.3716371637163718 22.4789148010858142
-16.3516351635163488 -11.2973178256127245
-16.3316331633163259 -12.7029746022955727
-16.3116311631163029 -19.5624050551607276
-16.2916291629162941 -9.1922999185848671
-16.2716271627162712 -23.9470783465396551
-16.2516251625162482 8.7204570419148943
-16.2316231623162253 -3.4484688949702313
-16.2116211621162023 1.1131508779176253
-16.1916191619161935 -8.9056180021352223
-16.1716171617161706 16.8553946791829894
-16.1516151615161476 6.9919030821334980
-16.1316131613161247 -19.3080866478553581
-16.1116111611161017 31.1188574466730437
-16.0916091609160929 -45.7470728967291933
-16.0716071607160700 -10.1327269619194027
-16.0516051605160470 -12.0504430016555837
-16.0316031603160241 -13.0292217053481014
-16.0116011601160011 31.0529976485270645
-15.9915991599159923 4.7437327426573859
-15.9715971597159694 -14.5547246699311064
-15.9515951595159464 2.5153135935770710
-15.9315931593159235 -37.5672150946177936
-15.9115911591159005 -18.7502935972781302
-15.8915891589158917 -16.9096978634324131
-15.8715871587158688 32.4796949059876496
-15.8515851585158458 25.3234069993930326
-15.8315831583158229 -21.2283359149587199
-15.8115811581158141 -12.3409487914087244
-15.7915791579157911 8.3447326051851736
-15.7715771577157682 5.2539538073131569
-15.7515751575157452 -16.8133658611333772
-15.7315731573157223 16.8073356179535338
-15.7115711571157135 9.3453080611982209
-15.6915691569156905 9.1375484391721713
-15.6715671567156676 6.1279142819272669
-15.6515651565156446 4.6819678202963964
-15.6315631563156217 28.1239158301605734
-15.6115611561156129 -12.1486982791290323
-15.5915591559155899 2.7414476898552467
-15.5715571557155670 22.6201093964684006
-15.5515551555155440 65.9470869004905325
-15.5315531553155211 30.8148353992912654
-15.5115511551155123 6.9089287236914689
-15.4915491549154893 -8.3487674732117476
-15.4715471547154664 -45.7537345780232201
-15.4515451545154434 -23.2934121862414116
-15.4315431543154205 -45.1733253144282401
-15.4115411541154117 -9.6533992655252483
-15.3915391539153887 12.6637693949119026
-15.3715371537153658 17.5952780676579934
-15.3515351535153428 -8.7040742460940894
-15.3315331533153341 -14.3376340651096044
-15.3115311531153111 -3.1914141843300703
-15.2915291529152881 -3.9118759057202848
-15.2715271527152652 16.4774971633272536
-15.2515251525152422 4.5295810780337344
-15.2315231523152335 4.3198437581406148
-15.2115211521152105 35.4296494308021934
-15.1915191519151875 16.0403107868778179
-15.1715171517151646 -2.6599569832156220
-15.1515151515151416 -2.5238457034689077
-15.1315131513151329 49.7519076916000529
-15.1115111511151099 -3.1113301623139682
-15.0915091509150869 6.9181709846360819
-15.0715071507150640 21.5476517550209330
-15.0515051505150410 6.7061143636326284
-15.0315031503150323 28.4747964727422094
-15.0115011501150093 1.7387582021326766
-14.9914991499149863 43.4047021298624571
-14.9714971497149634 15.0839126050613146
-14.9514951495149404 -0.0594943987475185
-14.9314931493149317 11.7830900636695404
-14.9114911491149087 34.8114179333153686
-14.8914891489148857 4.8547290147168667
-14.8714871487148628 -19.2513343948781106
-14.8514851485148540 -10.6143677064583635
-14.8314831483148311 7.8054964098199298
-14.8114811481148081 -0.7592438386601126
-14.7914791479147851 5.7523548445133654
-14.7714771477147622 6.4001052273619274
-14.7514751475147534 42.5402406496048613
-14.7314731473147305 30.6525150875956385
-14.7114711471147075 32.7862474925395304
-14.6914691469146845 6.7282107560024436
-14.6714671467146616 4.6059478943977101
-14.6514651465146528 22.0941382649826821
-14.6314631463146299 18.9801213449381549
-14.6114611461146069 23.2719103997887018
-14.5914591459145839 36.8370279555699369
-14.5714571457145610 1.0015692172838637
-14.5514551455145522 -23.4536749925277270
-14.5314531453145293 1.3520561829182114
-14.5114511451145063 26.7176520791073422
-14.4914491449144833 22.5723980621211098
-14.4714471447144604 4.4962281059642120
-14.4514451445144516 13.1921770997843240
-14.4314431443144287 -4.3548429487693312
-14.4114411441144057 3.2423379650143804
-14.3914391439143827 7.2879750750343177
-14.3714371437143740 28.0958100856589965
-14.3514351435143510 -32.6229951624097083
-14.3314331433143280 25.2259076715075814
-14.3114311431143051 -19.6356125757733828
-14.2914291429142821 -23.0277572848258210
-14.2714271427142734 -2.5442786748599033
-14.2514251425142504 12.5095001982215912
-14.2314231423142274 4.7881990186550940
-14.2114211421142045 3.5132794816454598
-14.1914191419141815 12.4286664878100908
-14.1714171417141728 -35.1578316645143332
-14.1514151415141498 18.0081091755463554
-14.1314131413141268 -30.3681497568823673
-14.1114111411141039 45.8748176788707482
-14.0914091409140809 -16.3165170347600679
-14.0714071407140722 4.3094502589247679
-14.0514051405140492 29.0966004616225575
-14.0314031403140262 -5.7646712008217094
-14.0114011401140033 -8.1633179025571394
-13.9913991399139803 12.0198848381832271
-13.9713971397139716 6.6459805603092681
-13.9513951395139486 -0.1950251340354345
-13.9313931393139256 16.5988728124698888
-13.9113911391139027 41.0233051098516697
-13.8913891389138939 32.4182579435863261
-13.8713871387138710 2.0731667203375297
-13.8513851385138480 -9.5923836483440503
-13.8313831383138250 -37.2690974977771674
-13.8113811381138021 -15.8254206838985088
-13.7913791379137933 5.8919105241021512
-13.7713771377137704 -5.8712612016456678
-13.7513751375137474 16.4837124328667457
-13.7313731373137244 26.6014355703561911
-13.7113711371137015 33.1134150147915420
-13.6913691369136927 -10.8099527286335118
-13.6713671367136698 3.0612244418294825
-13.6513651365136468 46.8267404537434260
-13.6313631363136238 -1.4479628437981109
-13.6113611361136009 0.5699095693652039
-13.5913591359135921 41.3727889756493212
-13.5713571357135692 17.5083700186188977
-13.5513551355135462 29.5676686028114624
-13.5313531353135232 -4.0783263982597742
-13.5113511351135003 34.8067716694806606
-13.4913491349134915 27.9970242911869249
-13.4713471347134686 7.6720821548450573
-13.4513451345134456 25.7831526775920246
-13.4313431343134226 42.0578358186149259
-13.4113411341134139 44.4836302417294718
-13.3913391339133909 14.4503813682476867
-13.3713371337133680 -16.7088048295410516
-13.3513351335133450 11.5726751395389744
-13.3313331333133220 -11.3038355546899361
-13.3113311331133133 32.3566597172722226
-13.2913291329132903 41.8059601890886299
-13.2713271327132674 25.7207891248062381
-13.2513251325132444 -35.3413944271109273
-13.2313231323132214 -0.3725937699375645
-13.2113211321132127 -2.7000513925261025
-13.1913191319131897 26.4850008321938972
-13.1713171317131668 25.0240748559080366
-13.1513151315131438 10.6695807719117397
-13.1313131313131208 33.5646421589432293
-13.1113111311131121 21.0466302042470055
-13.0913091309130891 5.7542243943510094
-13.0713071307130662 -0.9698268685483384
-13.0513051305130432 15.8757552255773611
-13.0313031303130202 -3.6023905548992214
-13.0113011301130115 -5.1009987024145573
-12.9912991299129885 9.5938780117175959
-12.9712971297129656 -12.9939696774938902
-12.9512951295129426 17.8873758947638954
-12.9312931293129338 20.7646713603482240
-12.9112911291129109 0.5646361377347375
-12.8912891289128879 -19.2210130234630583
-12.8712871287128650 -19.1935262512928304
-12.8512851285128420 27.1801070894138377
-12.8312831283128332 -8.5243213982494890
-12.8112811281128103 -3.5314063984585253
-12.7912791279127873 19.3166304864648666
-12.7712771277127644 -35.2657507145910571
-12.7512751275127414 3.9294495832163605
-12.7312731273127326 -29.8630846493733486
-12.7112711271127097 -24.8965696819689732
-12.6912691269126867 3.2613267353230313
-12.6712671267126638 -5.5143821014401837
-12.6512651265126408 -27.1887862349055212
-12.6312631263126320 22.4933931840280685
-12.6112611261126091 16.9308871187591592
-12.5912591259125861 1.9235805641696651
-12.5712571257125632 12.4954162453690909
-12.5512551255125402 19.3354037584900809
-12.5312531253125314 44.7583815800105711
-12.5112511251125085 -20.9492726778080396
-12.4912491249124855 6.9396014747400008
-12.4712471247124626 0.4237127309119000
-12.4512451245124538 26.8978342671375650
-12.4312431243124308 -5.8090324680011722
-12.4112411241124079 26.1754341862798441
-12.3912391239123849 42.8842574202889892
-12.3712371237123619 -15.7247215340187925
-12.3512351235123532 34.7700826688135365
-12.3312331233123302 16.5477739454131267
-12.3112311231123073 -8.9060975775856175
-12.2912291229122843 9.5742578282690669
-12.2712271227122613 13.0377961658374701
-12.2512251225122526 -19.4373348309518903
-12.2312231223122296 4.9503120910574721
-12.2112211221122067 70.7616569856736675
-12.1912191219121837 26.1247081083785311
-12.1712171217121607 33.0879794039807678
-12.1512151215121520 -8.4055153230442841
-12.1312131213121290 -38.9811947443172642
-12.1112111211121061 15.0630577516728117
-12.0912091209120831 -26.8725676408847676
-12.0712071207120601 31.5032784768821088
-12.0512051205120514 10.2005565670511587
-12.0312031203120284 15.2546091389216656
-12.0112011201120055 10.4836859566761333
-11.9911991199119825 -15.0606451839094859
-11.9711971197119738 23.0996811275094345
-11.9511951195119508 29.4585569578836797
-11.9311931193119278 10.2179405243154324
-11.9111911191119049 -22.0070905694453955
-11.8911891189118819 20.1124508480602415
-11.8711871187118732 -33.0911166159353769
-11.8511851185118502 17.6068331630862112
-11.8311831183118272 35.4396826047365963
-11.8111811181118043 1.8823755875157282
-11.7911791179117813 30.0836391469813016
-11.7711771177117726 3.4630272127783241
-11.7511751175117496 28.2989071736766746
-11.7311731173117266 57.2902179434716103
-11.7111711171117037 45.8831676897461875
-11.6911691169116807 -30.3337558621898822
-11.6711671167116720 1.0612393149434247
-11.6511651165116490 20.9218232888625977
-11.6311631163116260 24.7167964097135453
-11.6111611161116031 14.4909122300308049
-11.5911591159115801 14.6878047274124963
-11.5711571157115714 22.1431961405982420
-11.5511551155115484 -19.2014267071889044
-11.5311531153115254 -6.0946307488631568
-11.5111511151115025 14.1722885957704747
-11.4911491149114937 -1.7344549528623308
-11.4711471147114707 -1.1607227689767807
-11.4511451145114478 43.0202849137322261
-11.4311431143114248 29.8773112996061698
-11.4111411141114019 33.2703990236674869
-11.3911391139113931 27.2469397667875484
-11.3711371137113701 25.7373965261032644
-11.3511351135113472 35.8786446492059881
-11.3311331133113242 27.1429348802222066
-11.3111311131113013 -9.3768565400670614
-11.2911291129112925 7.4215116450437897
-11.2711271127112695 14.6212011304576741
-11.2511251125112466 25.8715870476681147
-11.2311231123112236 28.7704092071399238
-11.2111211121112007 -7.3987501422045714
-11.1911191119111919 3.9895239593896932
-11.1711171117111689 -13.2304842101083793
-11.1511151115111460 45.6182218870211429
-11.1311131113111230 26.6594573858963813
-11.1111111111111001 -7.2186941551566637
-11.0911091109110913 8.7244770556661262
-11.0711071107110683 76.0523782267668054
-11.0511051105110454 2.8689194837946221
-11.0311031103110224 21.7001722181662515
-11.0111011101110137 2.2270468317333538
-10.9910991099109907 -3.6470195334724025
-10.9710971097109677 33.0311177730250165
-10.9510951095109448 25.6777886183934783
-10.9310931093109218 0.9994730598806658
-10.9110911091109131 33.4852486766997828
-10.8910891089108901 -0.2734463489611230
-10.8710871087108671 -1.5317838473423588
-10.8510851085108442 8.0196001079775705
-10.8310831083108212 11.7834471943244807
-10.8110811081108125 5.4360152913072914
-10.7910791079107895 -12.2874697219322719
-10.7710771077107665 -13.2962864916935271
-10.7510751075107436 29.1234886478155630
-10.7310731073107206 -7.1190851514665159
-10.7110711071107119 -5.3111360540761936
-10.6910691069106889 20.5420877259428600
-10.6710671067106659 6.2498920734081151
-10.6510651065106430 5.6171670165113916
-10.6310631063106200 -3.0789150480362100
-10.6110611061106113 29.4282267790200223
-10.5910591059105883 39.3394595040825124
-10.5710571057105653 28.1830133434230916
-10.5510551055105424 0.2687548418389891
-10.5310531053105336 -15.4906482668520482
-10.5110511051105107 0.7194747061327966
-10.4910491049104877 40.1562983364794377
-10.4710471047104647 52.8888424545460438
-10.4510451045104418 18.3276219669518028
-10.4310431043104330 17.6958060588528205
-10.4110411041104101 3.3416390611883564
-10.3910391039103871 -11.3238788774735060
-10.3710371037103641 37.6243239968794967
-10.3510351035103412 44.8269958705196601
-10.3310331033103324 37.7933157482990012
-10.3110311031103095 54.8087380806019553
-10.2910291029102865 38.1551052435500679
-10.2710271027102635 31.1935754112074122
-10.2510251025102406 17.3252044928970506
-10.2310231023102318 -8.6601692540520521
-10.2110211021102089 25.0509915362774720
-10.1910191019101859 -27.4261378338048019
-10.1710171017101629 19.6393865661507725
-10.1510151015101400 27.8554095921660192
-10.1310131013101312 39.7352751150556713
-10.1110111011101083 33.9277309310849233
-10.0910091009100853 -14.7019403093186867
-10.0710071007100623 41.8860428403598490
-10.0510051005100536 37.9186993445923690
-10.0310031003100306 17.2129704345620844
-10.0110011001100077 2.5761050093920659
-9.9909990999099847 38.5150046334201832
-9.9709970997099617 -11.9732952583371013
-9.9509950995099530 3.1002094747164008
-9.9309930993099300 4.1500469377358318
-9.9109910991099071 49.0790623037880778
-9.8909890989098841 37.6029070080584518
-9.8709870987098611 68.8934957706164681
-9.8509850985098524 -13.4505909200571558
-9.8309830983098294 7.1312116444035194
-9.8109810981098065 50.2239340746059213
-9.7909790979097835 21.8702811051872672
-9.7709770977097605 43.4121110443208380
-9.7509750975097518 -2.7420981706355079
-9.7309730973097288 41.1197997713917474
-9.7109710971097059 42.1953793177652443
-9.6909690969096829 10.6880528720675940
-9.6709670967096599 40.0187201825422108
-9.6509650965096512 12.6188741756410305
-9.6309630963096282 14.1302747039690768
-9.6109610961096053 23.3962686228902612
-9.5909590959095823 43.1855981603514749
-9.5709570957095735 -5.8643413370652908
-9.5509550955095506 -18.7385204386512285
-9.5309530953095276 28.3618861325724296
-9.5109510951095046 25.4284106800049088
-9.4909490949094817 6.4875729772739490
-9.4709470947094729 19.5267502952813246
-9.4509450945094500 50.5183233939095899
-9.4309430943094270 44.1146128296005742
-9.4109410941094040 28.4310685578259594
-9.3909390939093811 25.4247299974172485
-9.3709370937093723 27.2483654485550630
-9.3509350935093494 8.0250852215673163
-9.3309330933093264 35.6373254022003110
-9.3109310931093034 16.0139387521331713
-9.2909290929092805 24.5063904704062203
-9.2709270927092717 9.0898147731752168
-9.2509250925092488 -27.0993602698962022
-9.2309230923092258 2.4026081084990363
-9.2109210921092028 -4.0970616223798597
-9.1909190919091799 5.7955353013002053
-9.1709170917091711 1.4873966806618331
-9.1509150915091482 56.4787924417767186
-9.1309130913091252 7.1051990337596811
-9.1109110911091022 13.1219367940892564
-9.0909090909090935 -5.1172294035271602
-9.0709070907090705 7.4632740712172536
-9.0509050905090476 14.8665346063899779
-9.0309030903090246 -21.9911654708459530
-9.0109010901090016 9.3434725027651506
-8.9908990899089929 19.4449095978888025
-8.9708970897089699 -11.7664094147371756
-8.9508950895089470 8.2275606719204291
-8.9308930893089240 -2.3878139826882645
-8.9108910891089010 32.1023908893105272
-8.8908890889088923 8.9703568714109352
-8.8708870887088693 34.6683269593165093
-8.8508850885088464 3.1150164591527076
-8.8308830883088234 28.9130150073749057
-8.8108810881088004 34.6685389337530552
-8.7908790879087917 -9.7597565014172503
-8.7708770877087687 2.1592593355411633
-8.7508750875087458 4.1423749472275002
-8.7308730873087228 33.3936917629766299
-8.7108710871086998 37.9064692819790849
-8.6908690869086911 -12.4812021158033648
-8.6708670867086681 39.0149354225542169
-8.6508650865086452 31.3773835246542241
-8.6308630863086222 -6.7124811210487749
-8.6108610861086134 25.8575935199038582
-8.5908590859085905 -0.4594083413049894
-8.5708570857085675 3.3024995227153031
-8.5508550855085446 16.8569115583105145
-8.5308530853085216 -25.0393376581690177
-8.5108510851085128 0.7703044135884056
-8.4908490849084899 22.5557248239988866
-8.4708470847084669 32.0462409841675324
-8.4508450845084440 -5.2962945721608161
-8.4308430843084210 24.4959378508439798
-8.4108410841084122 55.8506448186957982
-8.3908390839083893 -4.4580114363739476
-8.3708370837083663 48.4614788884602206
-8.3508350835083434 52.6476048100746610
-8.3308330833083204 4.5121426417294810
-8.3108310831083116 4.2329712454644781
-8.2908290829082887 -34.3207426012310464
-8.2708270827082657 9.4692679241652087
-8.2508250825082428 -3.0532341220880390
-8.2308230823082198 -1.1243205131227061
-8.2108210821082110 0.4675024471292097
-8.1908190819081881 48.3579319113731572
-8.1708170817081651 30.0015450594208986
-8.1508150815081422 33.1930180780317130
-8.1308130813081334 45.0793406795341767
-8.1108110811081104 25.2429221604573648
-8.0908090809080875 18.2539125596032861
-8.0708070807080645 41.4520617320581195
-8.0508050805080416 13.7008157089617519
-8.0308030803080328 17.2031353367007505
-8.0108010801080098 -6.3181772328743868
-7.9907990799079869 18.6488021521945555
-7.9707970797079639 28.3850077146986095
-7.9507950795079410 63.6578122457410487
-7.9307930793079322 -16.2997594651842199
-7.9107910791079092 -9.3245087967032347
-7.8907890789078863 40.4455214901602957
-7.8707870787078633 0.9407020076373538
-7.8507850785078404 6.9092259890297782
-7.8307830783078316 28.2050809221099108
-7.8107810781078086 23.1418679721257661
-7.7907790779077857 12.3954243941047473
-7.7707770777077627 -15.8442288046914328
-7.7507750775077398 11.8737567411874174
-7.7307730773077310 20.1040828433820167
-7.7107710771077080 9.6459718606669345
-7.6907690769076851 24.8450137930605948
-7.6707670767076621 18.3434445365258263
-7.6507650765076392 18.4450690835198685
-7.6307630763076304 18.0888045278351512
-7.6107610761076074 43.7924947105236129
-7.5907590759075845 2.5939002159638438
-7.5707570757075615 20.5810361637000234
-7.5507550755075528 19.5553075363916946
-7.5307530753075298 -9.1172183506353672
-7.5107510751075068 15.3992565039974174
-7.4907490749074839 57.7205753767088368
-7.4707470747074609 51.3757728309369526
-7.4507450745074522 38.0173906324214386
-7.4307430743074292 20.4564832306689439
-7.4107410741074062 39.2544849595900587
-7.3907390739073833 -29.5661970610225779
-7.3707370737073603 1.3588117009137353
-7.3507350735073516 29.8881090732195887
-7.3307330733073286 38.1225747092744314
-7.3107310731073056 14.4254976709130212
-7.2907290729072827 23.2469533516923299
-7.2707270727072597 47.5209277830582550
-7.2507250725072510 0.0554390784591554
-7.2307230723072280 27.5781296500699824
-7.2107210721072050 -8.2387441665673542
-7.1907190719071821 8.6729383584409234
-7.1707170717071591 -10.9793635694855336
-7.1507150715071504 -27.6591459410500278
-7.1307130713071274 29.4887754901421815
-7.1107110711071044 -24.0727899818242861
-7.0907090709070815 -16.7262900757517485
-7.0707070707070727 -6.3311183442216930
-7.0507050705070498 -20.1591751472089413
-7.0307030703070268 45.7245108968572538
-7.0107010701070038 0.5942728172369645
-6.9906990699069809 17.1286307220102429
-6.9706970697069721 1.0358570836941468
-6.9506950695069492 19.1032135526303612
-6.9306930693069262 -8.7506182287439973
-6.9106910691069032 24.1719435578199793
-6.8906890689068803 37.5491772926020673
-6.8706870687068715 6.5837341361528363
-6.8506850685068486 37.5942965821084414
-6.8306830683068256 40.3100331566023158
-6.8106810681068026 51.5310103330636053
-6.7906790679067797 -5.0606894484960954
-6.7706770677067709 19.8399178504579439
-6.7506750675067480 -9.3564386709897533
-6.7306730673067250 16.8935524832575013
-6.7106710671067020 32.6839971153530868
-6.6906690669066791 8.2422723908866367
-6.6706670667066703 0.6144686308517340
-6.6506650665066473 31.3425581568106537
-6.6306630663066244 22.2803774858369792
-6.6106610661066014 0.4409482938126317
-6.5906590659065927 -33.3594080581927983
-6.5706570657065697 -0.5861321355973743
-6.5506550655065467 43.8500282538754078
-6.5306530653065238 30.7819678437504329
-6.5106510651065008 7.5345165672033598
-6.4906490649064921 13.5619495106115764
-6.4706470647064691 17.7334132470295032
-6.4506450645064461 51.0297800416573608
-6.4306430643064232 4.5376104608716634
-6.4106410641064002 5.9420397161179146
-6.3906390639063915 7.0920134340945484
-6.3706370637063685 25.5810555376130004
-6.3506350635063455 8.5795082660509614
-6.3306330633063226 -31.2345882558058854
-6.3106310631062996 20.0359014237988475
-6.2906290629062909 24.1717998930497799
-6.2706270627062679 16.8686907199245688
-6.2506250625062449 -9.8677241995706524
-6.2306230623062220 23.6181348399320790
-6.2106210621061990 23.6099987834043858
-6.1906190619061903 25.9286899739954251
-6.1706170617061673 -14.6316321294783833
-6.1506150615061443 -4.5529347039588011
-6.1306130613061214 -20.0189175791701253
-6.1106110611061126 31.0774073334871375
-6.0906090609060897 40.4813328036398445
-6.0706070607060667 6.7379126545217023
-6.0506050605060437 29.0286793987463838
-6.0306030603060208 11.3115298333097076
-6.0106010601060120 -19.9071100565372276
-5.9905990599059891 19.4407471212620884
-5.9705970597059661 2.2900454526457157
-5.9505950595059431 27.6478753960483203
-5.9305930593059202 -20.0591716891488829
-5.9105910591059114 25.0461283187670531
-5.8905890589058885 33.2588494852193861
-5.8705870587058655 24.2693893556834226
-5.8505850585058425 52.6333958650549789
-5.8305830583058196 6.3374927293018022
-5.8105810581058108 15.0465939518374174
-5.7905790579057879 25.6141711730698631
-5.7705770577057649 53.4732114165278318
-5.7505750575057419 8.5483815310876885
-5.7305730573057190 13.6460999381762740
-5.7105710571057102 9.9658200605821268
-5.6905690569056873 1.3503521842548736
-5.6705670567056643 -0.0941695832301548
-5.6505650565056413 21.4876516234439663
-5.6305630563056326 -21.0149463929258182
-5.6105610561056096 16.3171090582092688
-5.5905590559055867 34.8034212792773303
-5.5705570557055637 -8.7533097337955077
-5.5505550555055407 11.6942545260734327
-5.5305530553055320 2.2159603492617457
-5.5105510551055090 47.8795822012087413
-5.4905490549054861 1.9914091344160649
-5.4705470547054631 46.5058655457518313
-5.4505450545054401 53.7657368198289163
-5.4305430543054314 51.2151203549548910
-5.4105410541054084 35.9049493329744962
-5.3905390539053855 28.7418859684110757
-5.3705370537053625 -20.0662647258387921
-5.3505350535053395 23.2688288560784535
-5.3305330533053308 17.4405549671409865
-5.3105310531053078 45.6143970828231033
-5.2905290529052849 39.7478328633888438
-5.2705270527052619 9.9811496330699718
-5.2505250525052389 25.0573132387342739
-5.2305230523052302 13.6727140048521782
-5.2105210521052072 -19.3075670172450522
-5.1905190519051843 34.0213911884346274
-5.1705170517051613 -14.7134919261178965
-5.1505150515051525 50.3687302952442550
-5.1305130513051296 25.3126842857258829
-5.1105110511051066 11.2955035687808270
-5.0905090509050837 6.4490138801308259
-5.0705070507050607 35.4979965872929597
-5.0505050505050519 46.9587297273801383
-5.0305030503050290 -5.0168234648576266
-5.0105010501050060 -15.8869460394734077
-4.9904990499049831 49.5588212431030968
-4.9704970497049601 43.3117873646366789
-4.9504950495049513 44.7421640415218036
-4.9304930493049284 5.2881471375321727
-4.9104910491049054 29.1075150436279380
-4.8904890489048825 15.7788250198501334
-4.8704870487048595 11.8833930655066506
-4.8504850485048507 15.6311234970565742
-4.8304830483048278 13.5066687100649201
-4.8104810481048048 51.2574839846937635
-4.7904790479047819 25.8786163266114322
-4.7704770477047589 25.0818860638544088
-4.7504750475047501 -14.5242439797789782
-4.7304730473047272 4.2084967232490715
-4.7104710471047042 -25.7150898054347223
-4.6904690469046812 23.9332200431994622
-4.6704670467046725 0.9576031283329378
-4.6504650465046495 37.1181012573123752
-4.6304630463046266 -12.7748999134055090
-4.6104610461046036 11.0740670235188787
-4.5904590459045806 58.9436704034569416
-4.5704570457045719 19.1864663126852442
-4.5504550455045489 25.7771057339045271
-4.5304530453045260 14.3511329800144871
-4.5104510451045030 24.8485338241665090
-4.4904490449044800 29.3714367894526447
-4.4704470447044713 15.6702066283830863
-4.4504450445044483 9.7134538725602422
-4.4304430443044254 -23.2615334815359560
-4.4104410441044024 18.8995758515178629
-4.3904390439043794 36.4127396705650526
-4.3704370437043707 12.7016662954751780
-4.3504350435043477 32.0647249633770741
-4.3304330433043248 44.3920794603603213
-4.3104310431043018 31.5406502525090175
-4.2904290429042788 20.5856567026504393
-4.2704270427042701 -5.0860880235183394
-4.2504250425042471 1.2258152786016865
-4.2304230423042242 -9.0209335309825427
-4.2104210421042012 -11.5747748075973345
-4.1904190419041925 12.5136952122423910
-4.1704170417041695 5.3700702786913741
-4.1504150415041465 5.7757988220375243
-4.1304130413041236 13.8132611596362604
-4.1104110411041006 14.3880042981699532
-4.0904090409040919 47.9159280764825724
-4.0704070407040689 33.7005962019066345
-4.0504050405040459 38.8840246314191447
-4.0304030403040230 31.4704570895143547
-4.0104010401040000 -0.1038789284756110
-3.9903990399039913 33.0868747431439800
-3.9703970397039683 48.8402644061932989
-3.9503950395039453 13.2539069924791342
-3.9303930393039224 -8.5838071151869499
-3.9103910391038994 28.1295597087473972
-3.8903890389038907 17.9676411891161827
-3.8703870387038677 -5.5187428759665558
-3.8503850385038447 16.0701284979009174
-3.8303830383038218 -12.3957549239261144
-3.8103810381037988 -14.3894933809897942
-3.7903790379037900 -29.8432599128532701
-3.7703770377037671 38.0583537012226145
-3.7503750375037441 8.9716136481772715
-3.7303730373037212 -11.2859579165165620
-3.7103710371037124 19.5090119354474218
-3.6903690369036894 -10.0582276893915061
-3.6703670367036665 21.3349720324752852
-3.6503650365036435 32.7497819276638609
-3.6303630363036206 21.6349384018423123
-3.6103610361036118 4.0306453603833159
-3.5903590359035888 -1.8896869999055497
-3.5703570357035659 37.5989398170115692
-3.5503550355035429 -7.7425729241301706
-3.5303530353035200 6.5273739807501983
-3.5103510351035112 9.2627087530401511
-3.4903490349034882 11.2165555721734087
-3.4703470347034653 16.4850955932144139
-3.4503450345034423 34.1608709762448015
-3.4303430343034194 -3.2324889595148782
-3.4103410341034106 18.5690441690078245
-3.3903390339033876 14.2422597979107337
-3.3703370337033647 17.0819841777167341
-3.3503350335033417 -0.3338203233223851
-3.3303330333033188 32.1204645865645375
-3.3103310331033100 11.8457652501109134
-3.2903290329032870 20.6351535005752353
-3.2703270327032641 32.2964170013146656
-3.2503250325032411 9.9514127859282517
-3.2303230323032324 26.3133853184656559
-3.2103210321032094 14.0943513356005177
-3.1903190319031864 29.8707662658807394
-3.1703170317031635 -8.7941064107096700
-3.1503150315031405 -19.8937355048091895
-3.1303130313031318 6.2476359542080644
-3.1103110311031088 39.9361712749346438
-3.0903090309030858 55.6296865253012101
-3.0703070307030629 -32.2228431078502524
-3.0503050305030399 21.9950152876684584
-3.0303030303030312 -12.2206579796164849
-3.0103010301030082 -17.8054843834891656
-2.9902990299029852 11.8403278906646605
-2.9702970297029623 25.9846949627840864
-2.9502950295029393 33.2654372993784051
-2.9302930293029306 21.7198134005439059
-2.9102910291029076 -2.9015458806324830
-2.8902890289028846 -9.3067431818141007
-2.8702870287028617 25.0066242947523278
-2.8502850285028387 -12.9423915102613467
-2.8302830283028300 3.8020774826718196
-2.8102810281028070 44.2074734210043374
-2.7902790279027840 6.1959935585548056
-2.7702770277027611 4.3728408878535578
-2.7502750275027523 22.7459710277961875
-2.7302730273027294 7.6400917917899562
-2.7102710271027064 4.2912948077416004
-2.6902690269026834 21.1529420980633915
-2.6702670267026605 -11.7275291246390907
-2.6502650265026517 -2.4265227742295323
-2.6302630263026288 -19.9875576542448670
-2.6102610261026058 11.4207020365946761
-2.5902590259025828 1.7643834242810552
-2.5702570257025599 38.9158921428793647
-2.5502550255025511 12.4384250930398430
-2.5302530253025282 3.1108546775739612
-2.5102510251025052 28.1705907494641536
-2.4902490249024822 13.7412748449527999
-2.4702470247024593 37.1407165186502937
-2.4502450245024505 18.4476785454612795
-2.4302430243024276 23.0400834720238699
-2.4102410241024046 -38.7149762632665784
-2.3902390239023816 36.6948355733602654
-2.3702370237023587 -13.4379607465617923
-2.3502350235023499 32.6506675120916725
-2.3302330233023270 4.6881185338741673
-2.3102310231023040 -42.0040044219900324
-2.2902290229022810 17.2379242647019062
-2.2702270227022723 21.3894635851962995
-2.2502250225022493 -36.1338236770006063
-2.2302230223022264 3.6120243401452683
-2.2102210221022034 10.9843053855736983
-2.1902190219021804 9.1726646659705260
-2.1702170217021717 33.2596086756914957
-2.1502150215021487 -15.4861018333222553
-2.1302130213021258 -16.6124259286146412
-2.1102110211021028 23.8894733978869027
-2.0902090209020798 5.0314672334539630
-2.0702070207020711 24.6607503419809220
-2.0502050205020481 27.5959611105430369
-2.0302030203020252 1.3250512615184693
-2.0102010201020022 40.8941090192492211
-1.9901990199019792 9.4630506780891306
-1.9701970197019705 -0.9599942738536544
-1.9501950195019475 -10.4936199082267514
-1.9301930193019246 18.9775036925562013
-1.9101910191019016 44.9203143079799716
-1.8901890189018786 28.7534810182861307
-1.8701870187018699 -15.9806089899117083
-1.8501850185018469 3.4989441030411879
-1.8301830183018239 7.1653310096914753
-1.8101810181018010 -4.3130696349223090
-1.7901790179017922 19.5877056653107751
-1.7701770177017693 -3.1349832937429607
-1.7501750175017463 -11.6087680854930859
-1.7301730173017233 -8.4520030258218313
-1.7101710171017004 8.3814899263207483
-1.6901690169016916 29.3700916971469184
-1.6701670167016687 -25.8720061891061235
-1.6501650165016457 17.3151695747928613
-1.6301630163016227 3.5149523228768906
-1.6101610161015998 16.7990416632486230
-1.5901590159015910 6.3734982287688338
-1.5701570157015681 -6.3741496615283975
-1.5501550155015451 3.7777829770852236
-1.5301530153015221 -16.0385065411106282
-1.5101510151014992 25.7315919810570399
-1.4901490149014904 3.3377143279251733
-1.4701470147014675 -1.8933033426704533
-1.4501450145014445 11.7708540902792045
-1.4301430143014215 20.8581698896950840
-1.4101410141013986 -44.7919290144091420
-1.3901390139013898 2.2766530187577096
-1.3701370137013669 -9.1352667975288213
-1.3501350135013439 19.6971547039333288
-1.3301330133013209 32.2146361422809449
-1.3101310131013122 24.8599982535972011
-1.2901290129012892 4.9532804120744380
-1.2701270127012663 11.3611156655724912
-1.2501250125012433 -28.1715767495694287
-1.2301230123012203 26.4847013427612339
-1.2101210121012116 43.7115593103318218
-1.1901190119011886 61.7742978591026812
-1.1701170117011657 -6.3019330355977523
-1.1501150115011427 4.9437982231138999
-1.1301130113011197 -5.9407835020536712
-1.1101110111011110 -1.4688291831084683
-1.0901090109010880 15.8088223730926192
-1.0701070107010651 31.4482260073902182
-1.0501050105010421 26.8641320743241465
-1.0301030103010191 39.9778105425128842
-1.0101010101010104 -3.7987345000984121
-0.9900990099009874 16.8688123572983528
-0.9700970097009645 44.6288170688417765
-0.9500950095009415 -4.5566567172509256
-0.9300930093009185 -16.6376511078291784
-0.9100910091009098 11.9387068835306707
-0.8900890089008868 27.8170694537730157
-0.8700870087008639 6.6993332060163242
-0.8500850085008409 9.5631669331111553
-0.8300830083008321 34.7775345593514658
-0.8100810081008092 35.1197545787310546
-0.7900790079007862 29.2137576332808244
-0.7700770077007633 15.5624745286344872
-0.7500750075007403 23.0283374588019427
-0.7300730073007315 32.5010698249117453
-0.7100710071007086 12.4492432473389716
-0.6900690069006856 16.0028812755872920
-0.6700670067006627 -13.2063430108581699
-0.6500650065006397 7.3705210646465558
-0.6300630063006309 20.5364507212089080
-0.6100610061006080 67.6658458810255468
-0.5900590059005850 -2.1230291306243956
-0.5700570057005621 46.5843300385578871
-0.5500550055005391 -9.8255388476027008
-0.5300530053005303 11.5174085615836006
-0.5100510051005074 7.3406352719850974
-0.4900490049004844 47.1991333326996596
-0.4700470047004615 -24.3081695955621200
-0.4500450045004385 -18.5331954983635292
-0.4300430043004297 -0.9543841838147582
-0.4100410041004068 10.4025876010588032
-0.3900390039003838 -7.5224642609528178
-0.3700370037003609 6.9314515081374326
-0.3500350035003521 18.3747173528723238
-0.3300330033003291 23.4748117282350250
-0.3100310031003062 -14.7018422743667596
-0.2900290029002832 5.2397104148472513
-0.2700270027002603 -13.7265517329572297
-0.2500250025002515 -51.3891790371398116
-0.2300230023002285 20.6478172586913402
-0.2100210021002056 45.7696983489598637
-0.1900190019001826 14.6929287526049936
-0.1700170017001597 21.2473908984612478
-0.1500150015001509 -2.6109550789185114
-0.1300130013001279 13.4698277639190191
-0.1100110011001050 6.9708539308664452
-0.0900090009000820 22.7884043862833536
-0.0700070007000591 -23.9355081123398676
-0.0500050005000503 2.6919760587251158
-0.0300030003000273 17.6841437489314544
-0.0100010001000044 48.1563729211611502
0.0100010001000186 -1.4967970075670234
0.0300030003000415 21.3804896250685736
0.0500050005000503 26.1512936004389971
0.0700070007000733 31.7514836246900387
0.0900090009000962 24.3810812138250412
0.1100110011001192 39.1650235924010133
0.1300130013001279 -45.0932780755379241
0.1500150015001509 5.6859654412742398
0.1700170017001739 1.6615673910950033
0.1900190019001968 8.1867185455651477
0.2100210021002198 4.8689602856499334
0.2300230023002285 12.8579206639464925
0.2500250025002515 23.7334406071547406
0.2700270027002745 -5.5916509322475800
0.2900290029002974 38.3229721725187744
0.3100310031003204 8.2135538862417086
0.3300330033003291 23.8968959288563241
0.3500350035003521 8.0797765973607163
0.3700370037003751 12.6180670845561043
0.3900390039003980 2.0342940236616691
0.4100410041004210 -17.3946986487682267
0.4300430043004297 -13.6127690909379648
0.4500450045004527 -18.7707421268760726
0.4700470047004757 22.3240952485871773
0.4900490049004986 29.0762331022776550
0.5100510051005216 37.9050235741777044
0.5300530053005303 -5.2057288975698999
0.5500550055005533 11.5059922101871628
0.5700570057005763 3.5162805238361017
0.5900590059005992 10.6290771233711556
0.6100610061006080 14.9672602541565709
0.6300630063006309 10.0257315929937736
0.6500650065006539 13.4185188275592466
0.6700670067006769 -16.2494323811700312
0.6900690069006998 10.4701724324221495
0.7100710071007086 -3.2699340443268152
0.7300730073007315 -3.9090722969122833
0.7500750075007545 9.2207753406935975
0.7700770077007775 9.6750765844175053
0.7900790079008004 -21.2198775920883662
0.8100810081008092 10.7963255745842801
0.8300830083008321 -3.5633871374775481
0.8500850085008551 20.2132521934696925
0.8700870087008781 0.8722010235601072
0.8900890089009010 40.6332195428989920
0.9100910091009098 26.4355354331604104
0.9300930093009327 -7.0741254255659172
0.9500950095009557 36.0200153440065733
0.9700970097009787 -29.8600725721401972
0.9900990099010016 19.1725375017979758
1.0101010101010104 20.0306304987995674
1.0301030103010334 21.3647788100092839
1.0501050105010563 -31.2924510399385767
1.0701070107010793 -28.1954703291111457
1.0901090109010880 13.1981544597515992
1.1101110111011110 22.2866187982277353
1.1301130113011340 -0.9902235494521054
1.1501150115011569 -13.5942365844369828
1.1701170117011799 51.0430621272004288
1.1901190119011886 5.7551369325867148
1.2101210121012116 6.8997108937540279
1.2301230123012346 -6.1936693877282050
1.2501250125012575 3.0602400820035340
1.2701270127012805 4.5721333057088200
1.2901290129012892 50.3726733689351320
1.3101310131013122 -14.9407811528777046
1.3301330133013352 -10.4057732733193227
1.3501350135013581 17.0546449564379614
1.3701370137013811 36.7145682035680352
1.3901390139013898 -20.7592131163930489
1.4101410141014128 42.4651420067461771
1.4301430143014358 2.7986861389489954
1.4501450145014587 -18.5444079282738272
1.4701470147014817 6.4581902106709403
1.4901490149014904 -19.3409179030548373
1.5101510151015134 -12.2550310157735218
1.5301530153015364 6.5711058535906117
1.5501550155015593 31.5843537023574186
1.5701570157015681 20.7133660824981760
1.5901590159015910 11.8630636695438074
1.6101610161016140 1.4587631374233947
1.6301630163016370 25.7246835355321224
1.6501650165016599 -18.2622590257150286
1.6701670167016687 -14.7402057518680625
1.6901690169016916 -12.1284786161915168
1.7101710171017146 -22.7378505438560907
1.7301730173017376 -27.6318709150497384
1.7501750175017605 17.8095970100743628
1.7701770177017693 8.0749711145015795
1.7901790179017922 -3.4729854975207424
1.8101810181018152 4.9950895841462346
1.8301830183018382 14.0757861142086931
1.8501850185018611 28.7794998466400216
1.8701870187018699 41.0821837426389038
1.8901890189018928 13.2119764560546979
1.9101910191019158 15.6702518949925800
1.9301930193019388 8.0910404746314413
1.9501950195019617 -27.5962050491515889
1.9701970197019705 -38.1032373825474053
1.9901990199019934 -11.1273033299601316
2.0102010201020164 5.8278366961987640
2.0302030203020394 -10.8880083045175802
2.0502050205020481 22.2025081140281415
2.0702070207020711 34.1322105057061194
2.0902090209020940 17.7910887766632655
2.1102110211021170 -16.0643971533798293
2.1302130213021400 21.3761538286684853
2.1502150215021487 6.1061266099713807
2.1702170217021717 -2.7228765104074331
2.1902190219021946 33.6150644770157356
2.2102210221022176 -13.2915756004244496
2.2302230223022406 29.4765543675971280
2.2502250225022493 34.4488229001777810
2.2702270227022723 -0.0033386760375098
2.2902290229022952 21.0611961931445251
2.3102310231023182 -5.9380381143764165
2.3302330233023412 -0.5400854976313649
2.3502350235023499 -19.9444474175929187
2.3702370237023729 20.3771947656753127
2.3902390239023958 35.0167926392421549
2.4102410241024188 14.5779270449495506
2.4302430243024418 27.7694458462750262
2.4502450245024505 19.5359191409070192
2.4702470247024735 -1.8998929503793907
2.4902490249024964 1.1218161606765040
2.5102510251025194 11.4532202952042752
2.5302530253025424 5.1216277519746960
2.5502550255025511 19.0748705912922247
2.5702570257025741 -25.0878294955203494
2.5902590259025970 4.6480954920511355
2.6102610261026200 64.5426842664190303
2.6302630263026288 43.3376799969225104
2.6502650265026517 12.4674017710303922
2.6702670267026747 21.1892126987021641
2.6902690269026976 3.0024219773687628
2.7102710271027206 -34.1939204873035152
2.7302730273027294 2.5886975152340161
2.7502750275027523 -1.0511773149401957
2.7702770277027753 -12.5760124082972577
2.7902790279027982 18.1446024788140576
2.8102810281028212 -2.4485563558176704
2.8302830283028300 10.5817760406714303
2.8502850285028529 10.0857099252314626
2.8702870287028759 27.9834394420345731
2.8902890289028988 29.6989968789111884
2.9102910291029218 -39.5678492531289834
2.9302930293029306 20.3718218552607873
2.9502950295029535 9.5881275496292808
2.9702970297029765 13.2727176694993734
2.9902990299029995 31.2689981150180927
3.0103010301030224 24.8442888715586498
3.0303030303030312 -20.7497193245602496
3.0503050305030541 0.8378956501058132
3.0703070307030771 25.0241216429387379
3.0903090309031001 25.7239987777855958
3.1103110311031088 17.8267328141913524
3.1303130313031318 -7.8824113767665898
3.1503150315031547 -3.7099542812486490
3.1703170317031777 -7.2136592225955321
3.1903190319032007 19.6698300441017260
3.2103210321032094 4.0430161284721393
3.2303230323032324 26.4427893610096234
3.2503250325032553 30.0132448724536509
3.2703270327032783 14.3916202304893091
3.2903290329033013 16.3296108695731519
3.3103310331033100 30.0761093756032558
3.3303330333033330 64.8124118175460495
3.3503350335033559 -6.6543033455491418
3.3703370337033789 -18.5338483409723516
3.3903390339034019 -16.1419063398222633
3.4103410341034106 18.8490273935043575
3.4303430343034336 10.4952711549429765
3.4503450345034565 26.9567969569586516
3.4703470347034795 10.8379697244176079
3.4903490349035025 -7.3890956810856254
3.5103510351035112 12.4970406159843037
3.5303530353035342 11.4732211174027601
3.5503550355035571 -4.8563396946551824
3.5703570357035801 6.2612891304555198
3.5903590359035888 16.2463698394339353
3.6103610361036118 31.3153341014368607
3.6303630363036348 30.7617857226804823
3.6503650365036577 3.1229511955943550
3.6703670367036807 11.1719024235575439
3.6903690369036894 -12.8022980478829069
3.7103710371037124 26.2311418039918820
3.7303730373037354 -23.1769372290757794
3.7503750375037583 19.4038307298097799
3.7703770377037813 1.9164349154990257
3.7903790379037900 12.3046226430791030
3.8103810381038130 34.5537868465409232
3.8303830383038360 11.5502502697433336
3.8503850385038589 -12.5630173728549579
3.8703870387038819 -17.6201201750941010
3.8903890389038907 29.0063178735800449
3.9103910391039136 25.5511721921451276
3.9303930393039366 -11.2121176339265887
3.9503950395039595 4.6504893372823011
3.9703970397039825 32.6816131207543776
3.9903990399039913 11.5003696657439978
4.0104010401040142 4.8371348496962714
4.0304030403040372 24.5433685199120859
4.0504050405040601 7.7133236728908203
4.0704070407040689 19.1431076173744898
4.0904090409040919 10.4721392121534009
4.1104110411041148 -12.1863557115006387
4.1304130413041378 63.2331876573824587
4.1504150415041607 19.5137267784190556
4.1704170417041695 53.3964443432544371
4.1904190419041925 7.3112129584871495
4.2104210421042154 -19.1154042297273463
4.2304230423042384 45.5957917180169972
4.2504250425042613 17.7650012323495687
4.2704270427042701 41.4623659367668509
4.2904290429042931 -7.4765894780628646
4.3104310431043160 15.1721734951348282
4.3304330433043390 -0.4807491332656113
4.3504350435043619 23.4886278753220807
4.3704370437043707 -9.2465973615690409
4.3904390439043937 -17.3468562667913311
4.4104410441044166 46.3767578100991216
4.4304430443044396 0.4805827586463263
4.4504450445044625 21.9378655463581325
4.4704470447044713 -17.5533893238833087
4.4904490449044943 -21.7044055898644892
4.5104510451045172 29.4490420291786137
4.5304530453045402 19.4653914537919377
4.5504550455045489 -9.3915902848019659
4.5704570457045719 7.8719878530922101
4.5904590459045949 47.0282580413881135
4.6104610461046178 22.0210092142562708
4.6304630463046408 -16.5355102941297645
4.6504650465046495 -12.1820579104913485
4.6704670467046725 -3.2483113782535584
4.6904690469046955 9.1317972365805868
4.7104710471047184 -11.1578479283558778
4.7304730473047414 -2.2322003277885205
4.7504750475047501 19.5621035000621575
4.7704770477047731 -3.1970600537910281
4.7904790479047961 -0.0231957560144744
4.8104810481048190 -26.8796295725896641
4.8304830483048420 0.8522437317647711
4.8504850485048507 6.5649317330422425
4.8704870487048737 16.8978097484807677
4.8904890489048967 18.5517636226158444
4.9104910491049196 -7.8927277919941101
4.9304930493049426 44.2273591405308011
4.9504950495049513 6.9335395734296466
4.9704970497049743 -18.6855248419521125
4.9904990499049973 14.8163102317501902
5.0105010501050202 16.0429974959435491
5.0305030503050290 -42.9185055683290315
5.0505050505050519 13.2806327986385746
5.0705070507050749 6.0285095070379437
5.0905090509050979 14.7959147782003253
5.1105110511051208 31.4370913766518889
5.1305130513051296 -2.0076944800914629
5.1505150515051525 1.0396052526371533
5.1705170517051755 3.4052829979961570
5.1905190519051985 -3.3590438328065333
5.2105210521052214 -15.9471411197902810
5.2305230523052302 -25.0094798777448943
5.2505250525052531 11.0326486650631921
5.2705270527052761 -9.6788556815001598
5.2905290529052991 30.2391915438190537
5.3105310531053220 1.4891369479414640
5.3305330533053308 -0.7968397567130814
5.3505350535053537 -8.7223680457915655
5.3705370537053767 2.2241409669720937
5.3905390539053997 31.9980490752543183
5.4105410541054226 21.0006200482450183
5.4305430543054314 6.1138997401015018
5.4505450545054543 -27.6612506559856044
5.4705470547054773 13.8075575700564457
5.4905490549055003 5.2944969149730499
5.5105510551055090 17.3651383270948543
5.5305530553055320 22.0005086841490254
5.5505550555055549 6.0832725832052521
5.5705570557055779 -25.4940706407956803
5.5905590559056009 -14.9779787841092045
5.6105610561056096 9.1965259251444085
5.6305630563056326 18.4066379346699662
5.6505650565056555 -1.7297604944482869
5.6705670567056785 2.4219940694532252
5.6905690569057015 -9.8393761888793740
5.7105710571057102 26.4653966855704610
5.7305730573057332 1.2226885403376939
5.7505750575057561 21.2749805423819254
5.7705770577057791 -4.3457649014034292
5.7905790579058021 -6.2579049888875211
5.8105810581058108 -7.6635087597382654
5.8305830583058338 -1.0714551966270534
5.8505850585058568 -48.9243115616426820
5.8705870587058797 -1.0298794174831816
5.8905890589059027 -13.0101509418899894
5.9105910591059114 14.9846186412889946
5.9305930593059344 -10.9964504496482860
5.9505950595059574 14.6041895588376835
5.9705970597059803 -16.8903382505040156
5.9905990599059891 -31.6329648304199722
6.0106010601060120 2.1845247063612288
6.0306030603060350 15.6761440456051488
6.0506050605060580 -36.7227572628738841
6.0706070607060809 -36.6600667988335687
6.0906090609060897 12.3104883683934485
6.1106110611061126 26.3657692837358191
6.1306130613061356 -25.1350574000105951
6.1506150615061586 0.8452606552559918
6.1706170617061815 -2.4388251658398636
6.1906190619061903 39.9522710150119167
6.2106210621062132 -37.6371984207465999
6.2306230623062362 22.3219282309948710
6.2506250625062592 -12.4396989163020688
6.2706270627062821 -9.9694775866219736
6.2906290629062909 44.2401191641843994
6.3106310631063138 9.3786537503902867
6.3306330633063368 40.2145407055371535
6.3506350635063598 -47.2576619062825998
6.3706370637063827 -3.5059040566653259
6.3906390639063915 3.8868222247952642
6.4106410641064144 5.6991554420768766
6.4306430643064374 -14.2669384820278626
6.4506450645064604 8.3497870127034926
6.4706470647064691 28.9458195065966244
6.4906490649064921 -8.0438588008589793
6.5106510651065150 -5.3618032859013587
6.5306530653065380 -2.1037036118860262
6.5506550655065610 14.5320332145534525
6.5706570657065697 -24.3475827732759420
6.5906590659065927 -20.7231144466185420
6.6106610661066156 -31.1063690698875774
6.6306630663066386 -12.2228900300708609
6.6506650665066616 1.3995351398885185
6.6706670667066703 -4.9794319832959077
6.6906690669066933 45.8752505547382654
6.7106710671067162 -34.8006890733019105
6.7306730673067392 13.1524965195975270
6.7506750675067622 2.7332033280340760
6.7706770677067709 -17.5594784214866451
6.7906790679067939 24.7801306299966306
6.8106810681068168 2.6863486367751603
6.8306830683068398 9.9122723220755908
6.8506850685068628 -22.6346968199753178
6.8706870687068715 6.5174553922498619
6.8906890689068945 -8.7100622454454317
6.9106910691069174 -8.0351335840911524
6.9306930693069404 -9.5769083910111057
6.9506950695069492 13.7564861510841290
6.9706970697069721 8.5687655661117041
6.9906990699069951 3.9179805546169075
7.0107010701070180 13.0137732424019461
7.0307030703070410 4.9850482839999737
7.0507050705070498 -10.9279429673269117
7.0707070707070727 -18.9001164442707825
7.0907090709070957 5.0653219183114437
7.1107110711071186 9.4847749068398475
7.1307130713071416 23.1270368536980726
7.1507150715071504 7.6741718645907939
7.1707170717071733 23.2421223970857334
7.1907190719071963 -16.7693161879024117
7.2107210721072192 -16.3393997169731549
7.2307230723072422 16.3722195535653050
7.2507250725072510 -16.7072812864318756
7.2707270727072739 -0.6468958580036368
7.2907290729072969 16.7998017339784518
7.3107310731073198 -8.4963748113496855
7.3307330733073428 5.1789036850918979
7.3507350735073516 -13.8531804988036278
7.3707370737073745 -27.4569023215122279
7.3907390739073975 -12.7366272614255625
7.4107410741074204 22.3872356852614729
7.4307430743074292 17.4068099146804087
7.4507450745074522 30.8363799029338281
7.4707470747074751 -3.6698178712159004
7.4907490749074981 -9.8685901476982263
7.5107510751075210 12.2430175057240049
7.5307530753075298 17.8156541033631299
7.5507550755075528 -7.4595012676258143
7.5707570757075757 -22.2327350173016249
7.5907590759075987 -18.0316092341955887
7.6107610761076216 -7.0109249608666255
7.6307630763076304 -61.0663732478926633
7.6507650765076534 -17.2620826411221699
7.6707670767076763 -42.3858347922890530
7.6907690769076993 -23.4046314874988397
7.7107710771077222 -33.1092482387666251
7.7307730773077310 -13.1323949898686276
7.7507750775077540 9.3047108203717563
7.7707770777077769 13.9696210079144940
7.7907790779077999 25.5566876219901111
7.8107810781078229 -17.1374885787209195
7.8307830783078316 34.5454709952276673
7.8507850785078546 10.7359588269932846
7.8707870787078775 22.4210806363951285
7.8907890789079005 8.1533296451457957
7.9107910791079092 -0.0984585183490205
7.9307930793079322 -2.4158130684987174
7.9507950795079552 -35.8086346207084603
7.9707970797079781 27.8585268570709346
7.9907990799080011 39.7805723961215350
8.0108010801080098 12.8232459614663554
8.0308030803080328 -16.7461719458538596
8.0508050805080558 42.5755033639037421
8.0708070807080787 -27.5989829449892419
8.0908090809081017 11.0207787526149126
8.1108110811081104 -9.9989975426195894
8.1308130813081334 -22.6696106422866741
8.1508150815081564 -2.2691723200995457
8.1708170817081793 -24.5063586534112972
8.1908190819082023 22.0794682043900963
8.2108210821082110 -10.4334381839681001
8.2308230823082340 -24.8994783226719818
8.2508250825082570 50.4958720335841633
8.2708270827082799 -10.6482729277675077
8.2908290829083029 14.4776811452844765
8.3108310831083116 10.7813103995538029
8.3308330833083346 18.9488400803108092
8.3508350835083576 -16.9475340116837714
8.3708370837083805 -0.2322171347112754
8.3908390839083893 -7.7852492712642629
8.4108410841084122 16.6063969390945374
8.4308430843084352 33.6948456046997720
8.4508450845084582 21.5647419954898254
8.4708470847084811 26.0248598884539959
8.4908490849084899 -11.3974710935713262
8.5108510851085128 -11.1961317581077608
8.5308530853085358 -21.4708302793667514
8.5508550855085588 -8.3230128199301454
8.5708570857085817 -22.4517405595736719
8.5908590859085905 41.0659028791779903
8.6108610861086134 -38.0442670656303363
8.6308630863086364 -7.8737880999510548
8.6508650865086594 -13.8827914712696323
8.6708670867086823 -18.7355235832841700
8.6908690869086911 29.2961193385572436
8.7108710871087141 40.7312679565002540
8.7308730873087370 0.7107723366782066
8.7508750875087600 -4.9846571535449726
8.7708770877087829 -4.5122413739389069
8.7908790879087917 -17.7252358994798094
8.8108810881088147 0.5642843416339005
8.8308830883088376 -10.3177917372287649
8.8508850885088606 0.2649612453279122
8.8708870887088693 -36.8393500921710100
8.8908890889088923 -6.5872491922403569
8.9108910891089153 1.7409729436217045
8.9308930893089382 -20.5553936084728477
8.9508950895089612 12.7799136300078526
8.9708970897089699 -27.9433199034535953
8.9908990899089929 30.9301398093859632
9.0109010901090159 -17.3325498911157396
9.0309030903090388 -16.7711930276828554
9.0509050905090618 33.5825964633919654
9.0709070907090705 -19.5682921125490630
9.0909090909090935 -22.0743088042060620
9.1109110911091165 -11.7867954263002908
9.1309130913091394 6.1192592417678418
9.1509150915091624 1.3695244029187323
9.1709170917091711 -19.8300061289191234
9.1909190919091941 30.3915924144431102
9.2109210921092171 5.9631495932238172
9.2309230923092400 11.6385943088746195
9.2509250925092630 -20.3860756445302584
9.2709270927092717 -54.2778723300889112
9.2909290929092947 9.1117812823500834
9.3109310931093177 25.1366425417202173
9.3309330933093406 7.7613055654919361
9.3509350935093494 49.9420029225438782
9.3709370937093723 -6.6396040826195950
9.3909390939093953 6.7706211309511950
9.4109410941094183 -0.1650441301337899
9.4309430943094412 -8.4730905781738137
9.4509450945094500 -28.2897136797672850
9.4709470947094729 -35.2686036527505635
9.4909490949094959 0.0668587688094684
9.5109510951095189 52.4140239390863627
9.5309530953095418 -48.7305311009947530
9.5509550955095506 -40.2386440203560554
9.5709570957095735 -27.7809775493241702
9.5909590959095965 -1.1729960776634165
9.6109610961096195 -24.7484621464406409
9.6309630963096424 -23.1159986963754420
9.6509650965096512 10.8171898279218102
9.6709670967096741 -19.2804354702474683
9.6909690969096971 12.7721889755427060
9.7109710971097201 -26.4680296490686118
9.7309730973097430 -8.5101244254942099
9.7509750975097518 -17.6228865705043027
9.7709770977097747 -19.7067950124083850
9.7909790979097977 -9.1930170816923482
9.8109810981098207 -12.9450537157903725
9.8309830983098294 25.0210107584251844
9.8509850985098524 -23.7863634759586660
9.8709870987098753 -22.5939455150937931
9.8909890989098983 -12.9637444409877620
9.9109910991099213 20.9130185147220793
9.9309930993099300 -8.3609120826047594
9.9509950995099530 -34.6584192969081073
9.9709970997099759 0.5702714705323100
9.9909990999099989 -42.4752159610838973
10.0110011001100219 -7.2238454211774430
10.0310031003100306 -17.1232203673636754
10.0510051005100536 -48.4233969688669319
10.0710071007100765 5.1603089778294624
10.0910091009100995 -13.6269912283161059
10.1110111011101225 -10.4107144327211074
10.1310131013101312 -5.1383740330464311
10.1510151015101542 7.4676913778825984
10.1710171017101771 38.6647401519634926
10.1910191019102001 -25.3912536171754759
10.2110211021102231 -28.4819375805532715
10.2310231023102318 -37.0788523547965099
10.2510251025102548 -19.3200660453261079
10.2710271027102777 7.0479539262545732
10.2910291029103007 31.0865053195378209
10.3110311031103095 -32.2198291055873298
10.3310331033103324 -40.0375345131293798
10.3510351035103554 -12.5671904464894411
10.3710371037103783 2.5306233605060946
10.3910391039104013 20.9215556754228018
10.4110411041104101 -36.4256569636072598
10.4310431043104330 -53.6652558699866802
10.4510451045104560 -17.2755152114630448
10.4710471047104789 -16.2410707051541721
10.4910491049105019 14.7597804356445010
10.5110511051105107 -41.6303143151011099
10.5310531053105336 -31.6870894455792751
10.5510551055105566 20.6122792464864801
10.5710571057105795 -10.1584511916053408
10.5910591059106025 -33.4551786130523539
10.6110611061106113 -35.1709988476061426
10.6310631063106342 38.0836717618985574
10.6510651065106572 -6.1113044982421432
10.6710671067106802 4.4925246054353210
10.6910691069107031 -5.7073096009704312
10.7110711071107119 -19.1422783924666859
10.7310731073107348 -18.3397162334731583
10.7510751075107578 -1.0192104342814829
10.7710771077107808 -16.3679003742378271
10.7910791079107895 -33.8382050292666250
10.8110811081108125 0.1736447915395321
10.8310831083108354 6.3610413101945475
10.8510851085108584 -22.8704786939481366
10.8710871087108814 -47.1428403382860211
10.8910891089108901 -10.7685951757957064
10.9110911091109131 -9.2523426980886185
10.9310931093109360 -28.1494624649036282
10.9510951095109590 -37.1276731457691369
10.9710971097109820 -55.8832201296179818
10.9910991099109907 -55.5513358038637648
11.0111011101110137 -1.1005138693213787
11.0311031103110366 -15.2746832572440532
11.0511051105110596 -19.6881991746126097
11.0711071107110826 -41.9452901207944393
11.0911091109110913 -11.9114097791142513
11.1111111111111143 -17.3352805242498569
11.1311131113111372 1.8045855405328588
11.1511151115111602 -17.9321130263079667
11.1711171117111832 1.3024198966724505
11.1911191119111919 38.1456079542777076
11.2111211121112149 -19.1001670281972800
11.2311231123112378 -29.5256192292284894
11.2511251125112608 -22.8563830931473362
11.2711271127112695 -2.9124817224731192
11.2911291129112925 5.9968374034325542
11.3111311131113155 8.5378532241705045
11.3311331133113384 -21.1551118593684961
11.3511351135113614 24.3560239081355121
11.3711371137113701 -17.8083078933189540
11.3911391139113931 -3.5213474600027723
11.4111411141114161 -26.1573008728253811
11.4311431143114390 -0.5835065816741789
11.4511451145114620 -38.6739994255081285
11.4711471147114707 13.7740837657252406
11.4911491149114937 15.2572609248836013
11.5111511151115167 -30.5259885112259823
11.5311531153115396 -14.4478874726462898
11.5511551155115626 -47.4541153519142540
11.5711571157115714 -8.3663042686476814
11.5911591159115943 -17.6181239898283444
11.6111611161116173 -17.6859094998562441
11.6311631163116402 -18.7558532750828491
11.6511651165116632 -0.0715393866702794
11.6711671167116720 -33.1434753533838560
11.6911691169116949 -9.8220681631818998
11.7111711171117179 -27.2105481558831528
11.7311731173117408 8.5302990967514933
11.7511751175117496 -12.3132908162276440
11.7711771177117726 -30.8842948484588504
11.7911791179117955 -19.4990505465980490
11.8111811181118185 -11.7670051136336458
11.8311831183118414 5.9727205234312510
11.8511851185118502 -30.0322361868830825
11.8711871187118732 -3.3869246882612654
11.8911891189118961 -18.1821216742834970
11.9111911191119191 -48.9104681344730636
11.9311931193119420 -0.0233810922298758
11.9511951195119508 22.2645602265018780
11.9711971197119738 -19.7984657015985377
11.9911991199119967 8.1136855482753880
12.0112011201120197 -45.3091681557323369
12.0312031203120426 28.7414872110873532
12.0512051205120514 -30.8792081186904923
12.0712071207120744 -22.5451880897037142
12.0912091209120973 -67.6332630666171326
12.1112111211121203 -26.7977566009292829
12.1312131213121432 -27.2253049146218196
12.1512151215121520 -28.9844998933185209
12.1712171217121750 -1.5149367281096016
12.1912191219121979 -20.7394238224534213
12.2112211221122209 -22.0160956157545371
12.2312231223122296 -32.3197897353729857
12.2512251225122526 -9.8606580716683041
12.2712271227122756 11.1429335028534204
12.2912291229122985 -20.1566191152021901
12.3112311231123215 -2.7096107669157252
12.3312331233123302 12.5053641929332091
12.3512351235123532 -29.2095424659165843
12.3712371237123762 -8.8305457116164199
12.3912391239123991 -10.7539344812745199
12.4112411241124221 -28.2774111626739852
12.4312431243124308 -39.7768504822923319
12.4512451245124538 -44.8976768609431716
12.4712471247124768 4.1625843142432064
12.4912491249124997 -40.7030912628660673
12.5112511251125227 -27.4127481352726434
12.5312531253125314 -38.4039292024348242
12.5512551255125544 -20.8977096989296101
12.5712571257125774 -16.2544390692099405
12.5912591259126003 8.3926482190804812
12.6112611261126233 -12.6304107115150774
12.6312631263126320 -29.6442904331066650
12.6512651265126550 25.4176519006560220
12.6712671267126780 1.1616987353958113
12.6912691269127009 -19.0309114500798984
12.7112711271127239 10.0415255877110035
12.7312731273127326 -30.4919657506951438
12.7512751275127556 -3.5580151066053887
12.7712771277127786 7.8720465326526199
12.7912791279128015 3.4694993429955954
12.8112811281128103 -12.8547686596560489
12.8312831283128332 -15.5930219908326322
12.8512851285128562 -23.3139878347024023
12.8712871287128792 32.0972192520054165
12.8912891289129021 8.3802103567139667
12.9112911291129109 -6.9254717739673577
12.9312931293129338 -31.1182192119473449
12.9512951295129568 -7.0135074639375858
12.9712971297129798 -15.3542958119378401
12.9912991299130027 -27.7601276484375461
13.0113011301130115 -3.7143551761304696
13.0313031303130344 -31.4177456627531235
13.0513051305130574 -21.5676758143297249
13.0713071307130804 9.7796005987215118
13.0913091309131033 -18.2796955212083958
13.1113111311131121 1.4606708300740436
13.1313131313131350 7.9513444202917043
13.1513151315131580 -26.5948075256137919
13.1713171317131810 -18.6172040289952356
13.1913191319132039 -46.7248768433315291
13.2113211321132127 -58.3241050376300620
13.2313231323132356 -22.0400197896391248
13.2513251325132586 -37.4390734902409719
13.2713271327132816 47.1283443674139377
13.2913291329132903 -26.5687028463582351
13.3113311331133133 -25.4367760800915832
13.3313331333133362 17.9128006608108663
13.3513351335133592 2.7026316679490066
13.3713371337133822 2.7616185308758254
13.3913391339133909 -11.2030706091824790
13.4113411341134139 -45.8235319816333373
13.4313431343134368 -57.4704784994508771
13.4513451345134598 13.7515744399132274
13.4713471347134828 -26.6577047026993981
13.4913491349134915 -39.3097486854299234
13.5113511351135145 -11.5776272817929851
13.5313531353135375 -3.3033089256187047
13.5513551355135604 -16.4835461945692394
13.5713571357135834 -26.7999926704116156
13.5913591359135921 -21.0957905494894931
13.6113611361136151 -17.5410324253237384
13.6313631363136381 -17.5616641406069434
13.6513651365136610 -17.4278275129634395
13.6713671367136840 -21.4056173930964491
13.6913691369136927 -22.2754427569467559
13.7113711371137157 -9.2685698052563392
13.7313731373137387 -15.1586919782895535
13.7513751375137616 -44.9019906081564528
13.7713771377137704 -17.8336399736680207
13.7913791379137933 12.0140356646826554
13.8113811381138163 3.6228727082509486
13.8313831383138393 -24.8839572329260150
13.8513851385138622 -22.9432984258823467
13.8713871387138710 -30.9193210847108162
13.8913891389138939 -5.3945251021758658
13.9113911391139169 -41.8976542692090845
13.9313931393139399 -40.0036702158791400
13.9513951395139628 -48.4355856867411774
13.9713971397139716 -39.2019590317937912
13.9913991399139945 12.2452491060226620
14.0114011401140175 -15.2464730370661883
14.0314031403140405 -6.5998163407865604
14.0514051405140634 -0.2023300556739969
14.0714071407140722 -29.3469244382749039
14.0914091409140951 -14.6931809424091462
14.1114111411141181 -21.2683606726868817
14.1314131413141411 -19.4562904516913697
14.1514151415141640 -13.9426142918751896
14.1714171417141728 -37.2948828468598919
14.1914191419141957 -15.6876447384670481
14.2114211421142187 15.5324844540981601
14.2314231423142417 -25.7599403856964493
14.2514251425142504 -42.7484563793942129
14.2714271427142734 9.6041783973044303
14.2914291429142963 -20.1676436364068934
14.3114311431143193 -37.2059238882066055
14.3314331433143423 -20.4061696458549946
14.3514351435143510 11.8383540650764765
14.3714371437143740 3.4418759478930596
14.3914391439143969 -43.5100932099204840
14.4114411441144199 17.7063236358884240
14.4314431443144429 -26.1748920790043478
14.4514451445144516 7.9123609889016144
14.4714471447144746 -2.3919743824705684
14.4914491449144975 -29.1071920623239890
14.5114511451145205 15.4779722000751079
14.5314531453145435 -19.1004401306289608
14.5514551455145522 -28.0812108229998607
14.5714571457145752 -75.1405566349780685
14.5914591459145981 -19.3310071880317587
14.6114611461146211 -56.0179882562519253
14.6314631463146441 -23.3510365433749492
14.6514651465146528 -4.9588895018868762
14.6714671467146758 -2.7985892904216918
14.6914691469146987 -15.1175539100256309
14.7114711471147217 -72.2259370726180663
14.7314731473147305 -22.0673231649724251
14.7514751475147534 -22.7951170927173834
14.7714771477147764 -48.0492384930645500
14.7914791479147993 -11.5751111636134496
14.8114811481148223 -53.4550533606519878
14.8314831483148311 -6.2521979836985455
14.8514851485148540 -66.1775955012746806
14.8714871487148770 -13.7451286576872693
14.8914891489148999 11.7751564777533027
14.9114911491149229 -30.3311062493343258
14.9314931493149317 -16.7642418831032494
14.9514951495149546 -21.5713717684597910
14.9714971497149776 -30.3356788057612974
14.9914991499150005 -24.9191905229273871
15.0115011501150235 12.7103198755652933
15.0315031503150323 -34.3161000271649925
15.0515051505150552 8.0460094022184663
15.0715071507150782 -8.7504093429177541
15.0915091509151011 9.1674141400497184
15.1115111511151241 -12.5082701055782497
15.1315131513151329 -51.7653101993851976
15.1515151515151558 -59.4136036613056717
15.1715171517151788 -3.5457921770886749
15.1915191519152017 -16.9522162151449507
15.2115211521152105 11.9653728947575040
15.2315231523152335 -37.6388513524304429
15.2515251525152564 -6.6746217970455426
15.2715271527152794 -29.3604261780732116
15.2915291529153023 -21.0554985639841874
15.3115311531153111 -54.8661407839438198
15.3315331533153341 -47.0034947381953856
15.3515351535153570 -8.0165045351832056
15.3715371537153800 -17.0205466150128579
15.3915391539154029 -0.7131659769755956
15.4115411541154117 -34.3336164036090281
15.4315431543154347 -31.9427406005446954
15.4515451545154576 -21.8672385526784687
15.4715471547154806 -49.6923267174160088
15.4915491549155036 -6.7628162063023538
15.5115511551155123 -70.3700134192005322
15.5315531553155353 -23.9912633938642301
15.5515551555155582 -48.7208869020961686
15.5715571557155812 -22.6638057786453970
15.5915591559156042 -33.1797963633079647
15.6115611561156129 -36.9792380233581710
15.6315631563156359 5.3297445331318620
15.6515651565156588 -11.5953281730622422
15.6715671567156818 -26.2136098074935546
15.6915691569156905 -55.7895537314727079
15.7115711571157135 -44.5963292125332273
15.7315731573157365 -57.7065663638505555
15.7515751575157594 -28.2183326763318405
15.7715771577157824 -11.2439453478693547
15.7915791579157911 -29.5614625313007053
15.8115811581158141 10.4149639648386767
15.8315831583158371 20.7060480063002039
15.8515851585158600 -6.8333816137440877
15.8715871587158830 -32.0208594564205526
15.8915891589158917 -63.1207943172953421
15.9115911591159147 -10.7665930473040543
15.9315931593159377 -19.3810913212658171
15.9515951595159606 -7.8851243261747879
15.9715971597159836 14.9583771830097874
15.9915991599159923 -40.4476834536078940
16.0116011601160153 -20.2050112194210101
16.0316031603160383 -27.5311417617201677
16.0516051605160612 -5.3964471541278343
16.0716071607160842 -12.8104354391557660
16.0916091609160929 -18.0102602137875394
16.1116111611161159 -43.6653657560277253
16.1316131613161389 -23.8989453449941678
16.1516151615161618 -45.0973465018976256
16.1716171617161706 1.1998206788921451
16.1916191619161935 26.2504960054992971
16.2116211621162165 -19.2229051360015575
16.2316231623162395 -34.8252155335721483
16.2516251625162624 -20.7167135592487206
16.2716271627162712 -21.0209944841801679
16.2916291629162941 1.1757203482297669
16.3116311631163171 1.5686648609249687
16.3316331633163401 -35.6550342554949324
16.3516351635163630 -52.2599185097512162
16.3716371637163718 -13.4201811909493163
16.3916391639163948 -28.9143246941892578
16.4116411641164177 -46.8149171468103233
16.4316431643164407 -13.2097115071839415
16.4516451645164636 11.4784266606728060
16.4716471647164724 -17.1611245551417326
16.4916491649164954 -12.0114192858674631
16.5116511651165183 -7.7771613181329649
16.5316531653165413 -43.4206374435766520
16.5516551655165642 -14.0118769194926571
16.5716571657165730 -17.2773680727039682
16.5916591659165960 -55.4477102385883427
16.6116611661166189 -41.3646983821334828
16.6316631663166419 -23.7751821335947717
16.6516651665166506 -5.1257751486164658
16.6716671667166736 -4.4590225012347986
16.6916691669166966 -45.3843925716635681
16.7116711671167195 -20.6773424267941763
16.7316731673167425 -35.3519202710641878
16.7516751675167512 -43.7918749290852887
16.7716771677167742 -72.7304654688903582
16.7916791679167972 -5.6531308630990580
16.8116811681168201 -43.7952557286738511
16.8316831683168431 -13.5151499511721234
16.8516851685168518 -25.8150532216497552
16.8716871687168748 -12.7059169270174497
16.8916891689168978 -48.2313034051831409
16.9116911691169207 -60.0469617404218070
16.9316931693169437 -45.5871319128830237
16.9516951695169524 -14.0154493149492030
16.9716971697169754 -57.4414491883896972
16.9916991699169984 -14.7343994958570566
17.0117011701170213 -13.2425539384817554
17.0317031703170443 -37.5584540373721154
17.0517051705170530 -56.1381813424366243
17.0717071707170760 -35.5338798561775349
17.0917091709170990 -19.5777326564026275
17.1117111711171219 -41.9621111597426335
17.1317131713171307 -72.2502984693020380
17.1517151715171536 -36.5776882160195456
17.1717171717171766 -17.3629015427223017
17.1917191719171996 -32.3152964169715275
17.2117211721172225 -11.1129709132686294
17.2317231723172313 -38.8754157302126373
17.2517251725172542 -26.5298544388116859
17.2717271727172772 36.8854630673168131
17.2917291729173002 20.7129166640074160
17.3117311731173231 -34.2356549470606311
17.3317331733173319 -19.4388070350250537
17.3517351735173548 -53.6615617533656390
17.3717371737173778 -56.0856379503827753
17.3917391739174008 5.7553075509831828
17.4117411741174237 -19.3717124367603972
17.4317431743174325 -36.4753710623579721
17.4517451745174554 -22.0162508947381426
17.4717471747174784 -21.3540147059792673
17.4917491749175014 -5.1324982337509901
17.5117511751175243 -36.8045654100173181
17.5317531753175331 -17.2100946529256191
17.5517551755175560 -46.5952763435448958
17.5717571757175790 -7.8001520538911215
17.5917591759176020 -65.0846819982219245
17.6117611761176107 -16.1541546783873997
17.6317631763176337 -38.6779528411698763
17.6517651765176566 7.2668385662272925
17.6717671767176796 -7.4027876355920128
17.6917691769177026 -36.7192160438625024
17.7117711771177113 -22.8326939466801591
17.7317731773177343 -46.4561608918084019
17.7517751775177572 -44.4577577631876864
17.7717771777177802 -57.8752124832559076
17.7917791779178032 -37.6468844389720942
17.8117811781178119 -34.3705183268713341
17.8317831783178349 -49.3590258821485577
17.8517851785178578 -55.6452655845933748
17.8717871787178808 -37.1438430037694403
17.8917891789179038 -36.4622170477032981
17.9117911791179125 -53.4539668805367398
17.9317931793179355 -60.6420922148879455
17.9517951795179584 -38.7075458575500591
17.9717971797179814 -37.7033107666790954
17.9917991799180044 -55.5798137758301039
18.0118011801180131 -1.7971587654621075
18.0318031803180361 -22.7731388991167449
18.0518051805180590 -26.0324469042340638
18.0718071807180820 -45.2160146043259275
18.0918091809180908 -34.1190464830466738
18.1118111811181137 -57.8378256443670864
18.1318131813181367 -3.2039769984434727
18.1518151815181596 -26.5870170629814595
18.1718171817181826 -28.3021892059518656
18.1918191819181914 -16.4168865540709774
18.2118211821182143 -34.1164342220039529
18.2318231823182373 -50.0782661502571784
18.2518251825182602 -19.1373924448637567
18.2718271827182832 -15.1752110583790945
18.2918291829182920 -63.9620945961379519
18.3118311831183149 -44.7100452740854095
18.3318331833183379 -57.9626618663739777
18.3518351835183609 -11.7834369870697557
18.3718371837183838 -15.2275530460581159
18.3918391839183926 -48.6533465012505815
18.4118411841184155 -26.5175616165696226
18.4318431843184385 -11.4250183070036542
18.4518451845184615 2.3238604809284666
18.4718471847184844 -32.5354115451472765
18.4918491849184932 -41.6091834057778271
18.5118511851185161 -31.9566690561189688
18.5318531853185391 -37.6117730311613201
18.5518551855185621 -52.3808193323387457
18.5718571857185708 -12.4070740125680530
18.5918591859185938 -11.2448484765223107
18.6118611861186167 -31.5224716071691873
18.6318631863186397 -35.8938630691789911
18.6518651865186627 -0.5510137586389483
18.6718671867186714 -63.3120191333998434
18.6918691869186944 -40.4455626804304558
18.7118711871187173 -78.3370020405354808
18.7318731873187403 -30.0593411861531052
18.7518751875187633 -36.4034484734861863
18.7718771877187720 -50.5131591165320586
18.7918791879187950 -60.4912493806767770
18.8118811881188179 -41.6768947444308111
18.8318831883188409 11.7946954354941447
18.8518851885188639 -37.7363656654646462
18.8718871887188726 -42.9102240694774153
18.8918891889188956 -15.2378711163178941
18.9118911891189185 -31.1784878318301324
18.9318931893189415 -23.8152059727502419
18.9518951895189645 -3.8039880562908941
18.9718971897189732 -31.4524023994945381
18.9918991899189962 -10.4094736553300891
19.0119011901190191 6.2558544859871503
19.0319031903190421 -21.2994231180116458
19.0519051905190508 -48.3696063725348679
19.0719071907190738 -0.7259127138829840
19.0919091909190968 -33.2953960229351154
19.1119111911191197 -22.7964844098154877
19.1319131913191427 -22.9939281103650650
19.1519151915191514 -10.2806785314382232
19.1719171917191744 -30.6804324651446514
19.1919191919191974 -39.4378550631636244
19.2119211921192203 -57.1947416690838111
19.2319231923192433 -5.8923590440125118
19.2519251925192521 -13.1835333012320746
19.2719271927192750 -20.9786160861503852
19.2919291929192980 -33.0228718931174186
19.3119311931193209 -11.4851993710337865
19.3319331933193439 -47.6202066266627781
19.3519351935193527 -39.2595986667799366
19.3719371937193756 -21.3149364212305841
19.3919391939193986 -47.0564688659335530
19.4119411941194215 -56.6542072548673659
19.4319431943194445 -20.3772297770122144
19.4519451945194533 -4.8098982425270265
19.4719471947194762 -53.2071938021720285
19.4919491949194992 -14.2072759627065253
19.5119511951195221 -36.4504472120124419
19.5319531953195309 -10.9312839382401528
19.5519551955195539 -42.8612169387254980
19.5719571957195768 -16.7990851607532647
19.5919591959195998 -59.4995510476307317
19.6119611961196227 -7.9043515665618038
19.6319631963196315 3.8679221371169810
19.6519651965196545 -10.2806270008746417
19.6719671967196774 -33.1501022179333447
19.6919691969197004 -24.5379569564486708
19.7119711971197233 -39.4380218848658899
19.7319731973197321 -15.5800789989651349
19.7519751975197551 -45.8380489965857265
19.7719771977197780 -33.7596038752824796
19.7919791979198010 -13.4354670244543684
19.8119811981198239 -34.4019772907845152
19.8319831983198327 -29.3436271180451591
19.8519851985198557 -65.4276878743826273
19.8719871987198786 -14.8559622942204612
19.8919891989199016 -56.2602270119770509
19.9119911991199245 -18.6250492722382290
19.9319931993199333 -59.7016774923469669
19.9519951995199563 -41.2466482119092461
19.9719971997199792 -21.8890707822788002
19.9919991999200022 -23.3690327914096372
20.0120012001200109 -14.1664229046235874
20.0320032003200339 -46.6555733940621877
20.0520052005200569 -35.2877982959717187
20.0720072007200798 -37.7417712875058626
20.0920092009201028 2.1339401779781184
20.1120112011201115 -15.4507678191921443
20.1320132013201345 -71.0158585453564228
20.1520152015201575 -67.1038544410435378
20.1720172017201804 -47.6177410435587376
20.1920192019202034 -49.4560908334903502
20.2120212021202121 -61.3657192157832512
20.2320232023202351 -37.6524388095671014
20.2520252025202581 -6.2743014290936543
20.2720272027202810 -63.2348688401321581
20.2920292029203040 -19.8562452046208833
20.3120312031203127 -31.8419189943488483
20.3320332033203357 -22.9681961299693427
20.3520352035203587 -44.6455780886540552
20.3720372037203816 -8.7431566392675926
20.3920392039204046 -62.7478760584144055
20.4120412041204133 -16.6252626381476887
20.4320432043204363 -1.7746214598731775
20.4520452045204593 -37.9701459951732545
20.4720472047204822 -21.2766022259476415
20.4920492049204910 -33.6467761288869269
20.5120512051205139 -41.8573239407387376
20.5320532053205369 -4.3115914727570583
20.5520552055205599 -50.0649692419221566
20.5720572057205828 -7.6143849996208139
20.5920592059205916 -44.5275078281603953
20.6120612061206145 -69.3249343163090259
20.6320632063206375 -49.3420670876413112
20.6520652065206605 -28.3549511155077418
20.6720672067206834 -11.2186064761414137
20.6920692069206922 -42.2828930480295284
20.7120712071207151 -39.5501944498302365
20.7320732073207381 -82.1197811681520875
20.7520752075207611 -31.9126848513701304
20.7720772077207840 -24.6456899029749010
20.7920792079207928 -61.2974773632836900
20.8120812081208157 27.6926069567301525
20.8320832083208387 -75.7777257207680748
20.8520852085208617 -30.9619326485996922
20.8720872087208846 -28.4196966715819208
20.8920892089208934 -56.3537500834186460
20.9120912091209163 -4.5221793845311780
20.9320932093209393 -56.0234932906972460
20.9520952095209623 -38.9439355848098288
20.9720972097209710 -33.6036278286466015
20.9920992099209940 -48.5233730541691131
21.0121012101210169 -27.8097313406525863
21.0321032103210399 -44.8973738661913160
21.0521052105210629 -32.3122158408152629
21.0721072107210716 -58.3561010826340123
21.0921092109210946 -33.1077686920846332
21.1121112111211175 -10.2966757054622065
21.1321132113211405 -17.9663999533174987
21.1521152115211635 -45.6694704519746608
21.1721172117211722 -18.4143807321887216
21.1921192119211952 -17.3039824797076029
21.2121212121212182 -38.6474100940734786
21.2321232123212411 -22.1824487687436331
21.2521252125212641 -25.0701988472756554
21.2721272127212728 -34.6988029515267300
21.2921292129212958 -89.6382406639337290
21.3121312131213188 -11.3476107749310273
21.3321332133213417 -12.4221256180725810
21.3521352135213647 -22.0763594413611060
21.3721372137213734 -36.1777119681520389
21.3921392139213964 17.3355813963560408
21.4121412141214194 -56.4020259687915626
21.4321432143214423 -35.6311419031069505
21.4521452145214511 -34.5076094984677582
21.4721472147214740 -80.9939277065813030
21.4921492149214970 -12.3100622928053340
21.5121512151215200 -50.4861290415480894
21.5321532153215429 -62.2190973735216915
21.5521552155215517 -73.3091336090025436
21.5721572157215746 -20.2084428193197567
21.5921592159215976 3.2496109976748642
21.6121612161216206 -41.6274969597285605
21.6321632163216435 -15.4058985812399030
21.6521652165216523 -15.5616192481260356
21.6721672167216752 -27.1547969687044564
21.6921692169216982 -29.9191647206249627
21.7121712171217212 -39.2768253051013971
21.7321732173217441 -16.6518724046746946
21.7521752175217529 1.2506636459615237
21.7721772177217758 -11.6299905907300776
21.7921792179217988 -17.3426299089514764
21.8121812181218218 -74.0657401312022046
21.8321832183218447 -27.9119999296755168
21.8521852185218535 -23.7487993856046984
21.8721872187218764 -10.7890746311308874
21.8921892189218994 -1.8185913264582609
21.9121912191219224 -31.1164989492410662
21.9321932193219311 -57.4951082942659610
21.9521952195219541 -33.6804122033998041
21.9721972197219770 -59.8374526925078811
21.9921992199220000 -43.6855596298570177
22.0122012201220230 -32.4285530862680602
22.0322032203220317 -10.4673823294415200
22.0522052205220547 -67.9413071649369158
22.0722072207220776 -41.4188293118194082
22.0922092209221006 2.2847343236133284
22.1122112211221236 -40.6234527723879708
22.1322132213221323 -45.2792014755617913
22.1522152215221553 -32.7067488602811309
22.1722172217221782 -5.2341787978025813
22.1922192219222012 -56.8351273823802998
22.2122212221222242 -25.6096764536731172
22.2322232223222329 -22.0793071245896755
22.2522252225222559 -43.1918324713425008
22.2722272227222788 -14.2680032070651563
22.2922292229223018 -42.5360637034842384
22.3122312231223248 -39.5994384171600160
22.3322332233223335 -54.9468120373378994
22.3522352235223565 -16.8565100342587968
22.3722372237223794 -9.7871628629375493
22.3922392239224024 -50.9756834266743866
22.4122412241224112 -13.5293439488063072
22.4322432243224341 -43.6125817935111399
22.4522452245224571 -80.0963915356532681
22.4722472247224800 -50.3519741310851927
22.4922492249225030 -58.8305422545494281
22.5122512251225118 -21.6402674736537435
22.5322532253225347 16.4755897539856875
22.5522552255225577 -28.9769288354269747
22.5722572257225806 -18.9049197981195150
22.5922592259226036 -3.1220634255847415
22.6122612261226124 -40.5511443343830678
22.6322632263226353 -11.5592159832760117
22.6522652265226583 -16.1780701353839369
22.6722672267226812 8.7887605115026091
22.6922692269227042 -34.2313441701516084
22.7122712271227130 -38.7940975844025147
22.7322732273227359 -38.2406641239755913
22.7522752275227589 -42.9081647590385060
22.7722772277227818 -48.2734987720710294
22.7922792279228048 -28.5227026918749758
22.8122812281228136 -76.3753235381607283
22.8322832283228365 -29.8208443708569462
22.8522852285228595 -42.5126668684803377
22.8722872287228824 -24.6762201677276209
22.8922892289228912 -75.1944665847054239
22.9122912291229142 -20.8050033957641389
22.9322932293229371 -41.4799834693233649
22.9522952295229601 -43.9377865948207784
22.9722972297229830 -45.2707325366468467
22.9922992299229918 -14.0192678182018788
23.0123012301230148 -45.4193888423982344
23.0323032303230377 -21.9452110528971787
23.0523052305230607 -28.9073842755432011
23.0723072307230836 -52.4897465894148212
23.0923092309230924 -20.8771115032057786
23.1123112311231154 -22.0520908221854981
23.1323132313231383 -55.1586521636904763
23.1523152315231613 -46.5519523311421963
23.1723172317231842 -48.1753284133937143
23.1923192319231930 -66.1290519906451948
23.2123212321232160 -56.9919450101046721
23.2323232323232389 -44.6415673763999123
23.2523252325232619 -7.8180529462420694
23.2723272327232849 5.5641509627630086
23.2923292329232936 -45.9047535411225880
23.3123312331233166 -8.8912783550744621
23.3323332333233395 -25.7905320067473269
23.3523352335233625 -45.9775534247868620
23.3723372337233855 -63.6491178057443960
23.3923392339233942 -19.2821884795461891
23.4123412341234172 -22.3162089422459431
23.4323432343234401 -41.9659325178097049
23.4523452345234631 -5.7437893075738806
23.4723472347234718 -41.7297506635756008
23.4923492349234948 -46.3930341095108716
23.5123512351235178 -46.2124198055926527
23.5323532353235407 -55.9497115279448565
23.5523552355235637 -40.6311775597251454
23.5723572357235724 -42.5496232153472604
23.5923592359235954 -47.8847451088400646
23.6123612361236184 -41.8479579597011124
23.6323632363236413 -18.9984774035435393
23.6523652365236643 -42.2183965877434133
23.6723672367236730 -17.2215715938586165
23.6923692369236960 -52.8868404847046207
23.7123712371237190 -34.9094660055207342
23.7323732373237419 8.0499374516253752
23.7523752375237649 -37.2338768121020394
23.7723772377237736 -24.2005468812162228
23.7923792379237966 -8.3237759657534554
23.8123812381238196 -5.7271930278727012
23.8323832383238425 -15.2029569857903795
23.8523852385238655 -52.0972955955556785
23.8723872387238742 -27.3291644137462413
23.8923892389238972 -41.0444198598172107
23.9123912391239202 -41.9676521056833778
23.9323932393239431 -54.7927259467232375
23.9523952395239519 -31.0413497350149825
23.9723972397239748 -22.0587321251539343
23.9923992399239978 -10.9847987747881639
24.0124012401240208 -62.2139198863310128
24.0324032403240437 -20.0315952625385023
24.0524052405240525 -48.9347642987172478
24.0724072407240755 -26.1889903003589524
24.0924092409240984 -42.7867538101837823
24.1124112411241214 -37.9255895274532051
24.1324132413241443 -42.2095055418389222
24.1524152415241531 -37.5661850917947504
24.1724172417241761 -69.6835646061645235
24.1924192419241990 15.2247757260294279
24.2124212421242220 -36.1107854068459204
24.2324232423242449 -55.6850213824718807
24.2524252425242537 -78.8732037881609358
24.2724272427242767 -64.6874367325357014
24.2924292429242996 -7.1954821913564544
24.3124312431243226 -7.5800972135684113
24.3324332433243455 -44.7829439073883719
24.3524352435243543 -38.8525696805986342
24.3724372437243773 -42.7145073965042741
24.3924392439244002 -40.3731037431932265
24.4124412441244232 -41.8788122547646111
24.4324432443244319 -59.5002163738793115
24.4524452445244549 -35.3100057457617069
24.4724472447244779 -12.3378932532516821
24.4924492449245008 -16.2875054639837700
24.5124512451245238 -51.1102920686307556
24.5324532453245325 -11.5173999773280755
24.5524552455245555 -39.6156629709223651
24.5724572457245785 -21.0439616737737794
24.5924592459246014 -19.6549153023562901
24.6124612461246244 -36.1606750319152255
24.6324632463246331 -17.9721797901707703
24.6524652465246561 -74.4541045067869334
24.6724672467246791 -62.8141835765869416
24.6924692469247020 -27.9038118383042324
24.7124712471247250 -33.1453137873479520
24.7324732473247337 2.1192773211159803
24.7524752475247567 -46.1979315997619864
24.7724772477247797 4.1603927739251958
24.7924792479248026 -40.8980112909029572
24.8124812481248256 -53.2992274599024682
24.8324832483248343 -23.7112279602053775
24.8524852485248573 -28.8789942705892066
24.8724872487248803 -47.8819003555751479
24.8924892489249032 -58.4358291929808402
24.9124912491249120 -54.2253605882088152
24.9324932493249349 -36.7712582894674895
24.9524952495249579 -34.8143949772925652
24.9724972497249809 -44.0973799903484789
24.9924992499250038 -41.6501045168015622
25.0125012501250126 -40.4091749270701186
25.0325032503250355 -39.5549002306157504
25.0525052505250585 -64.4762298868506321
25.0725072507250815 -31.5287446379033902
25.0925092509251044 -63.5107533059286737
25.1125112511251132 -26.9617298451406739
25.1325132513251361 -55.8628249608226426
25.1525152515251591 -12.5127030978829978
25.1725172517251821 -0.7299709121204501
25.1925192519252050 -29.2185840246123298
25.2125212521252138 -60.9050878150249204
25.2325232523252367 -46.7186561355964685
25.2525252525252597 -50.2935242077314228
25.2725272527252827 -42.1315303629297517
25.2925292529253056 -50.7465604818776157
25.3125312531253144 -44.4068389930462857
25.3325332533253373 -37.6521629840806327
25.3525352535253603 -36.6926456674687742
25.3725372537253833 -20.7655442853021803
25.3925392539253920 -80.4523977012326412
25.4125412541254150 -14.3511327097642614
25.4325432543254379 -46.0887786842451064
25.4525452545254609 -0.6439712685054317
25.4725472547254839 -63.2252754868293252
25.4925492549254926 -24.7627078422796139
25.5125512551255156 -47.9274043882035556
25.5325532553255385 -67.1289817766726031
25.5525552555255615 -10.1200083215440948
25.5725572557255845 -62.1314913191579095
25.5925592559255932 -30.3462180607824692
25.6125612561256162 -41.4709034194341370
25.6325632563256391 -27.5968569014496943
25.6525652565256621 -32.5089928897008278
25.6725672567256851 -40.9756310789226958
25.6925692569256938 -20.4703279176980644
25.7125712571257168 -52.4219701782805743
25.7325732573257397 -21.6214012623729772
25.7525752575257627 -62.5467031834113527
25.7725772577257857 -69.9035838669327489
25.7925792579257944 -12.9397198685042518
25.8125812581258174 -28.0086016360593462
25.8325832583258403 -26.6508212528900330
25.8525852585258633 -21.7731085491852880
25.8725872587258721 -27.3945068201534880
25.8925892589258950 -30.9121240910075095
25.9125912591259180 -55.8535370960461108
25.9325932593259409 -16.7614576877922516
25.9525952595259639 -8.9023207768938164
25.9725972597259727 -35.6510837589641625
25.9925992599259956 -20.4865638172450488
26.0126012601260186 -55.0189236791947565
26.0326032603260415 -42.4074892058280071
26.0526052605260645 -20.2590976031712060
26.0726072607260733 -23.1666604238999199
26.0926092609260962 -49.8229347212511229
26.1126112611261192 -36.9042859037999875
26.1326132613261422 0.4709331391890856
26.1526152615261651 -18.0346847083043507
26.1726172617261739 -14.6558647382804921
26.1926192619261968 -10.8505583398618803
26.2126212621262198 -18.0067742746669133
26.2326232623262428 -65.7962487455160385
26.2526252625262657 -50.8907578121911754
26.2726272627262745 -37.8030303427505672
26.2926292629262974 -18.2391502921336119
26.3126312631263204 -77.7241835757289721
26.3326332633263434 -35.7085978269187265
26.3526352635263521 -45.4632883118186584
26.3726372637263751 -12.6983283836001206
26.3926392639263980 -56.4559251678146126
26.4126412641264210 -72.4166124474236312
26.4326432643264440 -16.8242289206374629
26.4526452645264527 -39.9119958555905043
26.4726472647264757 -55.0924641945020568
26.4926492649264986 -46.0353701861287874
26.5126512651265216 -31.7621275685037823
26.5326532653265446 -42.4406936520818121
26.5526552655265533 -27.4349903100847285
26.5726572657265763 -36.5206899449644595
26.5926592659265992 -2.9866875202001850
26.6126612661266222 -60.2685725122816081
26.6326632663266452 -10.4494987950632101
26.6526652665266539 -20.9808399002716826
26.6726672667266769 -25.7368189022441385
26.6926692669266998 -55.1914217020396833
26.7126712671267228 -56.9585792792122945
26.7326732673267458 -41.2958454497102068
26.7526752675267545 -66.6098529285767995
26.7726772677267775 -33.3884272011166630
26.7926792679268004 -74.0893319594864863
26.8126812681268234 -24.9238584748424259
26.8326832683268321 0.8032902653169742
26.8526852685268551 -46.7651324750575341
26.8726872687268781 -57.4811915339829298
26.8926892689269010 -33.6812826000534002
26.9126912691269240 -58.9652742310443188
26.9326932693269328 -44.0256935984970852
26.9526952695269557 -18.8363769164901775
26.9726972697269787 -21.3604520619597622
26.9926992699270016 -54.8223532217944935
27.0127012701270246 -81.2829008277595619
27.0327032703270334 -24.0961639382991883
27.0527052705270563 -83.3112671622230891
27.0727072707270793 -47.7186379639115046
27.0927092709271022 -4.4941220249879095
27.1127112711271252 -63.8416749274066291
27.1327132713271340 -20.3414372059923707
27.1527152715271569 -34.2985669180214074
27.1727172717271799 -32.8971531196409899
27.1927192719272028 -35.4605278093570959
27.2127212721272258 -31.2594934678420451
27.2327232723272346 -43.9950142280590981
27.2527252725272575 -26.8468692727267424
27.2727272727272805 -31.3395824435278705
27.2927292729273034 -33.6203884207659485
27.3127312731273122 -6.6023244187001389
27.3327332733273352 -13.3107003367894237
27.3527352735273581 -26.1795887104750911
27.3727372737273811 -39.1730674036752973
27.3927392739274040 -62.5271229894717493
27.4127412741274128 -12.2936069161907007
27.4327432743274358 -11.2638757817368180
27.4527452745274587 -47.6311095242964058
27.4727472747274817 -21.0605563458717455
27.4927492749275046 -23.1894455668829238
27.5127512751275134 -67.1583142608742349
27.5327532753275364 -37.1901697153750419
27.5527552755275593 -21.6167100418297480
27.5727572757275823 -39.4754496669048791
27.5927592759276052 -49.5990950104235324
27.6127612761276140 -26.1733149913030587
27.6327632763276370 -52.0167091481312269
27.6527652765276599 -12.5179759629484479
27.6727672767276829 -25.1701217102465762
27.6927692769277058 -14.6182907947111111
27.7127712771277146 -63.1505385152290870
27.7327732773277376 -53.5739141917931434
27.7527752775277605 -2.5263895983155678
27.7727772777277835 -28.6142843362156682
27.7927792779277922 -36.6060372923565396
27.8127812781278152 -33.2222598170733647
27.8327832783278382 -44.6637210757008418
27.8527852785278611 33.2531877354667387
27.8727872787278841 -28.4800673884227535
27.8927892789278928 -10.3117537702704851
27.9127912791279158 -38.9078141111368225
27.9327932793279388 -50.8110120519041217
27.9527952795279617 -79.0602899885781625
27.9727972797279847 -64.6049955515861569
27.9927992799279934 -4.0042233202641029
28.0128012801280306 -17.4362149745524384
28.0328032803280394 -15.7310022353715553
28.0528052805280481 36.6442435050205759
28.0728072807280853 -28.4248548875882605
28.0928092809280940 -17.9547895895307690
28.1128112811281312 -3.5994935836706468
28.1328132813281400 -67.3296089974001859
28.1528152815281487 -73.8750133401833011
28.1728172817281859 -21.1377775440242530
28.1928192819281946 -27.2055025472180425
28.2128212821282318 -52.4290927697803966
28.2328232823282406 -34.5080039269126857
28.2528252825282493 -51.5327832655278826
28.2728272827282865 -65.6885220383929607
28.2928292829282952 -35.8777508936703526
28.3128312831283324 -13.3823670162516066
28.3328332833283412 -78.7862936133947187
28.3528352835283499 -28.9405995773008762
28.3728372837283871 3.3271996645202009
28.3928392839283958 -23.1885344617950224
28.4128412841284330 -23.3437681396301002
28.4328432843284418 -40.3538903522614305
28.4528452845284505 -23.7377240263081219
28.4728472847284877 -51.6923923111398551
28.4928492849284964 -11.2038418073564436
28.5128512851285052 -65.7085338371250742
28.5328532853285424 -26.7019901478059865
28.5528552855285511 -35.4034057553661512
28.5728572857285883 -53.5374021500715145
28.5928592859285970 9.3346109640418504
28.6128612861286058 -6.4516236751920957
28.6328632863286430 11.5329191863295861
28.6528652865286517 -11.3559012233196732
28.6728672867286889 -40.2006758917155551
28.6928692869286976 -50.9291597003696381
28.7128712871287064 -55.4115493046592391
28.7328732873287436 -36.0896422190851496
28.7528752875287523 -7.1990797086819747
28.7728772877287895 -17.5811047753355041
28.7928792879287982 -47.8007713411008837
28.8128812881288070 21.0263087678098444
28.8328832883288442 -36.8080337147481487
28.8528852885288529 -45.7339362607588029
28.8728872887288901 -32.2398981390261454
28.8928892889288988 -0.0490886268736617
28.9128912891289076 -31.1849374636863814
28.9328932893289448 -3.9908287170459360
28.9528952895289535 -22.6662928854784766
28.9728972897289907 -38.9855253476060852
28.9928992899289995 -62.5154780182467746
29.0129012901290082 -33.7804752113877242
29.0329032903290454 -68.1671186750768072
29.0529052905290541 -24.9555063178789922
29.0729072907290913 -29.3560887896368889
29.0929092909291001 -32.0636950535276100
29.1129112911291088 -30.5487710422883829
29.1329132913291460 -9.1667660039324090
29.1529152915291547 -30.6317139526127455
29.1729172917291919 -5.9647566658514712
29.1929192919292007 -43.0743233456443093
29.2129212921292094 -47.5754016534338291
29.2329232923292466 -15.1950603049055672
29.2529252925292553 -23.1070331899516006
29.2729272927292925 -11.6291665637653701
29.2929292929293013 -49.8560017348039324
29.3129312931293100 -7.0099740253677396
29.3329332933293472 -37.5070624746046946
29.3529352935293559 11.3813900354582955
29.3729372937293931 -40.0270132861500443
29.3929392939294019 -51.3395201419755836
29.4129412941294106 -28.3158832405796268
29.4329432943294478 -37.7204698995796406
29.4529452945294565 -49.1509243496833932
29.4729472947294653 -38.7039215870434390
29.4929492949295025 -50.8098886558769252
29.5129512951295112 -18.6193564418678008
29.5329532953295484 -26.5356013627347416
29.5529552955295571 -25.1171919209716492
29.5729572957295659 -15.3931173880253311
29.5929592959296031 -23.6996248014806241
29.6129612961296118 -45.8917036123441164
29.6329632963296490 -63.5387174340790466
29.6529652965296577 -0.2963322875837449
29.6729672967296665 -53.3380095619577332
29.6929692969297037 -90.9565906098116983
29.7129712971297124 -40.7688323739316587
29.7329732973297496 -45.1297696054759001
29.7529752975297583 -51.8699611653365622
29.7729772977297671 -28.9999071616611381
29.7929792979298043 -12.8370148547542087
29.8129812981298130 -30.0584423093434481
29.8329832983298502 -43.6940529446161676
29.8529852985298589 -42.6280163761397830
29.8729872987298677 -62.6608127835279376
29.8929892989299049 -6.8472517403903836
29.9129912991299136 -31.6853644808575474
29.9329932993299508 -6.6059156152004945
29.9529952995299595 -22.2575156171578321
29.9729972997299683 -64.8016307629289656
29.9929992999300055 -21.0270974467673497
30.0130013001300142 -45.6879536833829292
30.0330033003300514 -51.2452042294302004
30.0530053005300601 -30.4449701706853944
30.0730073007300689 -38.5721354940440193
30.0930093009301061 -17.6128305858559671
30.1130113011301148 -16.2620491104461493
30.1330133013301520 -54.4676841915056826
30.1530153015301607 -26.2622259410852870
30.1730173017301695 -45.1619768352122648
30.1930193019302067 -40.6939027449976720
30.2130213021302154 -16.1179690654344974
30.2330233023302526 -24.5465559684170884
30.2530253025302613 -31.7184577733326307
30.2730273027302701 -19.0913039237019753
30.2930293029303073 -0.7416844937390223
30.3130313031303160 9.8311140958304790
30.3330333033303532 -18.2124702679834911
30.3530353035303619 -50.6060186174485196
30.3730373037303707 2.6030982973947729
30.3930393039304079 -53.1034492011657591
30.4130413041304166 -27.2920530288455794
30.4330433043304254 12.7726310675979917
30.4530453045304625 -16.7671966476803931
30.4730473047304713 -29.8079037968542124
30.4930493049305085 -49.1278228225096996
30.5130513051305172 -34.1517661951481486
30.5330533053305260 -33.2274359813060869
30.5530553055305631 -28.3326697196788864
30.5730573057305719 -18.3978545842758763
30.5930593059306091 -55.2366184540667433
30.6130613061306178 -24.5725225847683291
30.6330633063306266 -51.1826772365088303
30.6530653065306637 -44.8054872447949748
30.6730673067306725 -20.9231395091295944
30.6930693069307097 -33.9575256766721481
30.7130713071307184 8.4654853641279431
30.7330733073307272 -45.1743931774278238
30.7530753075307643 -25.2243674534116771
30.7730773077307731 -64.8902668262638826
30.7930793079308103 -13.5853485200617357
30.8130813081308190 -4.0094324301827662
30.8330833083308278 -43.9665185691454639
30.8530853085308649 -56.6108659249116641
30.8730873087308737 -41.9432988309633430
30.8930893089309109 -7.9688023685498059
30.9130913091309196 -64.8705698237263277
30.9330933093309284 7.6965481862233922
30.9530953095309656 -19.6088570025714475
30.9730973097309743 22.6212151297723842
30.9930993099310115 -39.4757191465336845
31.0131013101310202 -18.6766514678278241
31.0331033103310290 -31.1661967077769440
31.0531053105310662 -45.2774255524244893
31.0731073107310749 -82.5657925182628247
31.0931093109311121 -21.8037926011855134
31.1131113111311208 2.7342182381870543
31.1331133113311296 -31.2926783414090366
31.1531153115311668 -18.0549346952667591
31.1731173117311755 -28.7089406340231044
31.1931193119312127 -6.5368356328245127
31.2131213121312214 -61.6610185577257752
31.2331233123312302 -32.3791938354159470
31.2531253125312674 -8.4172304022783990
31.2731273127312761 -25.2877525879054552
31.2931293129313133 -9.9757765783450374
31.3131313131313220 -68.9183398522576169
31.3331333133313308 -38.7508633928483661
31.3531353135313680 -41.6249787070616151
31.3731373137313767 -37.3283096752946975
31.3931393139313855 -29.1991808876531955
31.4131413141314226 -22.9090228656430384
31.4331433143314314 -33.9292705511240058
31.4531453145314686 -40.3876875232055994
31.4731473147314773 -22.1929629042186036
31.4931493149314861 -5.4604530206389015
31.5131513151315232 -3.8344875675333618
31.5331533153315320 -21.5657843057046428
31.5531553155315692 -48.3027394846703970
31.5731573157315779 -56.4159496028401435
31.5931593159315867 -4.5301696965493257
31.6131613161316238 -40.1844529670013202
31.6331633163316326 -41.2886353154971601
31.6531653165316698 -27.9176086542356074
31.6731673167316785 4.0592880353746779
31.6931693169316873 -54.3669416088281423
31.7131713171317244 -50.5441094524206420
31.7331733173317332 -65.1703861046644448
31.7531753175317704 -62.7398214141099828
31.7731773177317791 -41.3459385862040349
31.7931793179317879 -19.2216983427112567
31.8131813181318250 11.7545625479907123
31.8331833183318338 -35.2878034011969746
31.8531853185318710 -54.0477881456662885
31.8731873187318797 -40.8441892831908575
31.8931893189318885 -21.9323573635053002
31.9131913191319256 -36.6909707880185678
31.9331933193319344 -48.7426928713525456
31.9531953195319716 -83.6854343624901134
31.9731973197319803 -20.5509316757095313
31.9931993199319891 0.2806016949121215
32.0132013201320262 -18.8314190618746231
32.0332033203320350 4.4924444843350955
32.0532053205320722 -10.2403107007502285
32.0732073207320809 -3.1430093179571799
32.0932093209320897 -22.9649839078483140
32.1132113211321268 -16.5226638017628211
32.1332133213321356 -34.5630958391747996
32.1532153215321728 -35.1078611388127229
32.1732173217321815 -28.6920179794837615
32.1932193219321903 -22.7720895766411431
32.2132213221322274 5.3762127011066596
32.2332233223322362 -43.6391333154357710
32.2532253225322734 -40.9013580875257574
32.2732273227322821 -80.7235217836578869
32.2932293229322909 -20.5145719073333161
32.3132313231323280 -29.5142860348735283
32.3332333233323368 -19.3387095687624040
32.3532353235323455 5.9011720002270778
32.3732373237323827 -66.2128954820480260
32.3932393239323915 -51.9331980131992736
32.4132413241324286 -34.3074377005099009
32.4332433243324374 -47.9340031296165705
32.4532453245324461 -26.2064990119012933
32.4732473247324833 -43.3931635781238398
32.4932493249324921 -19.6012940623730501
32.5132513251325292 -36.5794344894702306
32.5332533253325380 -20.1058993508866912
32.5532553255325467 -10.4097602716908177
32.5732573257325839 -43.5782986683615050
32.5932593259325927 -49.9716397660454348
32.6132613261326298 -11.7249617219377740
32.6332633263326386 -59.3162846372208463
32.6532653265326474 -45.0868917821811266
32.6732673267326845 -13.9999337535030293
32.6932693269326933 -54.3918377696597872
32.7132713271327304 -24.8887995529605064
32.7332733273327392 -30.7048421052965637
32.7532753275327480 -42.2788385863818874
32.7732773277327851 -15.3451993617509679
32.7932793279327939 -27.0550693917564686
32.8132813281328310 -30.6785732064018504
32.8332833283328398 -25.2746149863809535
32.8532853285328486 -12.2130877029846108
32.8732873287328857 -25.8855626135469912
32.8932893289328945 8.8670998366191824
32.9132913291329317 -9.5463382041850764
32.9332933293329404 -22.5866562836044658
32.9532953295329492 -53.2692093710765775
32.9732973297329863 -15.8030909450698651
32.9932993299329951 -32.2257337544921683
33.0133013301330323 -26.5946278092607002
33.0333033303330410 -38.4466015410344184
33.0533053305330498 6.5139936951203978
33.0733073307330869 -54.2533670805425317
33.0933093309330957 -23.9898565276821785
33.1133113311331329 -3.6879088233756612
33.1333133313331416 8.4763385927375623
33.1533153315331504 -57.2804425423014152
33.1733173317331875 -24.3965356948860830
33.1933193319331963 -47.5880761410260433
33.2133213321332335 -19.4224206928821346
33.2333233323332422 -65.9932606554300634
33.2533253325332510 -32.6185298158152079
33.2733273327332881 -15.1150696913811604
33.2933293329332969 -26.1137832913122487
33.3133313331333341 -20.5467860897049448
33.3333333333333428 -22.0453736455032114
33.3533353335333516 -23.2706134679286798
33.3733373337333887 15.3952184306042952
33.3933393339333975 14.2492200014884816
33.4133413341334062 -48.0163887941931620
33.4333433343334434 -9.8485973243050751
33.4533453345334522 -47.5098854994413813
33.4733473347334893 -39.7097946859465480
33.4933493349334981 -43.4587161708495699
33.5133513351335068 -19.5312461019923518
33.5333533353335440 -12.7207877733020851
33.5533553355335528 -19.4399993240162807
33.5733573357335899 -25.9827479136025019
33.5933593359335987 -4.2820680734827050
33.6133613361336074 -0.1167052522515490
33.6333633363336446 -0.8080362421919922
33.6533653365336534 -15.8742450725473017
33.6733673367336905 -38.0135018389813837
33.6933693369336993 -45.0344902974306578
33.7133713371337080 12.8560232231632057
33.7333733373337452 -35.1842891366047610
33.7533753375337540 2.4675282026015388
33.7733773377337911 -41.3634584689357965
33.7933793379337999 -54.6235066370873739
33.8133813381338086 21.5688603245426123
33.8333833383338458 -43.7358403799177040
33.8533853385338546 -23.5028644006628724
33.8733873387338917 9.6180020089257496
33.8933893389339005 -45.4036794811672095
33.9133913391339092 -30.4762139413312454
33.9333933393339464 -32.7108330929298177
33.9533953395339552 -32.3193132538499626
33.9733973397339923 -24.0283884840451307
33.9933993399340011 -9.1499909906320624
34.0134013401340098 6.0102198021858229
34.0334033403340470 -24.6490334344023303
34.0534053405340558 -3.8400487471183915
34.0734073407340929 0.5228685110924474
34.0934093409341017 -62.4272794743671255
34.1134113411341104 -51.3231937263505458
34.1334133413341476 -16.9577048992909205
34.1534153415341564 -48.5154120367790682
34.1734173417341935 -46.8650791913314890
34.1934193419342023 -71.7146423878429715
34.2134213421342110 -32.6346977328259271
34.2334233423342482 -31.4772997886084447
34.2534253425342570 -25.7783266952955614
34.2734273427342941 -62.0744313366320739
34.2934293429343029 -32.0244020259179507
34.3134313431343116 -24.5694932311251435
34.3334333433343488 8.9240749140095872
34.3534353435343576 -19.2805116629487188
34.3734373437343663 -42.1261521605792524
34.3934393439344035 -57.2945411457495624
34.4134413441344122 -30.6200297396803727
34.4334433443344494 -67.1785792879554862
34.4534453445344582 -10.2716082609141122
34.4734473447344669 4.5338353631633446
34.4934493449345041 -25.5947500859271599
34.5134513451345128 -54.4449915472527621
34.5334533453345500 -40.7193202812762109
34.5534553455345588 -19.8095715921929987
34.5734573457345675 0.7502843184050789
34.5934593459346047 -30.7961526349776307
34.6134613461346134 -65.4961647222066290
34.6334633463346506 -1.2024788115981302
34.6534653465346594 -14.9056662480696360
34.6734673467346681 -8.4279347019322834
34.6934693469347053 -11.8343850728128839
34.7134713471347141 -54.4137605371710862
34.7334733473347512 -53.1420157634534718
34.7534753475347600 -13.5473377934473902
34.7734773477347687 -44.1668660800681465
34.7934793479348059 7.6803478014614797
34.8134813481348147 -25.2569129517334723
34.8334833483348518 -22.9199468013694059
34.8534853485348606 -8.4241167398082055
34.8734873487348693 -2.6378086298862407
34.8934893489349065 -13.7163697690124451
34.9134913491349153 -56.6996364134824233
34.9334933493349524 7.1247329568626832
34.9534953495349612 -8.6196541055858429
34.9734973497349699 -1.0525730861078593
34.9934993499350071 -25.3828690999782971
35.0135013501350159 2.4368606343965169
35.0335033503350530 -69.7774453499227150
35.0535053505350618 4.3964609630414699
35.0735073507350705 -24.8308065657736847
35.0935093509351077 -14.3881983129059776
35.1135113511351165 -30.3256176922959924
35.1335133513351536 27.9281477221785650
35.1535153515351624 -18.2687597369222985
35.1735173517351711 -4.9592010122341570
35.1935193519352083 -16.8582581462453334
35.2135213521352171 -22.5407902475642778
35.2335233523352542 -6.9395000871085433
35.2535253525352630 -22.4684249964071441
35.2735273527352717 -31.1201822253987359
35.2935293529353089 -48.0667406390633829
35.3135313531353177 -52.2944246070557028
35.3335333533353264 -37.8343094735477266
35.3535353535353636 -32.8706098002973661
35.3735373537353723 -36.2717777940285657
35.3935393539354095 -17.6479566894885735
35.4135413541354183 -26.1929412520622549
35.4335433543354270 -3.3907543176464188
35.4535453545354642 -7.8589781982371036
35.4735473547354729 6.7136898275427264
35.4935493549355101 -1.4087686361555782
35.5135513551355189 -51.2559041866822085
35.5335533553355276 -18.1003048261366715
35.5535553555355648 -6.1242433592938692
35.5735573557355735 19.1477193740313183
35.5935593559356107 -34.6411542566915216
35.6135613561356195 16.0087980995553174
35.6335633563356282 -6.9776536562800988
35.6535653565356654 -45.1534623885250923
35.6735673567356741 -6.0937242996767473
35.6935693569357113 5.1343738168702799
35.7135713571357201 1.5786704347963720
35.7335733573357288 2.0890672732388325
35.7535753575357660 -14.3715585027162085
35.7735773577357747 -26.1950673412952426
35.7935793579358119 -9.2889350224645550
35.8135813581358207 -15.8239746628875864
35.8335833583358294 -42.4071298841508195
35.8535853585358666 -21.7747762785228680
35.8735873587358753 -35.1849060220733918
35.8935893589359125 -35.6308419357704480
35.9135913591359213 -0.1410272679574014
35.9335933593359300 -14.5892627598486655
35.9535953595359672 -34.6468949288038814
35.9735973597359759 -0.3424164374176932
35.9935993599360131 -13.3133912601679061
36.0136013601360219 -14.9992506807667354
36.0336033603360306 6.8769745283037125
36.0536053605360678 -10.0174066417663514
36.0736073607360765 -4.3263457955782005
36.0936093609361137 -29.5367772255515533
36.1136113611361225 -32.5567893780253144
36.1336133613361312 -28.4995158977705607
36.1536153615361684 -55.6087531807635642
36.1736173617361771 -14.8331224220213684
36.1936193619362143 -38.3590677454351479
36.2136213621362231 5.4220492868981225
36.2336233623362318 -19.5667301709139885
36.2536253625362690 -11.3774636459960430
36.2736273627362777 -17.6124513108512595
36.2936293629362865 -25.3252190392277114
36.3136313631363237 -32.3268095482841389
36.3336333633363324 -40.3559888276019407
36.3536353635363696 -50.1540788487932261
36.3736373637363783 -32.6000364468215764
36.3936393639363871 1.0409080744089465
36.4136413641364243 -34.0043078390138476
36.4336433643364330 -67.4257041875563488
36.4536453645364702 2.2354665399849409
36.4736473647364789 -2.5097380843809809
36.4936493649364877 -2.6673153061617807
36.5136513651365249 -34.4210207846792144
36.5336533653365336 -35.4319008571243188
36.5536553655365708 -1.1379033649198078
36.5736573657365795 -22.8293591191775320
36.5936593659365883 -38.6994004681887986
36.6136613661366255 -13.2414540742630464
36.6336633663366342 -27.7580698714203216
36.6536653665366714 -0.1969015248299115
36.6736673667366802 -1.8154216975925976
36.6936693669366889 -10.6502476626313545
36.7136713671367261 -34.2240997469167212
36.7336733673367348 -33.9505790305639579
36.7536753675367720 -11.7978725440150036
36.7736773677367808 -27.8089821577705152
36.7936793679367895 -31.3709829480461693
36.8136813681368267 -2.8632721673744452
36.8336833683368354 0.0572424452963745
36.8536853685368726 -44.3752235704380809
36.8736873687368814 -8.6075615808796613
36.8936893689368901 3.6665700659426825
36.9136913691369273 9.0905911361568990
36.9336933693369360 -12.4860744087835744
36.9536953695369732 -18.1907358044741514
36.9736973697369820 -17.8288482285700915
36.9936993699369907 14.9112421548936709
37.0137013701370279 2.6408824814857219
37.0337033703370366 -24.6541489236415430
37.0537053705370738 -62.3355795141406617
37.0737073707370826 -43.5492984924604229
37.0937093709370913 -43.5019482478721358
37.1137113711371285 -12.0820981987735845
37.1337133713371372 -14.0767056834710367
37.1537153715371744 -6.8035998630463226
37.1737173717371832 -49.4880567660171238
37.1937193719371919 -5.4823771911656998
37.2137213721372291 -12.5452816291459790
37.2337233723372378 -21.1152525210917332
37.2537253725372466 -35.1504705064190546
37.2737273727372838 -24.0465611235934524
37.2937293729372925 -9.2619743221455693
37.3137313731373297 18.1080509550659556
37.3337333733373384 -43.9508908644086702
37.3537353735373472 -40.8771463785583080
37.3737373737373844 -18.2360321130332323
37.3937393739373931 -37.8661766411629586
37.4137413741374303 -30.4530934935010364
37.4337433743374390 -19.1668280389034393
37.4537453745374478 -42.0704279996458297
37.4737473747374850 -15.7932217577958571
37.4937493749374937 5.3040772252118735
37.5137513751375309 -14.4221083821295579
37.5337533753375396 -15.3872504288745517
37.5537553755375484 -19.0819874039533595
37.5737573757375856 14.9819089273571926
37.5937593759375943 -5.7723179966279190
37.6137613761376315 -20.8635934181227398
37.6337633763376402 -23.4116725746045375
37.6537653765376490 18.8428106762409620
37.6737673767376862 -69.0280053860746818
37.6937693769376949 6.8892407655216985
37.7137713771377321 -1.2107017402366189
37.7337733773377408 21.5733226608843225
37.7537753775377496 -19.8823710815153945
37.7737773777377868 -22.0680750291468399
37.7937793779377955 -6.6323969232970352
37.8137813781378327 -2.4872790559294131
37.8337833783378414 -36.6668705816128266
37.8537853785378502 -17.7338961330721716
37.8737873787378874 -12.5651462763325483
37.8937893789378961 -14.1158302416769903
37.9137913791379333 -21.7483860339134090
37.9337933793379420 -41.8305642280976357
37.9537953795379508 -4.1296133226554232
37.9737973797379880 11.1191684825823192
37.9937993799379967 1.0140979719157510
38.0138013801380339 17.3809518890709676
38.0338033803380426 -54.9774001879748013
38.0538053805380514 14.3255913232010528
38.0738073807380886 -30.7984866644402686
38.0938093809380973 -26.2640612055836158
38.1138113811381345 -20.9763071207172977
38.1338133813381432 -42.4922357269342399
38.1538153815381520 36.7619759691942676
38.1738173817381892 -32.0016483120585136
38.1938193819381979 0.4280645886339371
38.2138213821382067 29.2654888099838857
38.2338233823382438 -19.1205777287473566
38.2538253825382526 -8.3252525853767558
38.2738273827382898 -48.4827752970754062
38.2938293829382985 -32.4772754475507384
38.3138313831383073 0.3753079105309283
38.3338333833383444 -2.1286225008925204
38.3538353835383532 -11.5138785119394189
38.3738373837383904 -12.9202238831953107
38.3938393839383991 -47.1386458522705141
38.4138413841384079 -20.1110249766613123
38.4338433843384450 9.2737346351328256
38.4538453845384538 10.3525374125733070
38.4738473847384910 5.2654488253245297
38.4938493849384997 -21.2156157310841991
38.5138513851385085 45.5334187810787228
38.5338533853385456 -30.2512879450739547
38.5538553855385544 -25.5077787289763300
38.5738573857385916 20.3121436937877533
38.5938593859386003 4.5168368499130782
38.6138613861386091 -23.8132650059677502
38.6338633863386463 -12.9781719302595384
38.6538653865386550 -27.7940189274896596
38.6738673867386922 0.6460568448661412
38.6938693869387009 -13.9857163656185683
38.7138713871387097 -0.6240942171371202
38.7338733873387469 -8.8496622618211642
38.7538753875387556 17.3151526648802800
38.7738773877387928 6.5245991706172735
38.7938793879388015 21.4923442218522958
38.8138813881388103 13.6225835724982076
38.8338833883388475 -36.3014997053266342
38.8538853885388562 -26.5996418847753588
38.8738873887388934 13.3184744863652895
38.8938893889389021 -21.0771399898945333
38.9138913891389109 2.3229992447898944
38.9338933893389481 0.1827197424423108
38.9538953895389568 14.8019891124759368
38.9738973897389940 -21.8331202858960438
38.9938993899390027 -27.2202209768392187
39.0139013901390115 11.8588281304293837
39.0339033903390487 -15.6079292893584700
39.0539053905390574 -4.9794952619553010
39.0739073907390946 -22.8374445033052673
39.0939093909391033 -0.8157487490042072
39.1139113911391121 -15.5600110960827980
39.1339133913391493 8.3267386852911400
39.1539153915391580 33.4978314543017959
39.1739173917391668 -6.8418088455032491
39.1939193919392039 -34.0451034064308260
39.2139213921392127 -14.0961426178832880
39.2339233923392499 2.8036204535884188
39.2539253925392586 5.2520970495217796
39.2739273927392674 -15.0639455924809198
39.2939293929393045 -37.8212135574942820
39.3139313931393133 18.9348357843200645
39.3339333933393505 -18.9668005589620066
39.3539353935393592 13.5193961277118362
39.3739373937393680 -12.2659730734325709
39.3939393939394051 -13.8576475144521964
39.4139413941394139 -3.2582541695890663
39.4339433943394511 -0.3966194849417821
39.4539453945394598 -13.6845532402061565
39.4739473947394686 -9.8410447519639348
39.4939493949395057 5.8265821449445134
39.5139513951395145 -26.2072472302603252
39.5339533953395517 -19.2202730682208660
39.5539553955395604 -8.4606354282368450
39.5739573957395692 -5.9460628431581686
39.5939593959396063 -38.7962093576492606
39.6139613961396151 -7.3007604575961480
39.6339633963396523 -4.6261991234213014
39.6539653965396610 -15.2938634791943393
39.6739673967396698 15.0899180550131220
39.6939693969397069 -10.4638029851675576
39.7139713971397157 -23.3938253287807321
39.7339733973397529 -19.6898093934500338
39.7539753975397616 -3.7246350861581745
39.7739773977397704 -11.5101458572528941
39.7939793979398075 -1.4162979133339402
39.8139813981398163 29.6913315139030871
39.8339833983398535 -27.9869257575549710
39.8539853985398622 15.6269287108117432
39.8739873987398710 -32.5067780184672728
39.8939893989399081 -6.5235039927181049
39.9139913991399169 6.1175618799846898
39.9339933993399541 1.1942557757779380
39.9539953995399628 -3.6628321155403820
39.9739973997399716 0.4193324012116326
39.9939993999400087 8.0084959697919764
40.0140014001400175 -5.2709215373827885
40.0340034003400547 4.9501786178744025
40.0540054005400634 11.5685452801221871
40.0740074007400722 4.4484406020204403
40.0940094009401093 -30.6925662237280932
40.1140114011401181 -1.0394004502281078
40.1340134013401268 -35.2057419958274451
40.1540154015401640 -13.1478941345258029
40.1740174017401728 0.8081570028205700
40.1940194019402099 9.2961523362160605
40.2140214021402187 -28.2531283233794070
40.2340234023402274 34.9750310543070242
40.2540254025402646 -1.5703634972799381
40.2740274027402734 13.8774649529151368
40.2940294029403105 -58.7054894284365218
40.3140314031403193 28.4818835543289559
40.3340334033403281 11.3373143509477501
40.3540354035403652 -4.7321042231805590
40.3740374037403740 -22.4907230058603496
40.3940394039404111 -15.3857443117352410
40.4140414041404199 21.0168225239786395
40.4340434043404287 37.0567704127037629
40.4540454045404658 -5.0796876590004363
40.4740474047404746 15.5901253136097395
40.4940494049405117 -15.2785156297467175
40.5140514051405205 -27.7044909057814337
40.5340534053405293 -11.8902828137973593
40.5540554055405664 -17.5440836602999823
40.5740574057405752 -0.6367331516181309
40.5940594059406124 19.5810173826885361
40.6140614061406211 -4.7816583881421204
40.6340634063406299 35.1647461522480427
40.6540654065406670 -29.0044576407524843
40.6740674067406758 -23.0589564813609442
40.6940694069407130 -7.9570374266967612
40.7140714071407217 -10.9607684000387273
40.7340734073407305 -2.7662204627086120
40.7540754075407676 -17.8810523888104917
40.7740774077407764 8.4135788914393821
40.7940794079408136 -48.6372335242039142
40.8140814081408223 -36.3435185979542013
40.8340834083408311 12.6014300205933960
40.8540854085408682 -10.9163494145435997
40.8740874087408770 -20.5437984080883744
40.8940894089409142 1.4296160562091882
40.9140914091409229 19.9981376390777577
40.9340934093409317 -11.5174194860813959
40.9540954095409688 8.6685779429844860
40.9740974097409776 -18.0546670561899276
40.9940994099410148 2.8025994691532521
41.0141014101410235 -32.5491726284217080
41.0341034103410323 -4.2200938916515343
41.0541054105410694 45.4604212254474191
41.0741074107410782 -10.1093356752732380
41.0941094109410869 32.0242706303313156
41.1141114111411241 4.5370785640676488
41.1341134113411329 -9.2128522675737443
41.1541154115411700 -15.1401538235221729
41.1741174117411788 -8.4792066081092283
41.1941194119411875 -15.4220071222796360
41.2141214121412247 -8.4715755036912554
41.2341234123412335 13.8009444178908005
41.2541254125412706 24.4684208389429116
41.2741274127412794 -41.6538075622220489
41.2941294129412881 2.3685062751141190
41.3141314131413253 0.0431588523076072
41.3341334133413341 1.2546463398118064
41.3541354135413712 17.2203171196552240
41.3741374137413800 -18.1937158258696385
41.3941394139413887 0.2005165851637332
41.4141414141414259 -33.3449946881691659
41.4341434143414347 29.4811566303268577
41.4541454145414718 9.2241158821180012
41.4741474147414806 -0.3454447464451029
41.4941494149414893 -8.4964853822634403
41.5141514151415265 22.6471390415379688
41.5341534153415353 -14.0972638430722537
41.5541554155415724 8.7126896847245057
41.5741574157415812 3.0258130046398772
41.5941594159415899 12.3786319711632622
41.6141614161416271 -38.3051958988224968
41.6341634163416359 -1.5954909092475889
41.6541654165416730 3.2019898480346249
41.6741674167416818 -15.1980031268338056
41.6941694169416905 -33.1084354386976969
41.7141714171417277 -9.5001481433407946
41.7341734173417365 10.2452892401214708
41.7541754175417736 33.8198522985731174
41.7741774177417824 24.8446037347143118
41.7941794179417911 23.2193012034226136
41.8141814181418283 -31.1773769459441681
41.8341834183418371 -2.9498962696933186
41.8541854185418742 -0.0065519612386481
41.8741874187418830 13.7692930879293201
41.8941894189418917 -4.5145341011706659
41.9141914191419289 11.3902545036950116
41.9341934193419377 4.4725369038683782
41.9541954195419748 22.0213421906536233
41.9741974197419836 5.7617309699247059
41.9941994199419923 -30.6869513515870231
42.0142014201420295 -20.0135665997930694
42.0342034203420383 35.5041767706686144
42.0542054205420470 -16.8105465790887010
42.0742074207420842 -15.4963941307724138
42.0942094209420929 16.7134987408189417
42.1142114211421301 2.2091924011367166
42.1342134213421389 -13.0677414138199364
42.1542154215421476 12.6540090567980030
42.1742174217421848 1.9171213196434791
42.1942194219421935 23.7606248559634459
42.2142214221422307 19.0962339308692819
42.2342234223422395 -7.1134089666118090
42.2542254225422482 7.7842719962718920
42.2742274227422854 -23.0461419287649711
42.2942294229422941 -23.0266210013684756
42.3142314231423313 -14.8089921584545809
42.3342334233423401 -2.8098180976281162
42.3542354235423488 22.6990651731194717
42.3742374237423860 -11.1614943138025513
42.3942394239423948 -13.3266597761507306
42.4142414241424319 6.8531946703208426
42.4342434243424407 17.3316003229759339
42.4542454245424494 -0.1018437202867211
42.4742474247424866 -3.3132703371146968
42.4942494249424954 49.6762518604356842
42.5142514251425325 6.1726484290232859
42.5342534253425413 -3.5041570423568382
42.5542554255425500 16.6926389092403191
42.5742574257425872 -11.4081361919172988
42.5942594259425960 -15.7095424278651077
42.6142614261426331 0.1596821442669287
42.6342634263426419 3.2065323084144830
42.6542654265426506 17.8748508488664584
42.6742674267426878 22.7345026361751579
42.6942694269426966 -50.8504540319520331
42.7142714271427337 5.8409686512804919
42.7342734273427425 7.5601693520526387
42.7542754275427512 37.9401490779374981
42.7742774277427884 -18.1942759436203474
42.7942794279427972 7.8342578848188307
42.8142814281428343 -3.6963006049375995
42.8342834283428431 20.1754288509348925
42.8542854285428518 15.4745638539642592
42.8742874287428890 17.7964035352524732
42.8942894289428978 -1.5614267831520783
42.9142914291429349 -23.5068041957577805
42.9342934293429437 31.6553225035428980
42.9542954295429524 -5.9692830760500124
42.9742974297429896 34.5781475204544861
42.9942994299429984 12.4879401628290090
43.0143014301430071 28.7066432439312607
43.0343034303430443 -6.4722068924209522
43.0543054305430530 14.7006340944092813
43.0743074307430902 -37.6877237647890979
43.0943094309430990 1.0875073862436881
43.1143114311431077 7.3769540383550218
43.1343134313431449 4.3985962502971301
43.1543154315431536 -12.4098447147102764
43.1743174317431908 -28.4034452625608402
43.1943194319431996 5.8124795346349005
43.2143214321432083 11.1878231869724356
43.2343234323432455 18.0363502714864019
43.2543254325432542 -19.5228775506939520
43.2743274327432914 26.3298385548918255
43.2943294329433002 6.0769214022647109
43.3143314331433089 -3.5337485803254793
43.3343334333433461 10.7234004816804731
43.3543354335433548 1.0190093689741291
43.3743374337433920 15.6479305010607010
43.3943394339434008 -23.4330282488896593
43.4143414341434095 -13.0904791332561388
43.4343434343434467 23.6960166288691845
43.4543454345434554 13.8271173528120688
43.4743474347434926 -14.8360747132942734
43.4943494349435014 35.4914211638136479
43.5143514351435101 -4.0113234673802545
43.5343534353435473 55.7692085471127328
43.5543554355435560 -20.0779654164879950
43.5743574357435932 3.5707408681632677
43.5943594359436020 15.2006150729487644
43.6143614361436107 8.7218632853618487
43.6343634363436479 -12.7730006909630891
43.6543654365436566 7.1158388305940639
43.6743674367436938 28.5258385248407862
43.6943694369437026 -3.9766398833958121
43.7143714371437113 37.2679668517942275
43.7343734373437485 -25.7843212447312666
43.7543754375437572 -2.6576041040181675
43.7743774377437944 -6.7762963958098714
43.7943794379438032 -5.6885324561139932
43.8143814381438119 17.1631295428464483
43.8343834383438491 13.7912240392191840
43.8543854385438578 -11.5445375668881915
43.8743874387438950 52.5171888303162930
43.8943894389439038 10.5195981995535295
43.9143914391439125 33.5570248754264782
43.9343934393439497 -7.1856528418353580
43.9543954395439584 -12.3306534813581301
43.9743974397439956 18.5469714455262995
43.9943994399440044 -15.2204007865024895
44.0144014401440131 -35.0122243963702928
44.0344034403440503 -22.9592895447768370
44.0544054405440590 -42.5033401083174311
44.0744074407440678 5.4568048992545215
44.0944094409441050 45.2209708151980294
44.1144114411441137 -35.3799181245206356
44.1344134413441509 18.9303588874066193
44.1544154415441596 10.1604327351909767
44.1744174417441684 -23.5292068741202911
44.1944194419442056 12.1962370249483989
44.2144214421442143 23.2242786552390008
44.2344234423442515 16.9754954985646194
44.2544254425442602 22.4725734175674887
44.2744274427442690 -4.4824774687747926
44.2944294429443062 0.8119389430842467
44.3144314431443149 34.4266216702628824
44.3344334433443521 -0.3927774948016047
44.3544354435443609 -0.1830745153920557
44.3744374437443696 -15.9028210355592581
44.3944394439444068 19.6978175532652209
44.4144414441444155 39.6116693609132469
44.4344434443444527 -1.1602729047141995
44.4544454445444615 8.6469324094546050
44.4744474447444702 -4.2699926082299804
44.4944494449445074 14.4863413600794111
44.5144514451445161 17.5105462443432565
44.5344534453445533 -4.0654232157598305
44.5544554455445621 31.5887069159011844
44.5744574457445708 -3.5279775804975593
44.5944594459446080 19.0398677147785094
44.6144614461446167 13.1326572090357789
44.6344634463446539 45.3673138377879965
44.6544654465446627 -42.6304484083846233
44.6744674467446714 0.3287379547906326
44.6944694469447086 3.2453711673949002
44.7144714471447173 31.3636128672678751
44.7344734473447545 4.9787216293220888
44.7544754475447633 2.4600824907412129
44.7744774477447720 29.8620130404262341
44.7944794479448092 30.6222558747726197
44.8144814481448179 -10.6307037893642509
44.8344834483448551 -28.5937182909943459
44.8544854485448639 -7.2081121007194078
44.8744874487448726 15.0501102403663705
44.8944894489449098 22.8921165886991211
44.9144914491449185 3.0962656578030447
44.9344934493449557 5.2355306576008998
44.9544954495449645 3.0522609473332825
44.9744974497449732 9.2077448171301022
44.9944994499450104 28.2263502226322096
45.0145014501450191 35.1316690968785750
45.0345034503450279 15.2526475428291999
45.0545054505450651 -27.0755055608838866
45.0745074507450738 36.4085611675086511
45.0945094509451110 18.8958399848343142
45.1145114511451197 23.4504895312935382
45.1345134513451285 5.6987940099835415
45.1545154515451657 1.4179997469024777
45.1745174517451744 9.0704424402085024
45.1945194519452116 24.5766230736560374
45.2145214521452203 9.9632917756751187
45.2345234523452291 3.3777210540816487
45.2545254525452663 10.3945708311979317
45.2745274527452750 -4.6600954641078420
45.2945294529453122 -0.7480992930767005
45.3145314531453209 -5.5751647778885012
45.3345334533453297 41.6690099332933528
45.3545354535453669 -17.9117554690476837
45.3745374537453756 41.1974018883044977
45.3945394539454128 -22.5466917152217263
45.4145414541454215 49.9186398392679180
45.4345434543454303 -25.6848644935196333
45.4545454545454675 -11.3250613455837748
45.4745474547454762 17.4457555149044161
45.4945494549455134 29.7937001142617035
45.5145514551455221 22.0382522087262949
45.5345534553455309 37.0348553483522807
45.5545554555455681 -5.2876997447443408
45.5745574557455768 26.4903330957237984
45.5945594559456140 -10.3907876776539734
45.6145614561456227 13.7843402591699125
45.6345634563456315 42.6170248546625672
45.6545654565456687 35.4741675831865422
45.6745674567456774 5.7318991476325252
45.6945694569457146 21.4624657453265968
45.7145714571457233 14.7146925769349171
45.7345734573457321 -5.6943111449057096
45.7545754575457693 27.7246836291461953
45.7745774577457780 12.3255839766540696
45.7945794579458152 30.8610500515499631
45.8145814581458239 -7.3256716377750202
45.8345834583458327 -8.6561407241460859
45.8545854585458699 -10.1719695904463805
45.8745874587458786 5.6620761193617639
45.8945894589459158 42.2727135779112615
45.9145914591459245 15.7287818077558210
45.9345934593459333 31.8113333776529785
45.9545954595459705 -11.1289010327879652
45.9745974597459792 22.4997177678235190
45.9945994599459880 -14.6489390517388216
46.0146014601460251 19.5067367737900348
46.0346034603460339 -30.1180461500199499
46.0546054605460711 -22.0938473591766069
46.0746074607460798 22.9204951645734560
46.0946094609460886 34.1085051027677721
46.1146114611461257 -2.5553381112843638
46.1346134613461345 17.8052116199365464
46.1546154615461717 4.3859052307868236
46.1746174617461804 14.4496444630820626
46.1946194619461892 -15.0464641742252034
46.2146214621462263 24.7732297401366210
46.2346234623462351 -1.7329364271368384
46.2546254625462723 5.1210573166674962
46.2746274627462810 37.9173303164670159
46.2946294629462898 -21.2071976675836531
46.3146314631463270 -15.3572883550146919
46.3346334633463357 32.4745961621335439
46.3546354635463729 15.8822224509093246
46.3746374637463816 -9.3831188477334457
46.3946394639463904 -9.0388496786829933
46.4146414641464276 42.4239913760752358
46.4346434643464363 23.9971803417102620
46.4546454645464735 9.3001912369938431
46.4746474647464822 -8.3230060071907452
46.4946494649464910 14.9881079431494726
46.5146514651465282 -1.1773631418911208
46.5346534653465369 18.1811295021208075
46.5546554655465741 16.5571744898714854
46.5746574657465828 43.2151574544358965
46.5946594659465916 13.4492664841181195
46.6146614661466288 10.5175808831952526
46.6346634663466375 -4.9211076128550815
46.6546654665466747 45.0912502784830878
46.6746674667466834 46.9948601990082508
46.6946694669466922 47.5687959810220775
46.7146714671467294 18.2182465614991607
46.7346734673467381 25.8116876651906004
46.7546754675467753 -11.3588897058940219
46.7746774677467840 35.8549153623142587
46.7946794679467928 19.5721994463919984
46.8146814681468300 29.0688207129784786
46.8346834683468387 -37.6003402330047294
46.8546854685468759 -5.0176372893216907
46.8746874687468846 15.1387406059756007
46.8946894689468934 9.6002686477938521
46.9146914691469306 6.3534588840276154
46.9346934693469393 -18.1346232426466827
46.9546954695469481 53.0556099659670437
46.9746974697469852 18.4636260479162040
46.9946994699469940 12.9468941220391454
47.0147014701470312 1.2920271968415022
47.0347034703470399 1.4393209137963900
47.0547054705470487 27.7206954634122305
47.0747074707470858 42.8467170470603946
47.0947094709470946 9.9487252897922449
47.1147114711471318 15.6493608073926218
47.1347134713471405 6.2073944616297076
47.1547154715471493 14.3244143535377351
47.1747174717471864 26.7452925591203758
47.1947194719471952 28.3371524632160359
47.2147214721472324 17.7626712587677389
47.2347234723472411 9.9030408981782738
47.2547254725472499 33.3702991446013897
47.2747274727472870 20.8523854363872907
47.2947294729472958 -22.7925524550150733
47.3147314731473330 40.8702435218880282
47.3347334733473417 26.5178021770306138
47.3547354735473505 42.8982180784756082
47.3747374737473876 8.3455569587787153
47.3947394739473964 -27.0604488890371293
47.4147414741474336 -13.5258076381013765
47.4347434743474423 25.4118779529553045
47.4547454745474511 26.1653568401728371
47.4747474747474882 41.3508980495731606
47.4947494749474970 45.6615887599215711
47.5147514751475342 11.8967913504787077
47.5347534753475429 39.8553346693315262
47.5547554755475517 31.2646763610472149
47.5747574757475888 27.6320342914108643
47.5947594759475976 52.5921619261651756
47.6147614761476348 24.4037483296042836
47.6347634763476435 18.6075293275532907
47.6547654765476523 35.7092150808057269
47.6747674767476894 29.2690173041786892
47.6947694769476982 14.2559128607818124
47.7147714771477354 62.3639619402047742
47.7347734773477441 42.2138099626902346
47.7547754775477529 38.3444650404581324
47.7747774777477900 -31.5450568074006057
47.7947794779477988 32.3483101042744039
47.8147814781478360 41.4341730757351883
47.8347834783478447 47.0379978983900529
47.8547854785478535 13.5450299735172752
47.8747874787478906 14.0118306071549590
47.8947894789478994 29.4692055096994920
47.9147914791479081 62.5596701001757225
47.9347934793479453 6.7388644249473160
47.9547954795479541 1.7660868032097099
47.9747974797479912 34.3803078043063408
47.9947994799480000 18.6141183313597800
48.0148014801480087 30.1187855611928939
48.0348034803480459 23.5886223027672450
48.0548054805480547 5.3159577732221273
48.0748074807480918 20.9920665423743138
48.0948094809481006 27.5134282190783637
48.1148114811481094 15.5768874533377257
48.1348134813481465 18.8717224663410335
48.1548154815481553 12.6830862629575432
48.1748174817481924 5.8444834135917034
48.1948194819482012 7.7289811217363820
48.2148214821482100 26.1682753986201639
48.2348234823482471 3.0757603513062932
48.2548254825482559 7.3193235704180140
48.2748274827482931 24.0480774859292623
48.2948294829483018 -14.1019010372884814
48.3148314831483106 40.0527309439796255
48.3348334833483477 -8.5102129391015815
48.3548354835483565 10.4561639133814026
48.3748374837483937 48.1756297102501918
48.3948394839484024 22.0650502989671544
48.4148414841484112 9.9842062447090711
48.4348434843484483 49.8705591043814138
48.4548454845484571 15.0643284057284603
48.4748474847484943 33.5527507766312496
48.4948494849485030 32.1692762138505373
48.5148514851485118 1.3732220207535377
48.5348534853485489 33.6861823695576135
48.5548554855485577 38.2254859027094938
48.5748574857485949 57.9581856682269532
48.5948594859486036 -3.3805475404758702
48.6148614861486124 16.8571597654765775
48.6348634863486495 16.8150038449842896
48.6548654865486583 21.6142725654738257
48.6748674867486955 6.1972481527903263
48.6948694869487042 21.0246678870201222
48.7148714871487130 37.1779260023733116
48.7348734873487501 44.9675073967547334
48.7548754875487589 2.5317898604415952
48.7748774877487961 52.1992904264484352
48.7948794879488048 8.7916425174543953
48.8148814881488136 1.3415238906950044
48.8348834883488507 26.0672697658159542
48.8548854885488595 24.0207658259697006
48.8748874887488682 26.1647604002761192
48.8948894889489054 45.4128632802085122
48.9148914891489142 42.5620220478192834
48.9348934893489513 31.1831491416667106
48.9548954895489601 38.5065517079376036
48.9748974897489688 14.5644661125428954
48.9948994899490060 -8.7844221486898846
49.0149014901490148 22.8060030541464798
49.0349034903490519 8.0925225210553684
49.0549054905490607 9.4434129864356162
49.0749074907490694 29.5915662468019249
49.0949094909491066 15.1177909746046630
49.1149114911491154 25.5231719160762793
49.1349134913491525 -7.5234235386628896
49.1549154915491613 -4.2642732387495421
49.1749174917491700 -28.3104926188514234
49.1949194919492072 60.6777550936830323
49.2149214921492160 24.1388891493443083
49.2349234923492531 22.5429226432785086
49.2549254925492619 -24.3948396764576678
49.2749274927492706 46.5740639038897299
49.2949294929493078 21.9371119694477166
49.3149314931493166 24.1459780680235738
49.3349334933493537 72.2712187926662750
49.3549354935493625 9.9026682291272934
49.3749374937493712 34.0283644118820021
49.3949394939494084 8.8964155334939186
49.4149414941494172 14.6214982471108303
49.4349434943494543 26.3344627468513686
49.4549454945494631 -21.2634811478803201
49.4749474947494718 -16.8113091865246851
49.4949494949495090 26.0903999816541017
49.5149514951495178 21.5214721290815483
49.5349534953495549 22.8990709520338314
49.5549554955495637 24.1565972865724099
49.5749574957495724 28.8957980470717928
49.5949594959496096 67.4505265433469106
49.6149614961496184 14.5030818563818489
49.6349634963496555 37.9263376619805541
49.6549654965496643 25.5220301608488214
49.6749674967496730 5.0859036330882752
49.6949694969497102 -7.0720875221508877
49.7149714971497190 4.9991983075598867
49.7349734973497561 5.5692197532909198
49.7549754975497649 46.3282299342997348
49.7749774977497736 34.3946568851260608
49.7949794979498108 23.8628577011260035
49.8149814981498196 44.0476231660627633
49.8349834983498283 50.3819439049380833
49.8549854985498655 -8.6054591481472684
49.8749874987498742 36.4334140677729295
49.8949894989499114 49.1103854813466967
49.9149914991499202 46.1184812208112476
49.9349934993499289 18.2189743740942376
49.9549954995499661 44.1530502694015183
49.9749974997499748 21.2819305930625191
49.9949994999500120 72.0205252712229935
50.0150015001500208 47.3739736131773412
50.0350035003500295 54.3545362129077247
50.0550055005500667 27.9592163915420464
50.0750075007500755 21.9400147620561512
50.0950095009501126 17.5421253541642059
50.1150115011501214 1.1893628149800008
50.1350135013501301 41.6240451088040331
50.1550155015501673 52.3030154411694639
50.1750175017501761 34.0504231566598605
50.1950195019502132 -4.4152584900831009
50.2150215021502220 17.6767746521475644
50.2350235023502307 39.6460549741602790
50.2550255025502679 -26.9189236284054587
50.2750275027502767 86.9518172620766023
50.2950295029503138 73.0021259558274949
50.3150315031503226 23.2955976719116435
50.3350335033503313 31.6124981499209028
50.3550355035503685 33.9982966469771384
50.3750375037503773 42.4486036493848360
50.3950395039504144 21.2924135961783598
50.4150415041504232 34.5047243991116801
50.4350435043504319 20.5302660025358250
50.4550455045504691 21.9112828349869488
50.4750475047504779 7.8529406547086182
50.4950495049505150 48.0533837621157716
50.5150515051505238 2.7209848707629902
50.5350535053505325 4.0885532315231323
50.5550555055505697 22.0662521250750139
50.5750575057505785 30.9463231196485680
50.5950595059506156 17.4743585588972863
50.6150615061506244 27.8810165603612887
50.6350635063506331 23.5841122156236764
50.6550655065506703 35.3827940559863805
50.6750675067506791 13.6770717683785499
50.6950695069507162 33.1970492144206304
50.7150715071507250 15.1830607780393656
50.7350735073507337 22.8754011833755833
50.7550755075507709 19.2215673309349064
50.7750775077507797 39.9486825991872863
50.7950795079507884 50.0367378030703946
50.8150815081508256 12.0059226672864199
50.8350835083508343 25.5212540016679839
50.8550855085508715 30.2512501234589521
50.8750875087508803 26.5869312879989188
50.8950895089508890 30.3950523735908398
50.9150915091509262 -11.5893933881194684
50.9350935093509349 32.8737152807779367
50.9550955095509721 32.4263700783487678
50.9750975097509809 14.5621447897738374
50.9950995099509896 9.5571964828071216
51.0151015101510268 51.2772774467684940
51.0351035103510355 50.3193506803266359
51.0551055105510727 59.3769506649492982
51.0751075107510815 22.7174132118008743
51.0951095109510902 35.0693091366627527
51.1151115111511274 -13.5130260143728407
51.1351135113511361 16.9000369890969608
51.1551155115511733 10.4961373290744149
51.1751175117511821 41.1075796475908106
51.1951195119511908 56.6356336097517570
51.2151215121512280 75.9235854762154787
51.2351235123512367 56.2423883407675689
51.2551255125512739 26.8563319840617467
51.2751275127512827 52.7702152033303094
51.2951295129512914 -6.2705046095266326
51.3151315131513286 30.0131490199245938
51.3351335133513373 24.5432301928269609
51.3551355135513745 -8.4052249921589102
51.3751375137513833 38.9702988611673788
51.3951395139513920 24.9922719790875760
51.4151415141514292 28.0955926243557563
51.4351435143514379 67.6096319508840651
51.4551455145514751 42.3827242124329260
51.4751475147514839 54.9816678454825265
51.4951495149514926 45.8478358440354867
51.5151515151515298 40.8275398215979806
51.5351535153515385 25.2028872888096949
51.5551555155515757 6.9944442135222324
51.5751575157515845 33.8783636691503460
51.5951595159515932 13.0409218861589480
51.6151615161516304 31.4511607662631505
51.6351635163516391 27.3907597608634923
51.6551655165516763 51.1084532375176224
51.6751675167516851 -15.8483286425537173
51.6951695169516938 52.9333234873286784
51.7151715171517310 4.4775598141800259
51.7351735173517397 33.6859154751657570
51.7551755175517485 55.1586262455154142
51.7751775177517857 28.7103895476194850
51.7951795179517944 40.9399127348203322
51.8151815181518316 40.8964083402258396
51.8351835183518403 27.9067261904618640
51.8551855185518491 35.6903518713448804
51.8751875187518863 41.9926430451389763
51.8951895189518950 15.1564823538786193
51.9151915191519322 28.0935279159759013
51.9351935193519409 32.4049405330100129
51.9551955195519497 15.7059739274338881
51.9751975197519869 36.3092137313898888
51.9951995199519956 12.5251946627251485
52.0152015201520328 19.1798774155580460
52.0352035203520416 36.2324680457868169
52.0552055205520503 67.1069203222557178
52.0752075207520875 -18.3557816694683709
52.0952095209520962 22.5525411779827607
52.1152115211521334 15.5185855263934229
52.1352135213521422 37.4172721287048589
52.1552155215521509 28.0514605837177697
52.1752175217521881 24.0730430970819960
52.1952195219521968 40.7623187539150535
52.2152215221522340 39.4796719237987972
52.2352235223522428 55.5742863669213278
52.2552255225522515 24.8077015732584840
52.2752275227522887 43.2158004327379430
52.2952295229522974 28.1773223461524367
52.3152315231523346 26.8184735880013108
52.3352335233523434 42.2792241359675813
52.3552355235523521 17.7276076331277963
52.3752375237523893 35.4754793406978948
52.3952395239523980 -10.7432832401441303
52.4152415241524352 60.4016215447843194
52.4352435243524440 18.5694399868924158
52.4552455245524527 32.2628761085415121
52.4752475247524899 37.7383527310654756
52.4952495249524986 27.1152681148297141
52.5152515251525358 27.5201800042327811
52.5352535253525446 37.8669729073560148
52.5552555255525533 8.3547803252309016
52.5752575257525905 94.9097459470857672
52.5952595259525992 15.2090482115882573
52.6152615261526364 24.2536793362011736
52.6352635263526452 56.9165245020377526
52.6552655265526539 9.1517381804093745
52.6752675267526911 -13.6001287985964083
52.6952695269526998 14.9699502087413414
52.7152715271527086 54.1321154148319295
52.7352735273527458 8.1035661572340132
52.7552755275527545 8.4896916829071998
52.7752775277527917 26.6802724314682322
52.7952795279528004 29.7167844032718875
52.8152815281528092 49.5548263478109021
52.8352835283528464 75.2512663362329874
52.8552855285528551 16.1603819767178223
52.8752875287528923 46.7632438524701470
52.8952895289529010 28.9866821529891823
52.9152915291529098 37.5771469632913195
52.9352935293529470 30.9067488110318074
52.9552955295529557 8.2709778559058051
52.9752975297529929 22.0912863718415409
52.9952995299530016 20.3249852787572109
53.0153015301530104 55.0372347339695835
53.0353035303530476 9.9299264292673719
53.0553055305530563 26.1733556958851530
53.0753075307530935 14.8107098186377044
53.0953095309531022 -22.5813316257352312
53.1153115311531110 50.8061392148123474
53.1353135313531482 38.3649647085048215
53.1553155315531569 63.9977828820050476
53.1753175317531941 63.6800572195600409
53.1953195319532028 30.5752493965614320
53.2153215321532116 6.9417772751723739
53.2353235323532488 24.1379745123515477
53.2553255325532575 13.7812864582149111
53.2753275327532947 71.5987180764514335
53.2953295329533034 71.6671502386820976
53.3153315331533122 31.6177508045498925
53.3353335333533494 -1.6324770430424707
53.3553355335533581 26.8423677311087161
53.3753375337533953 23.0535251197094837
53.3953395339534040 71.8603684666780254
53.4153415341534128 9.9222555299156028
53.4353435343534500 33.0433565025986979
53.4553455345534587 30.1940634289082510
53.4753475347534959 55.5869369817548460
53.4953495349535046 -8.6310973289672717
53.5153515351535134 29.3393038540805584
53.5353535353535506 45.1563922286331447
53.5553555355535593 31.1380579263683153
53.5753575357535965 44.4762249568813957
53.5953595359536052 26.1717910485397702
53.6153615361536140 31.2698730909845786
53.6353635363536512 53.1361332699082283
53.6553655365536599 -34.1021588791617418
53.6753675367536971 32.6858667807950241
53.6953695369537058 46.5494449011228966
53.7153715371537146 22.3947271413228890
53.7353735373537518 37.8163977045444568
53.7553755375537605 38.6071003880627899
53.7753775377537693 39.7739191784373887
53.7953795379538064 -1.6563483704494857
53.8153815381538152 37.4690657832373049
53.8353835383538524 31.8951129525479189
53.8553855385538611 23.8976218572641628
53.8753875387538699 36.1196653575258253
53.8953895389539070 -6.0735284426442675
53.9153915391539158 23.9380550267431786
53.9353935393539530 23.2945447901272544
53.9553955395539617 33.5827820146603742
53.9753975397539705 19.0500082885383897
53.9953995399540077 32.8308253116770885
54.0154015401540164 32.8128928831563087
54.0354035403540536 29.9751810216445840
54.0554055405540623 38.6361657891570331
54.0754075407540711 31.9919473182444030
54.0954095409541083 33.3669042170806733
54.1154115411541170 2.4745724050543032
54.1354135413541542 33.1705291732885925
54.1554155415541629 29.5936302807627989
54.1754175417541717 48.8561534234225547
54.1954195419542089 58.9555824282187331
54.2154215421542176 58.1600125715694034
54.2354235423542548 14.3307435364945910
54.2554255425542635 64.1056358327418110
54.2754275427542723 16.8706218856995172
54.2954295429543095 59.9686437638507357
54.3154315431543182 18.6768678058966628
54.3354335433543554 28.9852620687399920
54.3554355435543641 44.7215140786306549
54.3754375437543729 28.7450089329899683
54.3954395439544101 1.4752378089290730
54.4154415441544188 66.7634889813332109
54.4354435443544560 81.9549525859442554
54.4554455445544647 38.0925296021531778
54.4754475447544735 46.3422455820268198
54.4954495449545107 54.0495686449664277
54.5154515451545194 50.7009402257303492
54.5354535453545566 51.6951787905989875
54.5554555455545653 18.6494313585055735
54.5754575457545741 60.2014291765320735
54.5954595459546113 41.6758989697525735
54.6154615461546200 11.9026914092571943
54.6354635463546572 40.3659382458728047
54.6554655465546659 37.6629237485409050
54.6754675467546747 14.6211238466298461
54.6954695469547119 21.2996316543130604
54.7154715471547206 50.9156761193995067
54.7354735473547294 45.8180566482174427
54.7554755475547665 10.4282280745969231
54.7754775477547753 94.9229718380556733
54.7954795479548125 38.0511743019446413
54.8154815481548212 36.9877301111202783
54.8354835483548300 35.4822321794189861
54.8554855485548671 32.3358320837861299
54.8754875487548759 24.1166220084936747
54.8954895489549131 22.2595494366737334
54.9154915491549218 32.7559447440686213
54.9354935493549306 65.1683005296304430
54.9554955495549677 18.6619116000542071
54.9754975497549765 46.2181988572359117
54.9954995499550137 47.9875128852552706
55.0155015501550224 46.8102661595995500
55.0355035503550312 49.9688183191445248
55.0555055505550683 3.8017175221765562
55.0755075507550771 19.3601523947155378
55.0955095509551143 19.9820610807398928
55.1155115511551230 -27.4545097309408206
55.1355135513551318 35.2893804048075310
55.1555155515551689 61.2402866970605970
55.1755175517551777 33.0842829023751150
55.1955195519552149 -3.2827349709763283
55.2155215521552236 26.6113900075292094
55.2355235523552324 20.7898241797843326
55.2555255525552695 37.4240572704526286
55.2755275527552783 72.6243755090068532
55.2955295529553155 23.1970020697795611
55.3155315531553242 38.4591688223295023
55.3355335533553330 55.2285128226286304
55.3555355535553701 62.6804362466455132
55.3755375537553789 29.8424268020907704
55.3955395539554161 42.9014581747499903
55.4155415541554248 8.6609413773349786
55.4355435543554336 -4.5896233621494673
55.4555455545554707 37.9797928292440190
55.4755475547554795 52.3638391290707474
55.4955495549555167 28.8493543251192612
55.5155515551555254 81.8310035873296613
55.5355535553555342 49.0489713885375025
55.5555555555555713 71.8492879140594880
55.5755575557555801 32.0619053270677412
55.5955595559556173 12.3014820371284479
55.6155615561556260 59.2949860650005576
55.6355635563556348 -7.8470724105359011
55.6555655565556719 7.2180887042247761
55.6755675567556807 63.0693333374534575
55.6955695569556894 42.7747413022289038
55.7155715571557266 11.6214299097506810
55.7355735573557354 29.2814324162402322
55.7555755575557725 56.6737157883553380
55.7755775577557813 41.9478119156939258
55.7955795579557901 4.0239403159236531
55.8155815581558272 82.0776091463049227
55.8355835583558360 8.1533332176776518
55.8555855585558731 37.1496179284168733
55.8755875587558819 31.0959979465969134
55.8955895589558907 66.2373113664790338
55.9155915591559278 55.1603252538072439
55.9355935593559366 40.3373295360664486
55.9555955595559738 35.0971852370287252
55.9755975597559825 37.8926663344795926
55.9955995599559913 49.5342519484436963
56.0156015601560284 32.3592252186027380
56.0356035603560372 49.3293523004799894
56.0556055605560744 5.8874232252289502
56.0756075607560831 11.4909086661925919
56.0956095609560919 38.4894208114393308
56.1156115611561290 36.9504870560997247
56.1356135613561378 45.2797102607801634
56.1556155615561750 24.3706813732607124
56.1756175617561837 80.1887055967561651
56.1956195619561925 43.8020902840517863
56.2156215621562296 65.0378460062989774
56.2356235623562384 6.7601598628560318
56.2556255625562756 31.1033352573405146
56.2756275627562843 40.0085331351673403
56.2956295629562931 13.3729252905409588
56.3156315631563302 20.7135523417948733
56.3356335633563390 30.6314163603533771
56.3556355635563762 32.7440353842253842
56.3756375637563849 17.8702053263061664
56.3956395639563937 59.7917369006543424
56.4156415641564308 50.4021813304095758
56.4356435643564396 47.1775176440583692
56.4556455645564768 19.5132712974535600
56.4756475647564855 76.6096277275430282
56.4956495649564943 37.0676831811922938
56.5156515651565314 30.2895863510438410
56.5356535653565402 38.1703771630296984
56.5556555655565774 23.7022906018939494
56.5756575657565861 42.2548979147046992
56.5956595659565949 20.8271755881960487
56.6156615661566320 15.6707011833178278
56.6356635663566408 -18.3816281286375087
56.6556655665566495 22.4734608554966897
56.6756675667566867 61.5668033083556097
56.6956695669566955 43.1586516853600770
56.7156715671567326 51.0295717636364401
56.7356735673567414 35.1523988365988060
56.7556755675567501 46.9969123410063432
56.7756775677567873 32.9286355187024498
56.7956795679567961 62.2065329543529870
56.8156815681568332 6.2646945121923068
56.8356835683568420 37.3492278185075719
56.8556855685568507 25.8755529522527432
56.8756875687568879 26.6959471323766344
56.8956895689568967 15.2175170524140881
56.9156915691569338 45.9554667240846229
56.9356935693569426 14.1254691586335888
56.9556955695569513 1.2737587238681982
56.9756975697569885 24.7894444211264791
56.9956995699569973 6.9290935755056218
57.0157015701570344 17.4972643653165818
57.0357035703570432 3.6460928235957546
57.0557055705570519 46.2908866666671912
57.0757075707570891 11.1142472267217336
57.0957095709570979 40.8039990472059273
57.1157115711571350 30.0961685954659401
57.1357135713571438 15.2248125130388843
57.1557155715571525 22.2922606881248235
57.1757175717571897 97.2692565364791335
57.1957195719571985 78.3229488379664076
57.2157215721572356 31.4674697782925676
57.2357235723572444 21.7312413237205746
57.2557255725572531 37.7248644394550681
57.2757275727572903 42.0843536284281328
57.2957295729572991 52.0627824663225383
57.3157315731573362 59.8294922433229459
57.3357335733573450 43.8329351095987363
57.3557355735573537 67.0345321974141086
57.3757375737573909 44.4692484353295612
57.3957395739573997 55.5188213120458300
57.4157415741574368 29.2405912198713800
57.4357435743574456 47.5866764128232802
57.4557455745574543 5.7391969812986510
57.4757475747574915 33.5574093019488302
57.4957495749575003 27.6371101132247183
57.5157515751575374 56.1522509183787975
57.5357535753575462 34.8320957490672001
57.5557555755575549 36.0420316844668278
57.5757575757575921 49.2087895479614659
57.5957595759576009 38.9002721929113662
57.6157615761576096 23.3343403373863048
57.6357635763576468 93.6227442375569296
57.6557655765576555 48.3705126017536458
57.6757675767576927 35.8949437352534417
57.6957695769577015 39.0724168970977672
57.7157715771577102 15.1730923457986115
57.7357735773577474 33.9349312401091794
57.7557755775577562 10.9725549118313488
57.7757775777577933 18.4507119512889730
57.7957795779578021 4.9224556485335391
57.8157815781578108 39.6767335277095157
57.8357835783578480 36.3330366708318948
57.8557855785578568 33.0702503620611168
57.8757875787578939 39.7747992154832346
57.8957895789579027 13.4309006704914395
57.9157915791579114 -20.2757301999419184
57.9357935793579486 32.7424093711353521
57.9557955795579574 26.7182548914312257
57.9757975797579945 66.9595668664614294
57.9957995799580033 36.7905441840175627
58.0158015801580120 60.4742064652394333
58.0358035803580492 37.1670057160555558
58.0558055805580580 8.6147719292157738
58.0758075807580951 20.0476436179492055
58.0958095809581039 49.4179307417425093
58.1158115811581126 41.5848160303507228
58.1358135813581498 6.2589100504078772
58.1558155815581586 30.4514172437173301
58.1758175817581957 33.3006993579348816
58.1958195819582045 35.3025753226836585
58.2158215821582132 29.7341089022287015
58.2358235823582504 58.1913010214426265
58.2558255825582592 44.0648550688560761
58.2758275827582963 41.4072551789222487
58.2958295829583051 17.8912234672369870
58.3158315831583138 60.2399159581002834
58.3358335833583510 26.4007148883528941
58.3558355835583598 31.7733391275849328
58.3758375837583969 64.0586316110611733
58.3958395839584057 3.0559779725153398
58.4158415841584144 29.1496262292915702
58.4358435843584516 63.0054534053622604
58.4558455845584604 33.7910166958615648
58.4758475847584975 4.7614170792976402
58.4958495849585063 43.8809061061686094
58.5158515851585150 30.3206914046581240
58.5358535853585522 41.6743009435083991
58.5558555855585610 18.7082708989130921
58.5758575857585697 70.4505917442263154
58.5958595859586069 36.9538971931081122
58.6158615861586156 39.6330984875491268
58.6358635863586528 38.7198136212669368
58.6558655865586616 21.5841064625328158
58.6758675867586703 29.3540973754867167
58.6958695869587075 17.1699460709168541
58.7158715871587162 20.4226076611846565
58.7358735873587534 11.7928371282863758
58.7558755875587622 54.1313543974821769
58.7758775877587709 57.8180459809459393
58.7958795879588081 16.2845773374511360
58.8158815881588168 24.7891954676391784
58.8358835883588540 34.1270235932424697
58.8558855885588628 34.8571418699593210
58.8758875887588715 26.8528916183024151
58.8958895889589087 34.5795858795319262
58.9158915891589174 8.8183464199666055
58.9358935893589546 18.6019159126453886
58.9558955895589634 46.1206201585839892
58.9758975897589721 27.5257925869884339
58.9958995899590093 30.9047797125319015
59.0159015901590180 21.0697790388997390
59.0359035903590552 1.9874891321619685
59.0559055905590640 55.1161086605444552
59.0759075907590727 70.9644979686959942
59.0959095909591099 28.1368732877358525
59.1159115911591186 44.0970295477327383
59.1359135913591558 19.1255335953565222
59.1559155915591646 51.9602100185996605
59.1759175917591733 48.0803807037605111
59.1959195919592105 14.4972491620460247
59.2159215921592192 44.8576205006125477
59.2359235923592564 19.6474600246634878
59.2559255925592652 56.7911770951436523
59.2759275927592739 6.1554044574639306
59.2959295929593111 51.5788202498469133
59.3159315931593198 40.1372576273948098
59.3359335933593570 29.5261914006384245
59.3559355935593658 21.1625866904521516
59.3759375937593745 34.2275316613350213
59.3959395939594117 35.1299501650854396
59.4159415941594204 9.7895369252281235
59.4359435943594576 29.5250179090135489
59.4559455945594664 34.8206010170590474
59.4759475947594751 53.2438335608070759
59.4959495949595123 41.6004483679172807
59.5159515951595210 32.8622299965736389
59.5359535953595298 41.0115877907873880
59.5559555955595670 41.4128276685394283
59.5759575957595757 31.0953660280686037
59.5959595959596129 10.0026601867692939
59.6159615961596216 33.5475192944764515
59.6359635963596304 65.4724813423386962
59.6559655965596676 34.8842127674767326
59.6759675967596763 -12.2299464514589253
59.6959695969597135 45.9031443456788537
59.7159715971597223 12.8579404490242446
59.7359735973597310 56.5509433138418629
59.7559755975597682 20.0029692198585707
59.7759775977597769 50.3591979397958269
59.7959795979598141 25.4376760169564697
59.8159815981598229 21.8162272955151053
59.8359835983598316 43.9403353898241278
59.8559855985598688 24.7431427046917527
59.8759875987598775 -22.3072844252853386
59.8959895989599147 35.1937423580052737
59.9159915991599235 18.0542032998406086
59.9359935993599322 7.1305175955664630
59.9559955995599694 5.7408198658439957
59.9759975997599781 12.8905034318637082
59.9959995999600153 18.0344452153395380
60.0160016001600241 26.9142861761781873
60.0360036003600328 35.5366370206335702
60.0560056005600700 18.5700969853807081
60.0760076007600787 54.7356250718462150
60.0960096009601159 41.8515244146714380
60.1160116011601247 -15.9857693055923278
60.1360136013601334 24.2159369731945340
60.1560156015601706 1.9681917935286073
60.1760176017601793 91.5381173726511861
60.1960196019602165 35.6143027597286732
60.2160216021602253 36.7705824040158049
60.2360236023602340 28.3079818660012528
60.2560256025602712 -25.2134157757042701
60.2760276027602799 51.1925811215354116
60.2960296029603171 13.2052105271710385
60.3160316031603259 21.8375154159260312
60.3360336033603346 32.0895504926607913
60.3560356035603718 -6.2492646807984720
60.3760376037603805 13.8899156993742192
60.3960396039604177 31.2570064089109820
60.4160416041604265 34.8815997749094819
60.4360436043604352 36.5500657911202467
60.4560456045604724 -0.1776331019463910
60.4760476047604811 -2.1240183311928469
60.4960496049604899 20.5483288640166712
60.5160516051605271 1.8559218917020495
60.5360536053605358 45.5600127767379917
60.5560556055605730 23.6647858778974367
60.5760576057605817 39.0853658907148258
60.5960596059605905 45.9551754851118517
60.6160616061606277 40.5026784742618489
60.6360636063606364 79.6863740075642966
60.6560656065606736 2.5683865370807126
60.6760676067606823 43.3241704949579258
60.6960696069606911 26.0047364282074369
60.7160716071607283 43.0817380505321808
60.7360736073607370 31.8013349832900545
60.7560756075607742 41.4640806352399807
60.7760776077607829 8.7696317643649770
60.7960796079607917 6.0062531544807314
60.8160816081608289 20.2408884291607691
60.8360836083608376 25.7909532746068919
60.8560856085608748 -0.5886697245299075
60.8760876087608835 45.0338784451074048
60.8960896089608923 56.3107320887330900
60.9160916091609295 37.9097224357421254
60.9360936093609382 17.3986249674114859
60.9560956095609754 28.1287763180967296
60.9760976097609841 12.7353056782483964
60.9960996099609929 43.3754134620337481
61.0161016101610301 24.3939229893042935
61.0361036103610388 28.4709366793183989
61.0561056105610760 7.2289000415377807
61.0761076107610847 43.0617522478046340
61.0961096109610935 6.0185316502827177
61.1161116111611307 19.1252220426273070
61.1361136113611394 37.4227912508801666
61.1561156115611766 37.5443201699478095
61.1761176117611853 12.6485726196674335
61.1961196119611941 31.7354227819692341
61.2161216121612313 15.9948891113845750
61.2361236123612400 39.3518295823727016
61.2561256125612772 51.2717292847608519
61.2761276127612859 9.4694189455706912
61.2961296129612947 12.6161217571474680
61.3161316131613319 58.0385456823686781
61.3361336133613406 36.9647425313759044
61.3561356135613778 1.6882768905962422
61.3761376137613865 8.8587389241715364
61.3961396139613953 27.5220264315304242
61.4161416141614325 44.6513588937742867
61.4361436143614412 5.6954824497593570
61.4561456145614500 26.9552799074011809
61.4761476147614871 17.6902182869426561
61.4961496149614959 40.3185488128842024
61.5161516151615331 -1.1632352559191013
61.5361536153615418 -2.6159139440879144
61.5561556155615506 53.6472021102686369
61.5761576157615877 38.5306077316880788
61.5961596159615965 9.8982136667897080
61.6161616161616337 -0.6971079034051932
61.6361636163616424 17.6224893288308877
61.6561656165616512 21.3957202667634334
61.6761676167616884 41.6629028870131890
61.6961696169616971 41.7148055077648721
61.7161716171617343 -2.6299570678741802
61.7361736173617430 14.4264510950033902
61.7561756175617518 38.2889390770776501
61.7761776177617890 -1.7782516492862470
61.7961796179617977 9.9726992149545683
61.8161816181618349 41.1739313746891611
61.8361836183618436 -13.3147152149031243
61.8561856185618524 43.0601031497658866
61.8761876187618896 21.8888337392076231
61.8961896189618983 15.6860264475132016
61.9161916191619355 27.3843343430737107
61.9361936193619442 24.9588722117336701
61.9561956195619530 22.0117642107309628
61.9761976197619902 56.8180793756686313
61.9961996199619989 41.9820480358030039
62.0162016201620361 47.5217065384270541
62.0362036203620448 17.3573579451498681
62.0562056205620536 1.6015667422688971
62.0762076207620908 7.8630722636678136
62.0962096209620995 53.7252598090290761
62.1162116211621367 -2.9118775090878444
62.1362136213621454 38.1999398414692237
62.1562156215621542 28.5814956797117823
62.1762176217621914 9.9324935746800929
62.1962196219622001 30.8105817965421380
62.2162216221622373 46.3650956005679689
62.2362236223622460 16.8562927412750412
62.2562256225622548 31.4965195285855302
62.2762276227622920 7.3609296507073161
62.2962296229623007 13.3413350559032580
62.3162316231623379 18.5252641916016536
62.3362336233623466 6.2383749903216277
62.3562356235623554 30.4962658862962073
62.3762376237623926 35.6022577774866988
62.3962396239624013 14.8044399492122078
62.4162416241624101 22.5605913165450289
62.4362436243624472 30.7171435350331521
62.4562456245624560 3.4579770269725500
62.4762476247624932 25.4389208440408154
62.4962496249625019 32.1914941019751240
62.5162516251625107 59.2893651807159898
62.5362536253625478 20.5826801380037878
62.5562556255625566 19.9724115929689567
62.5762576257625938 -14.1346998914644786
62.5962596259626025 18.6367397676750564
62.6162616261626113 40.0912290007178882
62.6362636263626484 1.5482521603504473
62.6562656265626572 -9.4167390381102152
62.6762676267626944 9.6584978715571221
62.6962696269627031 -12.9104335685546872
62.7162716271627119 55.1686044859377915
62.7362736273627490 22.2788932056485649
62.7562756275627578 8.4614720817333318
62.7762776277627950 8.0657058978644827
62.7962796279628037 45.8016111891455893
62.8162816281628125 -20.8048988697446688
62.8362836283628496 6.2857857490770481
62.8562856285628584 -16.8170561952784468
62.8762876287628956 22.6188665712661567
62.8962896289629043 -14.9066448476096198
62.9162916291629131 32.2917012038807130
62.9362936293629502 29.8990937413225879
62.9562956295629590 7.0904833350203660
62.9762976297629962 -8.7448445956583321
62.9962996299630049 16.0326140933793546
63.0163016301630137 30.9097315512335413
63.0363036303630508 9.3154075834219370
63.0563056305630596 -5.2581068532467441
63.0763076307630968 22.3183002791861433
63.0963096309631055 32.3650503920377730
63.1163116311631143 50.0921324601783340
63.1363136313631514 6.6949478949280046
63.1563156315631602 28.3847518187544523
63.1763176317631974 55.8550781910728489
63.1963196319632061 -2.8999837132027082
63.2163216321632149 31.4120844887003443
63.2363236323632520 35.8917872018998594
63.2563256325632608 26.7873343909652277
63.2763276327632980 47.5511916794752878
63.2963296329633067 6.3731579335561204
63.3163316331633155 36.2253720899182383
63.3363336333633526 25.1077696864810562
63.3563356335633614 12.3949742837938999
63.3763376337633701 20.6659266209095129
63.3963396339634073 38.4549858137178617
63.4163416341634161 39.2026943289566461
63.4363436343634532 17.9516571038772099
63.4563456345634620 -8.0589369302450908
63.4763476347634708 23.2130689905621672
63.4963496349635079 44.3495537585454684
63.5163516351635167 7.5746531327241424
63.5363536353635538 9.1219208570420438
63.5563556355635626 19.1450725347846777
63.5763576357635714 13.1272777607083135
63.5963596359636085 -11.9888804101837962
63.6163616361636173 16.8478565010220542
63.6363636363636545 78.8691824129280121
63.6563656365636632 38.6761304810135016
63.6763676367636720 15.4334628180227753
63.6963696369637091 -4.6338242949066046
63.7163716371637179 12.2975672150545456
63.7363736373637551 37.4281477321933806
63.7563756375637638 13.8590014339697944
63.7763776377637726 -14.6363079627936141
63.7963796379638097 6.0437941626871874
63.8163816381638185 5.7987857488126133
63.8363836383638557 45.2585511028451535
63.8563856385638644 11.7848673934157411
63.8763876387638732 1.8365424305900291
63.8963896389639103 18.9606726708078774
63.9163916391639191 14.4338448472372782
63.9363936393639563 2.7434753119414736
63.9563956395639650 14.9253851273945948
63.9763976397639738 25.6641376865401298
63.9963996399640109 43.5478040162992528
64.0164016401640197 9.9736479626517447
64.0364036403640569 16.2328935101906922
64.0564056405640656 37.6629645373672304
64.0764076407640744 33.6256153348900071
64.0964096409641115 -3.4934412416691636
64.1164116411641203 13.2100739208616140
64.1364136413641575 -28.2834203755469602
64.1564156415641662 -0.7111781618850745
64.1764176417641750 -38.1122184228201348
64.1964196419642121 27.4783735287278219
64.2164216421642209 -18.4334013624110185
64.2364236423642581 8.2724510693603026
64.2564256425642668 41.5960616180298999
64.2764276427642756 48.6893315961822353
64.2964296429643127 -15.3877953202538471
64.3164316431643215 12.6604422790366407
64.3364336433643587 -24.1230060371746760
64.3564356435643674 7.1807978558997583
64.3764376437643762 30.4586738674597797
64.3964396439644133 21.5297312811460024
64.4164416441644221 8.3321637104706987
64.4364436443644308 26.5788261449500496
64.4564456445644680 -13.1876841353631349
64.4764476447644768 60.2152588650241540
64.4964496449645139 15.2939604942739109
64.5164516451645227 31.8821892964160618
64.5364536453645314 9.5729221429150417
64.5564556455645686 -6.5101502431546852
64.5764576457645774 7.9746793146485322
64.5964596459646145 9.4441779051197514
64.6164616461646233 18.5097776945284949
64.6364636463646320 19.3697563958508425
64.6564656465646692 13.9657218936765446
64.6764676467646780 28.4415018272380351
64.6964696469647151 -0.8785837321996492
64.7164716471647239 -25.5615996096167919
64.7364736473647326 33.9954617207691996
64.7564756475647698 7.7395629147104321
64.7764776477647786 5.7142727468008836
64.7964796479648157 42.6705121425082510
64.8164816481648245 2.8297004565818824
64.8364836483648332 -46.7470227680813935
64.8564856485648704 34.6991217094673772
64.8764876487648792 42.6745352369093069
64.8964896489649163 -2.4044878338403786
64.9164916491649251 48.3107709533248979
64.9364936493649338 -19.0798686869201930
64.9564956495649710 17.3884457056464221
64.9764976497649798 21.8632985954434282
64.9964996499650169 0.9753978438301134
65.0165016501650257 -5.9218247096689227
65.0365036503650344 10.6819133769109431
65.0565056505650716 14.2050548079826839
65.0765076507650804 -9.4983602241402174
65.0965096509651175 24.1454712253024226
65.1165116511651263 -2.1063007638133264
65.1365136513651350 25.4479643844165153
65.1565156515651722 15.3346739117946100
65.1765176517651810 25.4433397546052191
65.1965196519652181 21.5299556754658781
65.2165216521652269 -0.1545343059888138
65.2365236523652356 6.3717824461071544
65.2565256525652728 5.3010776125622616
65.2765276527652816 -26.2337235697773821
65.2965296529653187 9.2063454475160427
65.3165316531653275 -2.8674056221834592
65.3365336533653362 -13.9864609912862736
65.3565356535653734 -3.9325657017320967
65.3765376537653822 -14.6831117449578237
65.3965396539653909 50.4470425320269626
65.4165416541654281 30.2440355946123738
65.4365436543654369 -10.3811848414770438
65.4565456545654740 32.1800845192585427
65.4765476547654828 7.6041288141276313
65.4965496549654915 45.7981120857411454
65.5165516551655287 -5.8539639717144913
65.5365536553655375 1.1097291784849257
65.5565556555655746 -6.9925220430955664
65.5765576557655834 22.0301356284499761
65.5965596559655921 -39.2364748836059931
65.6165616561656293 -27.1520576468585908
65.6365636563656381 -6.3797028318494249
65.6565656565656752 8.3916963219659504
65.6765676567656840 -4.2539700370505891
65.6965696569656927 -16.1254642013460199
65.7165716571657299 -37.5984365991615377
65.7365736573657387 1.5603345684598933
65.7565756575657758 12.0513448075758376
65.7765776577657846 39.1763366184061468
65.7965796579657933 -21.2704396541094027
65.8165816581658305 -27.9627665069011115
65.8365836583658393 8.3789832790250927
65.8565856585658764 43.4045583046487096
65.8765876587658852 -0.7319070022268388
65.8965896589658939 21.6908155429067691
65.9165916591659311 -5.6113404777260687
65.9365936593659399 1.6615426913992022
65.9565956595659770 20.9904999690397212
65.9765976597659858 16.8234536827383856
65.9965996599659945 -8.7270405831003739
66.0166016601660317 -10.1151230288167824
66.0366036603660405 -3.9616563635507958
66.0566056605660776 25.7620886519330448
66.0766076607660864 2.4908896398052112
66.0966096609660951 3.8312852760220202
66.1166116611661323 -28.8540124367749087
66.1366136613661411 34.4567581250201940
66.1566156615661782 26.9299611082096888
66.1766176617661870 -5.8597137684627398
66.1966196619661957 18.3011057695427368
66.2166216621662329 28.5096810763450215
66.2366236623662417 15.1906405509468563
66.2566256625662788 0.4844211294957026
66.2766276627662876 -5.5216051174354552
66.2966296629662963 12.0468151336276428
66.3166316631663335 -39.5256238958115560
66.3366336633663423 -13.7584661356147198
66.3566356635663510 -9.5696134033394440
66.3766376637663882 10.8672889260598886
66.3966396639663969 -23.2964253193829052
66.4166416641664341 -2.7421771417956671
66.4366436643664429 -24.7554168020135528
66.4566456645664516 16.0113350826877152
66.4766476647664888 -10.8088195559810369
66.4966496649664975 11.7046108755721008
66.5166516651665347 12.6521278724718407
66.5366536653665435 21.6754476615042009
66.5566556655665522 -11.6989599263909163
66.5766576657665894 0.8552053500523717
66.5966596659665981 -11.9697245524396543
66.6166616661666353 12.1321212779398557
66.6366636663666441 18.4510934470018633
66.6566656665666528 1.5692904038255255
66.6766676667666900 -51.1171553260941280
66.6966696669666987 -3.8276931212582301
66.7166716671667359 17.7918937731157989
66.7366736673667447 -5.1345008462446700
66.7566756675667534 3.5560204616368400
66.7766776677667906 19.4355658911615912
66.7966796679667993 -42.6723561643858673
66.8166816681668365 -7.0527944962032816
66.8366836683668453 -0.2928473094532236
66.8566856685668540 -8.0440285551197768
66.8766876687668912 -6.1490790083998519
66.8966896689668999 -9.7126730436222299
66.9166916691669371 -14.4437086069653553
66.9366936693669459 14.9600924897768124
66.9566956695669546 -22.8035441577210278
66.9766976697669918 7.6455199377063856
66.9966996699670005 -18.0201156903399600
67.0167016701670377 -27.1402978021325723
67.0367036703670465 -7.3851728055096064
67.0567056705670552 -34.3504177700284004
67.0767076707670924 -19.2112136416518631
67.0967096709671011 9.8015549589871469
67.1167116711671383 -15.1002667662361283
67.1367136713671471 -10.3107817570691118
67.1567156715671558 20.6598480109137235
67.1767176717671930 -21.6197235869331443
67.1967196719672017 -40.3132003581007226
67.2167216721672389 -8.0011817562918282
67.2367236723672477 -23.0736794346835872
67.2567256725672564 -26.8384955124384135
67.2767276727672936 -23.4508663236179942
67.2967296729673023 -35.2940073100966316
67.3167316731673111 3.7708110541757627
67.3367336733673483 14.9822467320108643
67.3567356735673570 -36.0033884461283122
67.3767376737673942 9.3567705368393330
67.3967396739674030 -2.9484147168412056
67.4167416741674117 -46.1219259568438460
67.4367436743674489 -21.1210902389018607
67.4567456745674576 -32.5221013853068968
67.4767476747674948 -1.7722388223303414
67.4967496749675036 21.0755052300802284
67.5167516751675123 -15.1581753236609664
67.5367536753675495 -32.4166500076083040
67.5567556755675582 -30.0165694857594474
67.5767576757675954 -6.6211338961549924
67.5967596759676042 -31.7020441098111831
67.6167616761676129 -17.9347204411562799
67.6367636763676501 -12.1381929666440520
67.6567656765676588 -35.2468532360512796
67.6767676767676960 -31.7869236259032100
67.6967696769677048 -1.5904930866903308
67.7167716771677135 -39.3052396781171751
67.7367736773677507 -8.5612982304532572
67.7567756775677594 -2.1307122542932104
67.7767776777677966 -6.0228167437623856
67.7967796779678054 -7.1009495437419456
67.8167816781678141 8.8372181152943980
67.8367836783678513 3.2310287828314603
67.8567856785678600 -8.6055077997278921
67.8767876787678972 9.8015818540149606
67.8967896789679060 -13.8568411992554914
67.9167916791679147 -13.1487205819104425
67.9367936793679519 -1.3044694676967499
67.9567956795679606 -13.0583723464368617
67.9767976797679978 -19.0800306003590450
67.9967996799680066 -35.2990831236069198
68.0168016801680153 -14.1845298209288480
68.0368036803680525 -4.9524343537347031
68.0568056805680612 -45.9161844496941711
68.0768076807680984 -23.4714833462974326
68.0968096809681072 5.7462515597599175
68.1168116811681159 -14.0481067618967899
68.1368136813681531 -8.6667545268554917
68.1568156815681618 -24.3380371920892173
68.1768176817681990 -10.2425156140344740
68.1968196819682078 -14.6248741900110364
68.2168216821682165 27.4987516227327049
68.2368236823682537 -36.9642156617342224
68.2568256825682624 -37.5031923632113333
68.2768276827682712 -26.0705903405718544
68.2968296829683084 -5.7875263153830439
68.3168316831683171 -12.2809053248340625
68.3368336833683543 -39.7961710273106206
68.3568356835683630 -20.3866269237596178
68.3768376837683718 -54.3679835043627548
68.3968396839684090 -34.0532827014944388
68.4168416841684177 25.5361073718803624
68.4368436843684549 -45.0939113340758198
68.4568456845684636 -11.6520414143093625
68.4768476847684724 -52.5104570737083520
68.4968496849685096 -34.5493159224466666
68.5168516851685183 -28.7686279412575345
68.5368536853685555 -22.6338395906318297
68.5568556855685642 -14.4116110405929074
68.5768576857685730 -30.5752177982835107
68.5968596859686102 -19.9785094012021425
68.6168616861686189 28.1500798270066923
68.6368636863686561 -55.4859690959758680
68.6568656865686648 -34.6814126903905446
68.6768676867686736 1.8203797396661798
68.6968696869687108 -30.2195497576165977
68.7168716871687195 -21.9352364766155041
68.7368736873687567 -7.5775752927071149
68.7568756875687654 -18.5055824605028860
68.7768776877687742 -4.3804140094752899
68.7968796879688114 -19.8189455986779350
68.8168816881688201 -24.7135028634923373
68.8368836883688573 -56.3252438612715451
68.8568856885688660 -24.2648360081962515
68.8768876887688748 -18.2870307580643896
68.8968896889689120 -36.9758486873435999
68.9168916891689207 -0.8878990268128391
68.9368936893689579 -17.9124682292507593
68.9568956895689666 -18.8404563128426865
68.9768976897689754 -18.7317016846336308
68.9968996899690126 -17.0653585595949622
69.0169016901690213 -42.2445633462728125
69.0369036903690585 -60.1361015846715787
69.0569056905690672 -61.2799577560084430
69.0769076907690760 1.9054016628327659
69.0969096909691132 -66.5072226048016404
69.1169116911691219 -5.3894268071825184
69.1369136913691591 7.4661954909108630
69.1569156915691678 -28.0073753727405403
69.1769176917691766 -21.9195243860510125
69.1969196919692138 -20.6432971341404219
69.2169216921692225 4.5812523715731430
69.2369236923692313 -15.9992218937758146
69.2569256925692684 -31.9278334758076063
69.2769276927692772 7.4559957310822789
69.2969296929693144 5.1632438909518079
69.3169316931693231 -13.5164440774154375
69.3369336933693319 -42.0917126930456362
69.3569356935693691 -32.2590642167765509
69.3769376937693778 -26.2868443697140286
69.3969396939694150 -22.7144888205806268
69.4169416941694237 -63.3718494886046244
69.4369436943694325 -14.9261182003479043
69.4569456945694697 -9.0886246973241942
69.4769476947694784 -9.2579671005723174
69.4969496949695156 -35.0954279484716096
69.5169516951695243 3.1737670328943182
69.5369536953695331 -9.5149630976843795
69.5569556955695703 18.8533789660657405
69.5769576957695790 -14.2135493897690441
69.5969596959696162 15.4287413483391518
69.6169616961696249 -42.5697763641713038
69.6369636963696337 -18.4903403191973155
69.6569656965696709 8.4612844720948779
69.6769676967696796 -16.0226828620759463
69.6969696969697168 -38.0775620194060309
69.7169716971697255 -33.1572834820084736
69.7369736973697343 -49.2898649494489547
69.7569756975697715 -29.6622039158193509
69.7769776977697802 -65.4982028317874807
69.7969796979698174 -35.6741417341499343
69.8169816981698261 -42.6547436652965928
69.8369836983698349 -22.0098641054393660
69.8569856985698721 -35.1580776593322426
69.8769876987698808 -21.6427743214205179
69.8969896989699180 -39.4715222320645225
69.9169916991699267 -32.5021515940027115
69.9369936993699355 -56.3078969761339181
69.9569956995699727 -22.7403743679480925
69.9769976997699814 -10.7533962613878327
69.9969996999700186 11.0834743496859289
70.0170017001700273 -4.9949044135587535
70.0370037003700361 -28.3328196573759321
70.0570057005700733 1.4725794337126246
70.0770077007700820 -27.6092127905198872
70.0970097009701192 -29.8940511357855243
70.1170117011701279 -53.9515201607603245
70.1370137013701367 -41.7467328976173206
70.1570157015701739 -9.7497867453065368
70.1770177017701826 -44.7189738846167941
70.1970197019701914 -31.7196102295468165
70.2170217021702285 -29.4062942758644255
70.2370237023702373 -16.5782103162293737
70.2570257025702745 -20.3170795404480273
70.2770277027702832 -45.8702653402255294
70.2970297029702920 -8.7194125873713695
70.3170317031703291 -20.8451419612023763
70.3370337033703379 6.8372467971270083
70.3570357035703751 -45.2920182507453859
70.3770377037703838 -22.4105939492070405
70.3970397039703926 -46.9300981517331337
70.4170417041704297 -11.4040635504784476
70.4370437043704385 -11.5636951032220026
70.4570457045704757 -12.2367732440347119
70.4770477047704844 -47.3736591831375478
70.4970497049704932 -10.0329121338549463
70.5170517051705303 -48.5101508803516595
70.5370537053705391 -25.6827348799822168
70.5570557055705763 6.7719711294773930
70.5770577057705850 -21.3648884056479744
70.5970597059705938 18.2990753134051296
70.6170617061706309 -56.1857380320122743
70.6370637063706397 -62.1472999952672183
70.6570657065706769 -25.3825576771193262
70.6770677067706856 -51.0240576694511674
70.6970697069706944 -93.9602655727681935
70.7170717071707315 -60.5477743986684729
70.7370737073707403 -15.5300547330004370
70.7570757075707775 -48.0126093637482256
70.7770777077707862 -47.3533404832792186
70.7970797079707950 -49.4812485986518169
70.8170817081708321 -41.5058531548990501
70.8370837083708409 -57.3596984483126562
70.8570857085708781 -59.4440072503047219
70.8770877087708868 -35.7884242278718219
70.8970897089708956 -44.6618699839401359
70.9170917091709327 -6.9126407434529398
70.9370937093709415 -23.8070201340582415
70.9570957095709787 -24.6471726309812453
70.9770977097709874 -45.9598116496259195
70.9970997099709962 -57.2214083429716425
71.0171017101710333 -60.1810509057103076
71.0371037103710421 5.1576602145530757
71.0571057105710793 -54.8159021718839767
71.0771077107710880 -10.1607730299250179
71.0971097109710968 -35.9828157302606186
71.1171117111711339 -70.4420935050827950
71.1371137113711427 -38.1067481322650465
71.1571157115711515 -38.3994927532444095
71.1771177117711886 4.5684151264862010
71.1971197119711974 -41.6830817708738550
71.2171217121712345 -16.1794327839568446
71.2371237123712433 -68.9010787184009814
71.2571257125712521 -32.6229126455292118
71.2771277127712892 -64.0292219395818449
71.2971297129712980 -5.6826261083644951
71.3171317131713352 -63.8185610481110217
71.3371337133713439 -64.8499947909228354
71.3571357135713527 -15.9854186239623921
71.3771377137713898 -17.0941070712515248
71.3971397139713986 -31.2888839958141141
71.4171417141714358 -52.3318466467070564
71.4371437143714445 -58.8992023306073378
71.4571457145714533 -63.6965363659089832
71.4771477147714904 -37.5533135914790321
71.4971497149714992 -56.5100908428770481
71.5171517151715364 -63.9992686789238832
71.5371537153715451 -33.3751702880048029
71.5571557155715539 -43.8043146405434243
71.5771577157715910 -24.2692047265454818
71.5971597159715998 -11.5205246779354269
71.6171617161716370 -36.1863211966148342
71.6371637163716457 -42.8034185603275787
71.6571657165716545 -16.1415530595123649
71.6771677167716916 -50.6265378967774851
71.6971697169717004 -50.5745536399634972
71.7171717171717376 -100.1133989036853649
71.7371737173717463 -38.8122775834871234
71.7571757175717551 -46.6326208397101496
71.7771777177717922 -83.1582050977017957
71.7971797179718010 -51.5585012901905912
71.8171817181718382 -84.2862913497116466
71.8371837183718469 -39.3336819448049013
71.8571857185718557 -37.6611899134839021
71.8771877187718928 -44.9146291084266309
71.8971897189719016 -68.0617652041921133
71.9171917191719388 11.1912960091853151
71.9371937193719475 -19.4215036875749441
71.9571957195719563 -25.4630182106402714
71.9771977197719934 -11.5924258056538676
71.9971997199720022 -59.1682234960834990
72.0172017201720394 6.3023707043515245
72.0372037203720481 -46.2877766750173549
72.0572057205720569 -42.6679698440498498
72.0772077207720940 -31.6670389903607798
72.0972097209721028 -25.4174140608873387
72.1172117211721115 -51.1566054315244401
72.1372137213721487 -35.5865744918940266
72.1572157215721575 -55.0762240800243532
72.1772177217721946 -54.8798791648408724
72.1972197219722034 -32.6106846387084133
72.2172217221722121 -20.8060283121845515
72.2372237223722493 -65.0027164160774333
72.2572257225722581 -24.0258539311648782
72.2772277227722952 -31.2140781504325417
72.2972297229723040 -38.1193730962413255
72.3172317231723127 -66.3807904628623504
72.3372337233723499 -23.5300922248421429
72.3572357235723587 -52.4488798633079796
72.3772377237723958 -59.0509446441223957
72.3972397239724046 -18.0944128951325567
72.4172417241724133 -51.1471689103460250
72.4372437243724505 -15.3538710720494151
72.4572457245724593 -32.5903782058185882
72.4772477247724964 -67.5753289565129194
72.4972497249725052 -67.7894679194566834
72.5172517251725139 -73.6781108657773416
72.5372537253725511 -25.0039135480429557
72.5572557255725599 -81.9696216310943839
72.5772577257725970 -21.2383666386819137
72.5972597259726058 -46.7463978075076838
72.6172617261726145 -79.9496309721207012
72.6372637263726517 -61.3362541985022176
72.6572657265726605 -41.1513592845147258
72.6772677267726976 -89.9701691825771661
72.6972697269727064 -43.5089976913621470
72.7172717271727151 -58.7729247651295310
72.7372737273727523 -27.4490543807437923
72.7572757275727611 -80.0073342011506270
72.7772777277727982 -35.2251627465090422
72.7972797279728070 -19.6135838165514222
72.8172817281728157 -59.0648084290427917
72.8372837283728529 -61.5906163737592607
72.8572857285728617 -22.6166951158089624
72.8772877287728988 -43.6362275622131506
72.8972897289729076 -26.3593874375161796
72.9172917291729163 -30.3061687224973433
72.9372937293729535 -80.8328806751159448
72.9572957295729623 -50.1833685320610243
72.9772977297729994 -61.6125432950897078
72.9972997299730082 -32.2235197644449372
73.0173017301730169 -75.7064706214440548
73.0373037303730541 -67.3430306789715445
73.0573057305730629 -64.5702410355664256
73.0773077307730716 -50.3190288727905397
73.0973097309731088 -25.7987364326356854
73.1173117311731176 -38.8593866665219849
73.1373137313731547 -46.6047303746348689
73.1573157315731635 -66.9216880690626681
73.1773177317731722 -97.1072635895925771
73.1973197319732094 -72.7039061810429814
73.2173217321732182 -79.0990955578421051
73.2373237323732553 -31.9374588812559566
73.2573257325732641 -61.1851905820660775
73.2773277327732728 -100.8201690718526606
73.2973297329733100 -37.2184436961318852
73.3173317331733188 -57.3240195744530965
73.3373337333733559 -35.9385017994465699
73.3573357335733647 -53.2600512663804722
73.3773377337733734 -63.1118982123935766
73.3973397339734106 -53.4578010150109435
73.4173417341734194 -54.0474955917452604
73.4373437343734565 -35.5850390479510850
73.4573457345734653 -95.1110718933107080
73.4773477347734740 -32.0301282748390790
73.4973497349735112 -64.7822864042975226
73.5173517351735200 -32.6688127095750502
73.5373537353735571 -38.6492784451818210
73.5573557355735659 -45.1208014090676386
73.5773577357735746 -68.8798894357705507
73.5973597359736118 -77.0182250742360424
73.6173617361736206 -24.5137901259070254
73.6373637363736577 -68.1206345975493122
73.6573657365736665 -30.7914234199964874
73.6773677367736752 -38.3731143581568972
73.6973697369737124 -14.5643759667406059
73.7173717371737212 -45.5959920899661881
73.7373737373737583 -89.1323749400935128
73.7573757375737671 -21.3122946934646222
73.7773777377737758 -58.1893365520867860
73.7973797379738130 -52.5809389015273041
73.8173817381738218 -108.8158476802930466
73.8373837383738589 -34.0627517558641628
73.8573857385738677 -59.4132912251047856
73.8773877387738764 -34.0752895170650234
73.8973897389739136 -49.9641800953425133
73.9173917391739224 -42.6468905869963635
73.9373937393739595 -66.2131473534239774
73.9573957395739683 -30.8230653735598494
73.9773977397739770 -55.9743714926366707
73.9973997399740142 -59.6548598237957322
74.0174017401740230 -28.1272444851869707
74.0374037403740317 -71.0285455851154239
74.0574057405740689 -60.4217937398541878
74.0774077407740776 -12.0081497098666219
74.0974097409741148 -22.5930826936642077
74.1174117411741236 -101.3492362008572343
74.1374137413741323 -60.5304299128221572
74.1574157415741695 -53.9006410141051404
74.1774177417741782 -75.2170210340122480
74.1974197419742154 -74.6815420328635469
74.2174217421742242 -69.6752334583882060
74.2374237423742329 -33.0798583284939269
74.2574257425742701 -60.7350422830474272
74.2774277427742788 -54.0218807975623889
74.2974297429743160 -2.5892090597230748
74.3174317431743248 -60.7116520996467486
74.3374337433743335 -69.3239000832599572
74.3574357435743707 -28.0474260389086538
74.3774377437743794 -89.6526626019525281
74.3974397439744166 -57.8844186129962495
74.4174417441744254 -39.3496939450024712
74.4374437443744341 -61.0358609484839789
74.4574457445744713 -65.5499578995468823
74.4774477447744800 -35.6480264632726147
74.4974497449745172 -43.5168282303909848
74.5174517451745260 -63.3629187124256248
74.5374537453745347 -48.7720007611949882
74.5574557455745719 -80.0217189459440732
74.5774577457745806 -60.1991378958320880
74.5974597459746178 -61.3985797971817746
74.6174617461746266 -96.4074446908406770
74.6374637463746353 -74.9843841510599134
74.6574657465746725 -39.4766741410726709
74.6774677467746812 -69.7282367351718335
74.6974697469747184 -65.9017083852094459
74.7174717471747272 -31.7919792029013912
74.7374737473747359 -38.8412159621633180
74.7574757475747731 -59.9996047885949864
74.7774777477747818 -27.8219260766847896
74.7974797479748190 -40.5456167436662369
74.8174817481748278 -73.0357421128512101
74.8374837483748365 -68.6590310906739205
74.8574857485748737 -69.7557850626262024
74.8774877487748824 -55.3060889971821226
74.8974897489749196 -55.3859146717192772
74.9174917491749284 -86.0739910713479333
74.9374937493749371 -73.4059275522722032
74.9574957495749743 -74.9832511781985005
74.9774977497749830 -77.2234018863353811
74.9974997499750202 -70.2304488812777095
75.0175017501750290 -36.2450225702753528
75.0375037503750377 -117.6657103584495303
75.0575057505750749 -26.8865601085210884
75.0775077507750837 -70.7373556772934364
75.0975097509750924 -73.4899283819364939
75.1175117511751296 -56.7404908306360554
75.1375137513751383 -86.7657190595670755
75.1575157515751755 -54.0284636107986813
75.1775177517751843 -79.9678963962006861
75.1975197519751930 -70.1054691220088415
75.2175217521752302 -46.6580053752550157
75.2375237523752389 -64.7629726048140952
75.2575257525752761 -50.4589161098311294
75.2775277527752849 -72.7089845187834953
75.2975297529752936 -65.7754954767645899
75.3175317531753308 -29.8194121130398528
75.3375337533753395 -70.0732553896833537
75.3575357535753767 -60.4501647920631910
75.3775377537753855 -55.8804671131810977
75.3975397539753942 -27.2361007878481658
75.4175417541754314 -43.7455234790066640
75.4375437543754401 -102.9007161048391623
75.4575457545754773 -68.6922674762808185
75.4775477547754861 -96.9750474115078873
75.4975497549754948 -65.5087898607760479
75.5175517551755320 -71.0779695149869042
75.5375537553755407 -84.3082932359314867
75.5575557555755779 -86.6826065765454388
75.5775577557755867 -48.8444488436652193
75.5975597559755954 -54.3712863012504357
75.6175617561756326 -65.7636200151669073
75.6375637563756413 -57.1339529001783220
75.6575657565756785 -42.4335815028191945
75.6775677567756873 -69.2483848018188866
75.6975697569756960 -23.5984387372311275
75.7175717571757332 -68.6836762183736624
75.7375737573757419 -41.5680225062611797
75.7575757575757791 -96.5314471969160763
75.7775777577757879 -38.2072747111273401
75.7975797579757966 -60.4185989635205090
75.8175817581758338 -71.9281110479835348
75.8375837583758425 -79.1312238387302642
75.8575857585758797 -78.9042829272081008
75.8775877587758885 -52.8406917143199877
75.8975897589758972 -44.4466062793320873
75.9175917591759344 -52.0817473933846671
75.9375937593759431 -102.1011872180286986
75.9575957595759803 -41.4901361612045747
75.9775977597759891 -83.3192904071398317
75.9975997599759978 -92.2316108272385975
76.0176017601760350 -110.5210564663437083
76.0376037603760437 -92.7179402103057839
76.0576057605760525 -56.0960269175132993
76.0776077607760897 -114.7103451414901087
76.0976097609760984 -42.5473358700255062
76.1176117611761356 -59.5296370498090823
76.1376137613761443 -56.0795967084565490
76.1576157615761531 -89.5055587001759676
76.1776177617761903 -85.0047834450886910
76.1976197619761990 -87.8237220062440826
76.2176217621762362 -63.6583446394439534
76.2376237623762449 -98.7443533986376849
76.2576257625762537 -64.6941195449249165
76.2776277627762909 -64.0222473440358897
76.2976297629762996 -126.5805688162082134
76.3176317631763368 -77.4776522438046271
76.3376337633763455 -91.4106816221264609
76.3576357635763543 -76.2590512027112197
76.3776377637763915 -56.3726939615668741
76.3976397639764002 -72.1443990547331850
76.4176417641764374 -61.5231911275176202
76.4376437643764461 -100.8504896497444037
76.4576457645764549 -94.3759255987285997
76.4776477647764921 -73.5516500565633606
76.4976497649765008 -75.5060633499845295
76.5176517651765380 -63.9104641703037331
76.5376537653765467 -51.1625111062567228
76.5576557655765555 -70.5692873139361296
76.5776577657765927 -95.8583102390781505
76.5976597659766014 -76.8507676571923639
76.6176617661766386 -97.0612285821180762
76.6376637663766473 -45.5350958878712717
76.6576657665766561 -66.7109655777930328
76.6776677667766933 -99.1044778233237196
76.6976697669767020 -88.3277975517892457
76.7176717671767392 -65.6512904321733686
76.7376737673767479 -98.1014317990158133
76.7576757675767567 -71.7862700772302276
76.7776777677767939 -66.1395985256956038
76.7976797679768026 -80.3730012745959641
76.8176817681768398 -63.0738908836942400
76.8376837683768485 -98.4275663259685842
76.8576857685768573 -77.9687922014217349
76.8776877687768945 -77.0479243613018241
76.8976897689769032 -74.2559181319633410
76.9176917691769404 -90.3247048647641009
76.9376937693769491 -102.7736774914208269
76.9576957695769579 -67.2910226973773291
76.9776977697769951 -73.2159754576774162
76.9976997699770038 -63.6326709862079412
77.0177017701770126 -25.3334085761813910
77.0377037703770498 -70.2329481981450243
77.0577057705770585 -74.9891121546015995
77.0777077707770957 -97.5716790400800278
77.0977097709771044 -83.0064771451152268
77.1177117711771132 -89.5205811808897494
77.1377137713771504 -90.6680927505287855
77.1577157715771591 -110.8597941875544990
77.1777177717771963 -120.6232676897212031
77.1977197719772050 -112.8531806735878433
77.2177217721772138 -66.7518591075155001
77.2377237723772510 -56.0890300970133069
77.2577257725772597 -100.2909117122794953
77.2777277727772969 -76.1704600931091136
77.2977297729773056 -67.9587079917822905
77.3177317731773144 -78.9817668582956571
77.3377337733773516 -69.2204334747205507
77.3577357735773603 -65.3444725967732296
77.3777377737773975 -76.3074606949755463
77.3977397739774062 -93.7571689258288075
77.4177417741774150 -47.4011194353350902
77.4377437743774522 -107.5624121640867514
77.4577457745774609 -54.1712699196430592
77.4777477747774981 -86.8585104910215904
77.4977497749775068 -86.2778904108755285
77.5177517751775156 -101.2099535810247630
77.5377537753775528 -87.8638390353985272
77.5577557755775615 -40.7137359224439450
77.5777577757775987 -53.4747492923361705
77.5977597759776074 -59.8899196743668512
77.6177617761776162 -55.9552513327931251
77.6377637763776534 -87.5708179820665009
77.6577657765776621 -128.3082723539504855
77.6777677767776993 -76.5302456062385801
77.6977697769777080 -107.4256785135483767
77.7177717771777168 -86.6078936689121264
77.7377737773777540 -70.4824390870644351
77.7577757775777627 -65.9712027400801020
77.7777777777777999 -80.1587524478343170
77.7977797779778086 -87.0109712282288399
77.8177817781778174 -79.3015004895569575
77.8377837783778546 -73.7536302731719502
77.8577857785778633 -110.7367684061285757
77.8777877787779005 -92.8726123748718919
77.8977897789779092 -66.7156258090396221
77.9177917791779180 -71.6074841204924155
77.9377937793779552 -90.7922752772947632
77.9577957795779639 -113.0574484515896785
77.9777977797779727 -43.7491418532270231
77.9977997799780098 -58.3264527166297597
78.0178017801780186 -79.4038994989159193
78.0378037803780558 -50.5149621498568280
78.0578057805780645 -79.9720264168290953
78.0778077807780733 -58.7778998924511740
78.0978097809781104 -105.8016871606442635
78.1178117811781192 -56.8685041111066241
78.1378137813781564 -62.4153356009115896
78.1578157815781651 -108.2909453495657317
78.1778177817781739 -67.3632891007123362
78.1978197819782110 -81.1695045836686262
78.2178217821782198 -100.0400077007503654
78.2378237823782570 -73.6066569243354394
78.2578257825782657 -96.7362837029260731
78.2778277827782745 -101.3061064359417287
78.2978297829783116 -109.7440498085820195
78.3178317831783204 -91.9635981017761992
78.3378337833783576 -81.0005542087358634
78.3578357835783663 -104.6049028451939193
78.3778377837783751 -54.1472585907572750
78.3978397839784122 -55.8711368504362298
78.4178417841784210 -134.8485961660147723
78.4378437843784582 -133.2198742818003439
78.4578457845784669 -66.4425567222401412
78.4778477847784757 -86.1679729296443497
78.4978497849785128 -85.4544225545268432
78.5178517851785216 -85.5765638845256973
78.5378537853785588 -77.3098176447214769
78.5578557855785675 -63.6123574712540218
78.5778577857785763 -80.5815799828281882
78.5978597859786134 -107.1261708976586107
78.6178617861786222 -81.6854228185953986
78.6378637863786594 -75.8746314744967094
78.6578657865786681 -122.4340511233900912
78.6778677867786769 -111.0422074120610176
78.6978697869787140 -71.1022493609579982
78.7178717871787228 -77.2449711958541911
78.7378737873787600 -72.4892261130558495
78.7578757875787687 -101.6794542277581996
78.7778777877787775 -90.8790276842380536
78.7978797879788146 -106.0003633788587081
78.8178817881788234 -81.8706109031332829
78.8378837883788606 -75.5849891106935559
78.8578857885788693 -70.9495233195516732
78.8778877887788781 -49.1347288537961759
78.8978897889789152 -80.2119689387939019
78.9178917891789240 -93.9279626317718481
78.9378937893789328 -81.0432811255266756
78.9578957895789699 -71.9620135879786744
78.9778977897789787 -107.6668857497988512
78.9978997899790158 -112.4425011875965765
79.0179017901790246 -106.1623051748753284
79.0379037903790334 -71.8618561363326762
79.0579057905790705 -104.3137829216828010
79.0779077907790793 -83.2251384592318715
79.0979097909791165 -120.6305492306119049
79.1179117911791252 -111.4118224586904944
79.1379137913791340 -49.5856091206206244
79.1579157915791711 -116.9156753787326153
79.1779177917791799 -84.3676164869818734
79.1979197919792171 -99.0561407813195984
79.2179217921792258 -106.3199608953501354
79.2379237923792346 -112.5995512272779990
79.2579257925792717 -80.6197901693776089
79.2779277927792805 -120.4444931338080664
79.2979297929793177 -61.0277765216601438
79.3179317931793264 -102.6116743920898529
79.3379337933793352 -35.4940735099659221
79.3579357935793723 -100.8716341865745676
79.3779377937793811 -76.5941469495619032
79.3979397939794183 -90.5913880811308587
79.4179417941794270 -78.8972971500967759
79.4379437943794358 -56.3404205417842974
79.4579457945794729 -79.7128432516705345
79.4779477947794817 -121.4901295955836247
79.4979497949795189 -85.4756808908978485
79.5179517951795276 -117.1892392126311790
79.5379537953795364 -93.2783733912561956
79.5579557955795735 -85.0169903542249870
79.5779577957795823 -46.4931763529494333
79.5979597959796195 -94.4644793526376674
79.6179617961796282 -57.9203797050958755
79.6379637963796370 -84.4847461063686183
79.6579657965796741 -108.4804320601161152
79.6779677967796829 -90.9389842068033829
79.6979697969797201 -27.9836641973610583
79.7179717971797288 -102.1460046057352145
79.7379737973797376 -103.6276086796681426
79.7579757975797747 -92.4663674583311064
79.7779777977797835 -138.8026485248894630
79.7979797979798207 -123.2649499152171586
79.8179817981798294 -69.6464607604125234
79.8379837983798382 -111.3830347512189576
79.8579857985798753 -94.7328640287357047
79.8779877987798841 -91.2886300634007029
79.8979897989798928 -100.9039204225120727
79.9179917991799300 -100.1731511625174988
79.9379937993799388 -112.2474633771291934
79.9579957995799759 -109.0553195094273349
79.9779977997799847 -93.8033268711857744
79.9979997999799934 -96.8056078191458624
80.0180018001800306 -73.5712074910313447
80.0380038003800394 -105.8618991804877538
80.0580058005800765 -97.6871726401384137
80.0780078007800853 -147.5506112577396038
80.0980098009800940 -100.6969891565417612
80.1180118011801312 -89.7754160465696884
80.1380138013801400 -105.2057506827269009
80.1580158015801771 -104.6580149866900911
80.1780178017801859 -53.5800679312396184
80.1980198019801946 -102.6681346185590655
80.2180218021802318 -103.3334844674849080
80.2380238023802406 -84.9932030760996184
80.2580258025802777 -72.3604219665656245
80.2780278027802865 -106.3627159287981243
80.2980298029802952 -96.4465968953758193
80.3180318031803324 -93.4995834732957576
80.3380338033803412 -105.5837405927421599
80.3580358035803783 -78.9570600865235406
80.3780378037803871 -104.2998761316287357
80.3980398039803958 -107.9648068882465424
80.4180418041804330 -132.3906942135890290
80.4380438043804418 -127.1782065435219522
80.4580458045804789 -112.5891661531940997
80.4780478047804877 -114.3445323847413277
80.4980498049804964 -133.6376603028076033
80.5180518051805336 -92.2858985973464030
80.5380538053805424 -127.3286573886251318
80.5580558055805795 -82.9811699167709662
80.5780578057805883 -129.5677993990659047
80.5980598059805970 -84.0854580950061177
80.6180618061806342 -91.1347782220137219
80.6380638063806430 -59.8854136986832088
80.6580658065806801 -65.0350208049696050
80.6780678067806889 -114.8866212861630913
80.6980698069806976 -77.0154351907530952
80.7180718071807348 -90.6547537139331894
80.7380738073807436 -90.7933720338470209
80.7580758075807807 -82.9499880463481816
80.7780778077807895 -108.5418225079341425
80.7980798079807983 -91.8805288050801607
80.8180818081808354 -105.8047345726471775
80.8380838083808442 -87.9424052749534439
80.8580858085808529 -114.8132596965182870
80.8780878087808901 -106.3493509478428933
80.8980898089808989 -83.9347161985615315
80.9180918091809360 -103.9787557802658142
80.9380938093809448 -102.3073101873646777
80.9580958095809535 -65.0880750071582668
80.9780978097809907 -92.4136016137729115
80.9980998099809995 -81.5494524810371502
81.0181018101810366 -66.4969121641211700
81.0381038103810454 -80.7140147944216579
81.0581058105810541 -121.0275745834908605
81.0781078107810913 -78.4926917456639757
81.0981098109811001 -93.1476199020627007
81.1181118111811372 -124.1864840663349838
81.1381138113811460 -111.4592045801399536
81.1581158115811547 -115.6101341992139169
81.1781178117811919 -69.8393779045242695
81.1981198119812007 -101.8661641092375589
81.2181218121812378 -89.0372767009081940
81.2381238123812466 -115.7455675105528030
81.2581258125812553 -85.6365335583081730
81.2781278127812925 -108.3135922129054194
81.2981298129813013 -99.3608148001276845
81.3181318131813384 -81.3265390621575079
81.3381338133813472 -94.1382214435403739
81.3581358135813559 -112.7036792792195712
81.3781378137813931 -54.7140358790582439
81.3981398139814019 -56.3623201779101990
81.4181418141814390 -85.4346688206556877
81.4381438143814478 -112.4257616094919001
81.4581458145814565 -109.8047612306378369
81.4781478147814937 -115.1196935436820041
81.4981498149815025 -84.0297407832608059
81.5181518151815396 -136.8000178956421848
81.5381538153815484 -100.1362664039268964
81.5581558155815571 -69.9667997492895779
81.5781578157815943 -104.8307227307855243
81.5981598159816031 -113.7891722460767312
81.6181618161816402 -101.0741114973707369
81.6381638163816490 -99.8098232369089544
81.6581658165816577 -71.0380270531017004
81.6781678167816949 -108.9340255041282717
81.6981698169817037 -104.4956697618130050
81.7181718171817408 -93.3124995168963807
81.7381738173817496 -91.5587392986667084
81.7581758175817583 -98.7605575730212308
81.7781778177817955 -63.5066351995656859
81.7981798179818043 -111.0418744408174092
81.8181818181818130 -150.4874680025979501
81.8381838183818502 -112.5500911951829011
81.8581858185818589 -72.0237938519775440
81.8781878187818961 -131.6234968134355086
81.8981898189819049 -121.7574727564757779
81.9181918191819136 -70.2749583637348820
81.9381938193819508 -111.3687069051948555
81.9581958195819595 -79.7047116216141660
81.9781978197819967 -138.5707574564417826
81.9981998199820055 -69.7404492758631562
82.0182018201820142 -109.4215503258748186
82.0382038203820514 -89.0886693231224882
82.0582058205820601 -92.0961772496275586
82.0782078207820973 -109.9595567128379656
82.0982098209821061 -124.8235555857389869
82.1182118211821148 -106.6483367587655238
82.1382138213821520 -90.7125808094231019
82.1582158215821607 -108.0246892452069858
82.1782178217821979 -92.0943603194026679
82.1982198219822067 -80.6877608529468660
82.2182218221822154 -111.3929379431083646
82.2382238223822526 -92.5134098695740903
82.2582258225822613 -92.5859770785177432
82.2782278227822985 -100.8193909528224594
82.2982298229823073 -63.2479394410638989
82.3182318231823160 -83.6883098588456988
82.3382338233823532 -126.6472099174858101
82.3582358235823619 -129.8510703686180250
82.3782378237823991 -94.4146331171469484
82.3982398239824079 -132.6750839211433117
82.4182418241824166 -150.6023956239759514
82.4382438243824538 -99.5984573036948575
82.4582458245824625 -137.2759256063473856
82.4782478247824997 -85.4616390183958288
82.4982498249825085 -129.9205391904316400
82.5182518251825172 -149.3355498689979868
82.5382538253825544 -100.6874306033245432
82.5582558255825631 -82.9603832154787284
82.5782578257826003 -93.8124875714426594
82.5982598259826091 -73.5628430878161481
82.6182618261826178 -110.5941532430567804
82.6382638263826550 -77.6068036518587547
82.6582658265826637 -116.4155108632903364
82.6782678267827009 -52.1103875577234419
82.6982698269827097 -119.5603354868107431
82.7182718271827184 -96.7022919284955691
82.7382738273827556 -87.3937718126768033
82.7582758275827644 -85.3721457128909265
82.7782778277827731 -98.6494249134216261
82.7982798279828103 -105.6571760581039570
82.8182818281828190 -89.8522232727584083
82.8382838283828562 -74.0199955140570296
82.8582858285828650 -115.5840609434079056
82.8782878287828737 -118.7849034719677093
82.8982898289829109 -80.7317340717277858
82.9182918291829196 -101.5385912440075487
82.9382938293829568 -105.8400867022564711
82.9582958295829656 -65.7459346299944229
82.9782978297829743 -104.4502168322946716
82.9982998299830115 -96.6121376292745282
83.0183018301830202 -122.1616681024253808
83.0383038303830574 -90.2447126335450776
83.0583058305830662 -79.2068769216659092
83.0783078307830749 -107.8525725373738027
83.0983098309831121 -104.9424159474055784
83.1183118311831208 -81.1443762748900213
83.1383138313831580 -112.0645818885417384
83.1583158315831668 -87.1072484464818046
83.1783178317831755 -112.6545283839060545
83.1983198319832127 -89.7773982161310755
83.2183218321832214 -85.6494049148018348
83.2383238323832586 -119.0332715301139785
83.2583258325832674 -129.1672536788186108
83.2783278327832761 -91.9181705737532582
83.2983298329833133 -83.7146703741976808
83.3183318331833220 -88.0750363990184582
83.3383338333833592 -80.5837380089839428
83.3583358335833680 -64.5934191693080493
83.3783378337833767 -73.7616623431204061
83.3983398339834139 -106.9608083255379540
83.4183418341834226 -122.5317905726290348
83.4383438343834598 -60.1218948478819968
83.4583458345834686 -68.8651187605996995
83.4783478347834773 -82.4662238739178406
83.4983498349835145 -79.3515344690971176
83.5183518351835232 -116.7385401925347708
83.5383538353835604 -89.5299746005708528
83.5583558355835692 -109.6980846977341315
83.5783578357835779 -98.8264183096925564
83.5983598359836151 -93.4494619052580333
83.6183618361836238 -80.2775804225372553
83.6383638363836610 -70.4700886728578695
83.6583658365836698 -93.0932239588491939
83.6783678367836785 -130.6540930539684950
83.6983698369837157 -94.6994604395515012
83.7183718371837244 -93.3748533894974599
83.7383738373837332 -69.7994598015328478
83.7583758375837704 -112.2080654989964330
83.7783778377837791 -97.5497809165320859
83.7983798379838163 -68.2169878949384554
83.8183818381838250 -91.7632491123232228
83.8383838383838338 -110.6242671167424021
83.8583858385838710 -124.9467588699580034
83.8783878387838797 -100.1363791732671302
83.8983898389839169 -98.0610559378969242
83.9183918391839256 -107.9768741918485091
83.9383938393839344 -92.6518265103841117
83.9583958395839716 -86.7206380248342725
83.9783978397839803 -111.6998099112369403
83.9983998399840175 -92.8303596213819162
84.0184018401840262 -76.6090877746258343
84.0384038403840350 -112.0302041279927892
84.0584058405840722 -93.6016209815048796
84.0784078407840809 -86.8229383373259793
84.0984098409841181 -89.6545429194389953
84.1184118411841268 -128.2466438158371602
84.1384138413841356 -130.7320266233686823
84.1584158415841728 -77.3477109587041127
84.1784178417841815 -77.0117279116106062
84.1984198419842187 -68.0139168393469475
84.2184218421842274 -77.3445080025408060
84.2384238423842362 -95.8566245089626250
84.2584258425842734 -93.6743891621875520
84.2784278427842821 -106.7770440744084226
84.2984298429843193 -101.6128787998487581
84.3184318431843280 -120.0085290205377930
84.3384338433843368 -114.1230482198380400
84.3584358435843740 -74.8636586318605453
84.3784378437843827 -118.1478275902525752
84.3984398439844199 -73.0836365679861188
84.4184418441844286 -70.7063988434024964
84.4384438443844374 -95.0330768794431435
84.4584458445844746 -117.4263216605134943
84.4784478447844833 -115.3222857092233369
84.4984498449845205 -92.6519301761810681
84.5184518451845292 -105.4590447388421239
84.5384538453845380 -94.3722311558576052
84.5584558455845752 -62.0039724953100304
84.5784578457845839 -123.1782384924610767
84.5984598459846211 -118.7956475561920087
84.6184618461846298 -84.4843260801638536
84.6384638463846386 -126.3727760693265338
84.6584658465846758 -74.3404392172123636
84.6784678467846845 -126.6391668818815646
84.6984698469847217 -69.0739149830622949
84.7184718471847304 -91.7295339897925714
84.7384738473847392 -108.0760707893542047
84.7584758475847764 -77.3659718508226319
84.7784778477847851 -81.9790910009151901
84.7984798479847939 -128.3807943697142946
84.8184818481848311 -95.4235887341820472
84.8384838483848398 -60.1728377108587793
84.8584858485848770 -77.6092253146232167
84.8784878487848857 -113.1511968295858139
84.8984898489848945 -68.6912768069737041
84.9184918491849317 -128.6139918200330214
84.9384938493849404 -118.5133727596823547
84.9584958495849776 -127.3269264318545737
84.9784978497849863 -125.0895877537881518
84.9984998499849951 -94.9876629979752352
85.0185018501850323 -108.1169038452410973
85.0385038503850410 -119.8453592080159638
85.0585058505850782 -102.0973054634993673
85.0785078507850869 -94.8307268815201638
85.0985098509850957 -102.5777933300003042
85.1185118511851329 -105.1833427154450504
85.1385138513851416 -82.6997516131966393
85.1585158515851788 -114.7084747411482226
85.1785178517851875 -68.4951821187228518
85.1985198519851963 -101.8236514712913561
85.2185218521852335 -113.3599730918310229
85.2385238523852422 -121.0683254614430098
85.2585258525852794 -95.3467962387542940
85.2785278527852881 -105.1084741612838513
85.2985298529852969 -168.2829682468334624
85.3185318531853341 -104.7037696569902607
85.3385338533853428 -71.1624925084210815
85.3585358535853800 -78.5890220433282991
85.3785378537853887 -95.4082114540398720
85.3985398539853975 -103.8329905675850995
85.4185418541854347 -104.4891230190856533
85.4385438543854434 -67.1778249469329580
85.4585458545854806 -95.1489521868264490
85.4785478547854893 -107.7408669470490139
85.4985498549854981 -61.3117584807434426
85.5185518551855353 -63.5996159370298102
85.5385538553855440 -79.9855167060387657
85.5585558555855812 -84.5963883839910693
85.5785578557855899 -91.9174072665731074
85.5985598559855987 -114.4489285189323766
85.6185618561856359 -102.7197256776297110
85.6385638563856446 -83.7102888123711182
85.6585658565856818 -43.6911918004428017
85.6785678567856905 -102.2832223072382618
85.6985698569856993 -73.1598407445872141
85.7185718571857365 -127.6806476735520448
85.7385738573857452 -91.8539537786663800
85.7585758575857540 -78.6906748441603838
85.7785778577857911 -76.0165377348210001
85.7985798579857999 -108.1936374228686475
85.8185818581858371 -102.2201992561694368
85.8385838583858458 -78.5140020560357499
85.8585858585858546 -89.6027276116645481
85.8785878587858917 -96.0262219601090834
85.8985898589859005 -91.7445790305413880
85.9185918591859377 -103.4912138784011120
85.9385938593859464 -82.2106046560029142
85.9585958595859552 -75.6191220917545763
85.9785978597859923 -93.7705589933915462
85.9985998599860011 -82.8658910663083645
86.0186018601860383 -105.9443386505753608
86.0386038603860470 -87.0993612409033915
86.0586058605860558 -65.4788559076651921
86.0786078607860929 -102.8764624256314448
86.0986098609861017 -69.2476051176252980
86.1186118611861389 -127.8294798545681061
86.1386138613861476 -49.3066930646070603
86.1586158615861564 -125.9169092183152543
86.1786178617861935 -86.3676282230892980
86.1986198619862023 -81.7524089923680037
86.2186218621862395 -74.7835896952149426
86.2386238623862482 -115.3807067320246347
86.2586258625862570 -72.0445436905949208
86.2786278627862941 -99.9814966603060071
86.2986298629863029 -142.0108710845477162
86.3186318631863401 -60.5860159727063916
86.3386338633863488 -98.7355951890506560
86.3586358635863576 -56.3139445942733516
86.3786378637863947 -107.0093342123828108
86.3986398639864035 -111.3907894387518098
86.4186418641864407 -111.8037647472465892
86.4386438643864494 -73.5825508684201282
86.4586458645864582 -102.9787862333062236
86.4786478647864953 -111.5684935935237263
86.4986498649865041 -105.9533534069029344
86.5186518651865413 -58.6447548161900158
86.5386538653865500 -78.6497692232190815
86.5586558655865588 -43.7620505427892468
86.5786578657865959 -93.7031899313392529
86.5986598659866047 -82.7520626868927991
86.6186618661866419 -99.6286430951152369
86.6386638663866506 -70.2135170357703799
86.6586658665866594 -126.8387749329640286
86.6786678667866965 -94.6836591694828087
86.6986698669867053 -118.0117660726194657
86.7186718671867141 -132.1551040261431922
86.7386738673867512 -124.1668698807606006
86.7586758675867600 -71.2156897546253447
86.7786778677867972 -108.5709124316707062
86.7986798679868059 -141.0558861490062839
86.8186818681868147 -84.2589394769416771
86.8386838683868518 -100.5430102190689325
86.8586858685868606 -110.2404219333929518
86.8786878687868978 -82.6107409323808213
86.8986898689869065 -89.4219868260740043
86.9186918691869153 -80.8922685441602880
86.9386938693869524 -77.8068988248306113
86.9586958695869612 -94.4960112757460706
86.9786978697869984 -105.4399589331580103
86.9986998699870071 -58.5205953202958824
87.0187018701870159 -96.9890369115729953
87.0387038703870530 -53.3781189081904870
87.0587058705870618 -72.8763492492660703
87.0787078707870990 -99.7578587847658440
87.0987098709871077 -99.5153720686953847
87.1187118711871165 -61.5554067544096810
87.1387138713871536 -96.1818903202477884
87.1587158715871624 -78.8087973593648741
87.1787178717871996 -86.1765634497203479
87.1987198719872083 -53.5862806902040987
87.2187218721872171 -59.0476278893816868
87.2387238723872542 -101.4209031015878111
87.2587258725872630 -99.2590078721895708
87.2787278727873002 -92.5633654004353730
87.2987298729873089 -70.7470292989299878
87.3187318731873177 -114.2162423074014157
87.3387338733873548 -64.7731796655990593
87.3587358735873636 -90.3215009651165559
87.3787378737874008 -112.2708276118208346
87.3987398739874095 -118.4576337456282999
87.4187418741874183 -118.1338697303057188
87.4387438743874554 -64.4753217021558811
87.4587458745874642 -93.2625305279255628
87.4787478747875014 -99.3193230806241445
87.4987498749875101 -88.7880392966862075
87.5187518751875189 -84.8732171164505473
87.5387538753875560 -73.1690085089716860
87.5587558755875648 -61.9901603882381025
87.5787578757876020 -92.4189564710654992
87.5987598759876107 -85.0170047845272165
87.6187618761876195 -113.3340320500993812
87.6387638763876566 -118.9307763507018194
87.6587658765876654 -81.9973121436936196
87.6787678767876741 -129.1320502250935078
87.6987698769877113 -76.5393719670160806
87.7187718771877201 -79.2047272188906106
87.7387738773877572 -76.5442321738848648
87.7587758775877660 -104.2719083894615579
87.7787778777877747 -110.6830810341019316
87.7987798779878119 -110.2034416081693564
87.8187818781878207 -98.7743324644624465
87.8387838783878578 -117.3358518228957763
87.8587858785878666 -81.1920874730383133
87.8787878787878753 -106.2238571987584379
87.8987898789879125 -76.7753269132836778
87.9187918791879213 -72.8622937180370513
87.9387938793879584 -100.5117981658009398
87.9587958795879672 -57.7116583724814944
87.9787978797879759 -86.0041017571683710
87.9987998799880131 -70.6099881148511201
88.0188018801880219 -94.1102126828980090
88.0388038803880590 -126.2822172956527851
88.0588058805880678 -88.4582660359612447
88.0788078807880765 -87.0668532788960334
88.0988098809881137 -91.4689477226040708
88.1188118811881225 -60.8639704520685711
88.1388138813881596 -77.7851908925160842
88.1588158815881684 -66.1684484734360865
88.1788178817881771 -101.9160978844384573
88.1988198819882143 -66.9320009073758513
88.2188218821882231 -102.7386595870684687
88.2388238823882602 -77.2891869314558733
88.2588258825882690 -86.0981967901049217
88.2788278827882777 -43.4418821113931060
88.2988298829883149 -71.7762413137780442
88.3188318831883237 -101.2618611078221988
88.3388338833883608 -5.8521794493729260
88.3588358835883696 -95.4455777985558314
88.3788378837883783 -74.2049897140448707
88.3988398839884155 -71.9949195560750042
88.4188418841884243 -85.1483775437710051
88.4388438843884614 -83.5118667718445522
88.4588458845884702 -98.8047270328673193
88.4788478847884790 -71.4666429188186356
88.4988498849885161 -98.1903292141009274
88.5188518851885249 -108.9103693283267376
88.5388538853885620 -100.0966441976997885
88.5588558855885708 -136.7649492249985883
88.5788578857885796 -90.9058584618409640
88.5988598859886167 -74.9099656459879952
88.6188618861886255 -65.8424111014953723
88.6388638863886342 -140.1019095233091889
88.6588658865886714 -101.2797851171146704
88.6788678867886802 -112.7226794917357608
88.6988698869887173 -31.9328202798951537
88.7188718871887261 -76.3697445115826099
88.7388738873887348 -65.5761027463221211
88.7588758875887720 -89.5556114382584951
88.7788778877887808 -75.9115115729001246
88.7988798879888179 -60.4030297664228968
88.8188818881888267 -83.8893901344970629
88.8388838883888354 -93.3937264442222101
88.8588858885888726 -91.7333715225916393
88.8788878887888814 -91.3029628701976037
88.8988898889889185 -89.4546535746122657
88.9188918891889273 -85.2969434737456709
88.9388938893889360 -90.9950108476600406
88.9588958895889732 -107.3999455446089826
88.9788978897889820 -90.0663045673319260
88.9988998899890191 -78.8351134339279014
89.0189018901890279 -70.0972213512246753
89.0389038903890366 -117.6712441960588649
89.0589058905890738 -104.4928627415867197
89.0789078907890826 -63.1441511993140239
89.0989098909891197 -74.2532124405028497
89.1189118911891285 -86.2196808052611203
89.1389138913891372 -123.1377780338861783
89.1589158915891744 -52.8151021096171363
89.1789178917891832 -47.3123260908213439
89.1989198919892203 -86.5158758217075814
89.2189218921892291 -65.5164121733077707
89.2389238923892378 -64.6080762550703156
89.2589258925892750 -66.4287886553699281
89.2789278927892838 -114.9381776999272375
89.2989298929893209 -78.0690017729013022
89.3189318931893297 -81.3013057460727708
89.3389338933893384 -88.7872542689283222
89.3589358935893756 -93.0743053482132723
89.3789378937893844 -95.8448156978972747
89.3989398939894215 -64.0768172910222944
89.4189418941894303 -116.6754388857218601
89.4389438943894390 -64.5703746404228696
89.4589458945894762 -29.2727557536366163
89.4789478947894850 -65.4213055327836770
89.4989498949895221 -94.1436939233825854
89.5189518951895309 -60.1961497965301433
89.5389538953895396 -67.1480213146706433
89.5589558955895768 -87.5501168742078875
89.5789578957895856 -57.6178956247147980
89.5989598959895943 -107.5565881385717262
89.6189618961896315 -68.8971694909721606
89.6389638963896402 -73.1765133035620323
89.6589658965896774 -68.9712885046265001
89.6789678967896862 -56.1209699468875911
89.6989698969896949 -57.8536050907638355
89.7189718971897321 -91.6274511124276927
89.7389738973897408 -60.8660682899153755
89.7589758975897780 -64.7263524769931422
89.7789778977897868 -35.1216828275539257
89.7989798979897955 -79.7406775304467885
89.8189818981898327 -107.7783079698342874
89.8389838983898414 -67.4394564422403704
89.8589858985898786 -47.7081660714960378
89.8789878987898874 -111.4441588266533216
89.8989898989898961 -31.1598184062211132
89.9189918991899333 -89.0006360984371128
89.9389938993899420 -85.1628689631836124
89.9589958995899792 -76.5099345575162886
89.9789978997899880 -88.8812765862693936
89.9989998999899967 -55.4823164924149097
90.0190019001900339 -71.6362992974229513
90.0390039003900426 -103.5772740564632102
90.0590059005900798 -79.7326362750015676
90.0790079007900886 -77.6118130988092219
90.0990099009900973 -72.5138990854529482
90.1190119011901345 -87.8041955327770580
90.1390139013901432 -89.8879956548656480
90.1590159015901804 -113.3850418466579697
90.1790179017901892 -46.0473719678029028
90.1990199019901979 -67.3943394468712995
90.2190219021902351 -80.7201305370965372
90.2390239023902438 -60.5853599318101459
90.2590259025902810 -76.9596763882036043
90.2790279027902898 -99.4867164719897659
90.2990299029902985 -38.9751658809990431
90.3190319031903357 -9.0598615833635847
90.3390339033903444 -81.8127156247492167
90.3590359035903816 -69.6551518177839597
90.3790379037903904 -70.0801747340472332
90.3990399039903991 -70.6643877413835639
90.4190419041904363 -77.1128586802917084
90.4390439043904451 -68.3432150187488219
90.4590459045904822 -74.0271893863669277
90.4790479047904910 -78.0222135986530816
90.4990499049904997 -61.6704831843501751
90.5190519051905369 -35.6174806485164908
90.5390539053905457 -85.5418672900502912
90.5590559055905544 -64.0313999341806124
90.5790579057905916 -67.8692082324926531
90.5990599059906003 -86.2719777808655266
90.6190619061906375 -86.2719835410028821
90.6390639063906463 -48.3814042474743076
90.6590659065906550 -71.8347638678743579
90.6790679067906922 -83.8758750284743542
90.6990699069907009 -67.7772979676295790
90.7190719071907381 -64.3270306952768038
90.7390739073907469 -46.1731722899565824
90.7590759075907556 -52.0922036127830239
90.7790779077907928 -28.3192700950638283
90.7990799079908015 -7.9430186706316164
90.8190819081908387 -61.6919265128007126
90.8390839083908475 -62.5484031433390584
90.8590859085908562 -61.9134683644135677
90.8790879087908934 -74.1616211450946423
90.8990899089909021 -67.8018619070813031
90.9190919091909393 -83.2162041118348554
90.9390939093909481 -66.9836268907979218
90.9590959095909568 -44.5594640792744912
90.9790979097909940 -76.7959651893918362
90.9990999099910027 -66.1362203959317867
91.0191019101910399 -81.6068807207475402
91.0391039103910487 -39.6319717611812479
91.0591059105910574 -57.5781521263424452
91.0791079107910946 -30.3689666843704877
91.0991099109911033 -52.9792855152630722
91.1191119111911405 -62.7197618953846927
91.1391139113911493 -42.0928984237080357
91.1591159115911580 -73.2044176369744690
91.1791179117911952 -42.4032510595250614
91.1991199119912039 -36.0728998612278247
91.2191219121912411 -53.4054764533089781
91.2391239123912499 -45.8519459193524739
91.2591259125912586 -66.3286588091087594
91.2791279127912958 -75.9916319195219359
91.2991299129913045 -54.1393293770383508
91.3191319131913417 -68.7646162858977164
91.3391339133913505 -73.3410413882291863
91.3591359135913592 -54.9715228299707164
91.3791379137913964 -40.5034643064289810
91.3991399139914051 -50.3714067273697026
91.4191419141914423 -43.5284543584015680
91.4391439143914511 -50.6434049526540093
91.4591459145914598 -38.3234299253182726
91.4791479147914970 -63.1818167233137729
91.4991499149915057 -68.2063261489587092
91.5191519151915145 -75.6121047843777774
91.5391539153915517 -74.3258955683748752
91.5591559155915604 -24.7348675141320271
91.5791579157915976 -79.5073978045626006
91.5991599159916063 -35.7532139470699093
91.6191619161916151 -63.7836852854921830
91.6391639163916523 -73.7402929308671276
91.6591659165916610 -74.5401475004088923
91.6791679167916982 -39.8080432822723367
91.6991699169917069 -50.5242421008044857
91.7191719171917157 -94.0421936792889426
91.7391739173917529 -82.1902648092073917
91.7591759175917616 -44.4296488719268581
91.7791779177917988 -83.2438030288066528
91.7991799179918075 -79.1318999505891441
91.8191819181918163 -70.8215905092492761
91.8391839183918535 -76.8940937425724940
91.8591859185918622 -69.0106480297916676
91.8791879187918994 -61.1248543082953475
91.8991899189919081 -32.2193141977283801
91.9191919191919169 -50.5011847820687336
91.9391939193919541 -104.9045083725096106
91.9591959195919628 -62.6677085287504383
91.9791979197920000 -73.8586013949192903
91.9991999199920087 -70.1024677842151362
92.0192019201920175 -60.0932201933607217
92.0392039203920547 4.3033828915755450
92.0592059205920634 -41.3301891675217945
92.0792079207921006 -68.5755607263110960
92.0992099209921093 -64.9402202757167970
92.1192119211921181 -62.1684514220015814
92.1392139213921553 -35.7662169193215291
92.1592159215921640 -45.4663085820685282
92.1792179217922012 -40.8764773836969866
92.1992199219922099 -61.4842728496318500
92.2192219221922187 -70.1282351552137868
92.2392239223922559 -38.7088637781160045
92.2592259225922646 -52.2213870339771873
92.2792279227923018 -63.6000306038430381
92.2992299229923105 -31.0046013013787629
92.3192319231923193 -69.3093639811274471
92.3392339233923565 -68.7039830353525076
92.3592359235923652 -68.7924040409350539
92.3792379237924024 -43.2817825125633462
92.3992399239924111 -31.2888068621285704
92.4192419241924199 -59.4520798572016531
92.4392439243924571 -75.0488627124372130
92.4592459245924658 -5.5441865572024867
92.4792479247924746 -76.8717162404768715
92.4992499249925118 -53.5435096815898319
92.5192519251925205 -87.1332827310304481
92.5392539253925577 -48.9099139614441754
92.5592559255925664 -80.5317938745991455
92.5792579257925752 -30.6392228124664356
92.5992599259926124 -57.3270481651993862
92.6192619261926211 -57.2381174134021649
92.6392639263926583 -54.7970602595559413
92.6592659265926670 -28.2914588824813258
92.6792679267926758 -39.8231241983895572
92.6992699269927130 -40.0084835844807145
92.7192719271927217 -70.9486695316203821
92.7392739273927589 -38.9627232203509450
92.7592759275927676 -37.5862260145642395
92.7792779277927764 -18.4338413777163943
92.7992799279928136 -37.7856306212843691
92.8192819281928223 -20.8656167677671860
92.8392839283928595 -69.2232496977213145
92.8592859285928682 -50.1747052606558412
92.8792879287928770 -81.0852983694333318
92.8992899289929142 3.7247498069820182
92.9192919291929229 -69.9262013932816586
92.9392939293929601 -47.8182174058974354
92.9592959295929688 -36.0625394296637580
92.9792979297929776 -62.5061003307615977
92.9992999299930148 -61.2416583127786325
93.0193019301930235 -24.3437196528638502
93.0393039303930607 -46.2957620818150417
93.0593059305930694 -16.5832807386059962
93.0793079307930782 -42.8229728385132873
93.0993099309931154 -51.7698832567624621
93.1193119311931241 -30.6930497001416214
93.1393139313931613 -17.8453678531887974
93.1593159315931700 -46.5154193157453193
93.1793179317931788 -32.3830615419172005
93.1993199319932160 -57.5121855746210429
93.2193219321932247 -54.1574626103938144
93.2393239323932619 -25.8546858771392642
93.2593259325932706 -50.1218422296195882
93.2793279327932794 -40.0208994750234126
93.2993299329933166 -52.7632655526642225
93.3193319331933253 -40.1427577762270502
93.3393339333933625 -37.6930852910965584
93.3593359335933712 -7.2454952138113526
93.3793379337933800 -51.9226795194029336
93.3993399339934172 -36.1546782391552100
93.4193419341934259 -19.7179288383134939
93.4393439343934347 -13.8985787976820063
93.4593459345934718 -48.3704914561492387
93.4793479347934806 -61.2090174077231595
93.4993499349935178 -15.5994294828714040
93.5193519351935265 -61.1710502216091072
93.5393539353935353 -38.7512656075414270
93.5593559355935724 -26.2545244570826597
93.5793579357935812 -8.8762306512080791
93.5993599359936184 -62.2983730296111560
93.6193619361936271 -5.1810068471466977
93.6393639363936359 -32.5237236231209081
93.6593659365936730 -55.6605560689156107
93.6793679367936818 -51.9531538932010619
93.6993699369937190 -53.5548076155367596
93.7193719371937277 -5.0153057856490442
93.7393739373937365 -40.8254725066723410
93.7593759375937736 -36.4070521703840271
93.7793779377937824 2.1714174811321172
93.7993799379938196 -39.9448490668624032
93.8193819381938283 -25.0667841990303089
93.8393839383938371 -57.7338796586440210
93.8593859385938742 -11.2105371896225279
93.8793879387938830 -25.7152980057233798
93.8993899389939202 -6.5360961063092269
93.9193919391939289 -23.9057017301082269
93.9393939393939377 -62.9800405318595438
93.9593959395939748 -28.5744750089109090
93.9793979397939836 -53.8067724655909529
93.9993999399940208 -31.8423655425054903
94.0194019401940295 0.0689659456275464
94.0394039403940383 -18.6413973839954323
94.0594059405940754 -46.7449312696090971
94.0794079407940842 -34.1153090877433058
94.0994099409941214 -12.9628776203662568
94.1194119411941301 4.5768255167239360
94.1394139413941389 17.2583663997968948
94.1594159415941760 -43.9621259992967737
94.1794179417941848 -23.7841019015564612
94.1994199419942220 -45.3242263723950742
94.2194219421942307 12.8129187781631373
94.2394239423942395 -8.0336198039640969
94.2594259425942766 -50.7344297120744301
94.2794279427942854 -61.1988553910988173
94.2994299429943226 -8.5613300103688026
94.3194319431943313 -19.7805002008454380
94.3394339433943401 -18.3023298729178450
94.3594359435943772 -59.2485450258747903
94.3794379437943860 -5.9585868982631105
94.3994399439943948 -58.5106574537020521
94.4194419441944319 -48.3032732154166240
94.4394439443944407 -11.7107073613584571
94.4594459445944779 -39.9002522212521029
94.4794479447944866 -59.1771265170882543
94.4994499449944954 0.4447772617672072
94.5194519451945325 -22.2318610449195972
94.5394539453945413 -53.5665147456731319
94.5594559455945785 -17.5035905800864953
94.5794579457945872 -38.1023480542354136
94.5994599459945960 12.6784784492662013
94.6194619461946331 -35.9093809501486447
94.6394639463946419 -38.9428606899828225
94.6594659465946791 -62.2659740989676891
94.6794679467946878 -44.8793708034634591
94.6994699469946966 -45.7126855520728412
94.7194719471947337 -5.5992338842341489
94.7394739473947425 -21.9364841422482932
94.7594759475947797 -29.0977339669693684
94.7794779477947884 -6.6299338642218864
94.7994799479947972 -28.9372086922636811
94.8194819481948343 0.9388489532866018
94.8394839483948431 -11.9245920204017271
94.8594859485948803 -41.6679955973466463
94.8794879487948890 -28.6948325765300076
94.8994899489948978 1.2058339011015313
94.9194919491949349 -32.2998204604730077
94.9394939493949437 -39.0552389586091664
94.9594959495949809 -2.0541266117036159
94.9794979497949896 -26.7017810994204616
94.9994999499949984 -53.5785899389364744
95.0195019501950355 -30.3812290835033849
95.0395039503950443 -35.6455225864370107
95.0595059505950815 -31.1776574059246698
95.0795079507950902 -18.8413670772374147
95.0995099509950990 -56.4698807117217143
95.1195119511951361 -46.7572781885149666
95.1395139513951449 18.8453987451998799
95.1595159515951821 -46.7350671651908769
95.1795179517951908 -1.7556921287579428
95.1995199519951996 -17.2048647810483679
95.2195219521952367 -50.9700435793913087
95.2395239523952455 -18.6134843626560027
95.2595259525952827 -39.7976460859862016
95.2795279527952914 -5.8509202497037762
95.2995299529953002 -34.9487509679735879
95.3195319531953373 -0.4218998375199199
95.3395339533953461 -4.1400274782848552
95.3595359535953833 -48.1778568444507158
95.3795379537953920 -7.4840828128745152
95.3995399539954008 -11.3977427732113643
95.4195419541954379 -47.1111121212917610
95.4395439543954467 -45.0793435431892746
95.4595459545954554 -2.8128640772701416
95.4795479547954926 3.5583117337351204
95.4995499549955014 -17.7594456790580573
95.5195519551955385 -81.6949578271565429
95.5395539553955473 -13.2672589649168913
95.5595559555955560 -44.1356977473068710
95.5795579557955932 8.1075522558136299
95.5995599559956020 -19.7622384912378024
95.6195619561956391 20.2461748258653884
95.6395639563956479 4.6563100347473085
95.6595659565956566 15.6144051806649653
95.6795679567956938 2.9547122624949473
95.6995699569957026 -3.3092533920073741
95.7195719571957397 6.8435905837745530
95.7395739573957485 25.4726773781715821
95.7595759575957572 -7.4979922356860689
95.7795779577957944 -35.5701017092038398
95.7995799579958032 21.6118369690159327
95.8195819581958403 -28.6257454540985812
95.8395839583958491 -3.9672790874521411
95.8595859585958578 -18.1591065576600244
95.8795879587958950 -12.2769399478175636
95.8995899589959038 -54.1370669528509865
95.9195919591959409 -17.2511254428184984
95.9395939593959497 14.4578802382884373
95.9595959595959584 -25.9120694184305016
95.9795979597959956 -8.4987173014234152
95.9995999599960044 3.0811534553655715
96.0196019601960415 17.7652596220888057
96.0396039603960503 -1.0312116949330914
96.0596059605960590 -21.3839207557813680
96.0796079607960962 41.6276703309869731
96.0996099609961050 -5.5847052102634231
96.1196119611961421 -3.6940030299165150
96.1396139613961509 -11.2189934178417658
96.1596159615961597 -16.2772936102285293
96.1796179617961968 10.2729642537326935
96.1996199619962056 -7.0911120155012277
96.2196219621962427 33.8712012797198909
96.2396239623962515 30.5100985870661034
96.2596259625962603 -12.4837215616957700
96.2796279627962974 -26.9881917759815018
96.2996299629963062 18.3288522676343177
96.3196319631963433 -26.0593416795351658
96.3396339633963521 -6.3413551293995551
96.3596359635963609 -3.0674457649839892
96.3796379637963980 -53.8568919512372588
96.3996399639964068 -11.1689334693967179
96.4196419641964155 -3.3821970564714476
96.4396439643964527 4.7609782004692907
96.4596459645964615 -30.7994722530470497
96.4796479647964986 -18.7010140020510107
96.4996499649965074 -53.9040139821470490
96.5196519651965161 -17.0700337228383674
96.5396539653965533 38.8696401653289030
96.5596559655965621 18.9392589122592092
96.5796579657965992 -14.1201596878587896
96.5996599659966080 0.7150922731856104
96.6196619661966167 -62.6854870369126616
96.6396639663966539 -2.1017720461832470
96.6596659665966627 -9.8414934981504132
96.6796679667966998 17.8116847807918361
96.6996699669967086 8.1562074159082982
96.7196719671967173 15.7589466761262997
96.7396739673967545 18.1736889456389044
96.7596759675967633 -10.1144645833212330
96.7796779677968004 -36.9679666869176842
96.7996799679968092 12.5495548429823813
96.8196819681968179 -34.1752693546774253
96.8396839683968551 12.7416117285634449
96.8596859685968639 12.8819688232008378
96.8796879687969010 -16.7754294480308630
96.8996899689969098 -40.8643987595170657
96.9196919691969185 12.6816148771504213
96.9396939693969557 0.8804596664186128
96.9596959695969645 8.2162216402521260
96.9796979697970016 7.3921040092362018
96.9996999699970104 -10.9391163849634765
97.0197019701970191 -10.2707526244039986
97.0397039703970563 8.1904315782365344
97.0597059705970651 -28.7124471426782470
97.0797079707971022 14.8320286694607617
97.0997099709971110 4.4768900105387726
97.1197119711971197 -25.3354376776266044
97.1397139713971569 -26.4016530849715423
97.1597159715971657 -5.7988469614585521
97.1797179717972028 -0.1145428385857241
97.1997199719972116 33.9248403745954832
97.2197219721972203 23.1430966267883882
97.2397239723972575 23.4563358487600446
97.2597259725972663 8.4201210325385194
97.2797279727973034 -15.7584870955500627
97.2997299729973122 -20.6231346985175534
97.3197319731973209 -7.4905167454895940
97.3397339733973581 16.7328237314461923
97.3597359735973669 -3.4318619303097808
97.3797379737973756 -28.5688268880656082
97.3997399739974128 33.1743548926238603
97.4197419741974215 19.0512895587032602
97.4397439743974587 20.7043823710899346
97.4597459745974675 22.1372100058221370
97.4797479747974762 -16.7961804687186529
97.4997499749975134 7.0765949206817647
97.5197519751975221 13.3522441076216509
97.5397539753975593 -6.0885702935759136
97.5597559755975681 44.8396379837503005
97.5797579757975768 -19.7850209533529480
97.5997599759976140 -8.3831357408406433
97.6197619761976227 1.7694478889281666
97.6397639763976599 -4.6327866145243268
97.6597659765976687 -43.4687042634702721
97.6797679767976774 18.8931101567364799
97.6997699769977146 -56.0321484594786625
97.7197719771977233 21.6431204181841821
97.7397739773977605 -11.2884937486909589
97.7597759775977693 -22.5869152840508747
97.7797779777977780 26.3708681135592080
97.7997799779978152 9.9932017237966981
97.8197819781978239 -10.9273232093090975
97.8397839783978611 18.6364033234026074
97.8597859785978699 -18.5411777261973008
97.8797879787978786 9.2619738312314812
97.8997899789979158 -7.2163876196354604
97.9197919791979245 30.8326393984004739
97.9397939793979617 -1.5977077188592337
97.9597959795979705 -15.8754319763667464
97.9797979797979792 -27.4604927767400824
97.9997999799980164 15.4992631727699575
98.0198019801980251 17.5595960388564514
98.0398039803980623 -14.4598008811617103
98.0598059805980711 -14.1254185737948958
98.0798079807980798 -42.4611919174798942
98.0998099809981170 8.2726808770768070
98.1198119811981257 -19.6806205336876765
98.1398139813981629 -24.9572444324747487
98.1598159815981717 -18.2131333240227029
98.1798179817981804 41.4009011999360368
98.1998199819982176 8.3396180700726763
98.2198219821982264 5.1703408002207256
98.2398239823982635 -19.0309007170452666
98.2598259825982723 14.8737237723219966
98.2798279827982810 -11.7859875908682135
98.2998299829983182 -15.0501481270975326
98.3198319831983270 30.6016259483771229
98.3398339833983357 -31.7659637752703325
98.3598359835983729 -1.4891938898640795
98.3798379837983816 1.9415206511534566
98.3998399839984188 34.9613318820801453
98.4198419841984276 10.3814644482043370
98.4398439843984363 7.3734478678160533
98.4598459845984735 36.8437374228544172
98.4798479847984822 -40.3646526422608218
98.4998499849985194 20.3364744274774552
98.5198519851985282 -7.2537416957874186
98.5398539853985369 -8.8939346948808780
98.5598559855985741 7.1120893697459895
98.5798579857985828 0.9601373742204551
98.5998599859986200 30.1964074835692315
98.6198619861986288 -49.1443481399220872
98.6398639863986375 -24.7193314702106548
98.6598659865986747 -28.7767669694079089
98.6798679867986834 30.1175742119042269
98.6998699869987206 4.7862556410316746
98.7198719871987294 13.6912901407860623
98.7398739873987381 -26.3007207103195491
98.7598759875987753 -27.7159339514757335
98.7798779877987840 -7.8744557832468578
98.7998799879988212 10.4015481561702323
98.8198819881988300 -7.1432881490386189
98.8398839883988387 1.3224689210434644
98.8598859885988759 15.1833331141099492
98.8798879887988846 -0.8342168442363977
98.8998899889989218 7.9357753205230424
98.9198919891989306 5.8043252892160613
98.9398939893989393 11.5752313101279967
98.9598959895989765 20.6643014314267823
98.9798979897989852 -5.7381051599066195
98.9998999899990224 -8.5938784290180479
99.0199019901990312 -6.7455459819618424
99.0399039903990399 27.2643398465022315
99.0599059905990771 36.5020658569646699
99.0799079907990858 -9.5901754986229264
99.0999099909991230 -41.2635698546549534
99.1199119911991318 11.8308905594852138
99.1399139913991405 -8.8856335530065529
99.1599159915991777 33.8022362435332511
99.1799179917991864 -5.0430485351850018
99.1999199919992236 3.1077800930075457
99.2199219921992324 26.1104957398674600
99.2399239923992411 5.5958570853864806
99.2599259925992783 51.4651140128315134
99.2799279927992870 24.1974560512510379
99.2999299929992958 -1.9218657646675297
99.3199319931993330 13.5097659806607844
99.3399339933993417 -9.0462568294261203
99.3599359935993789 17.7030536546828543
99.3799379937993876 19.8587767330116876
99.3999399939993964 31.4311318235847175
99.4199419941994336 -7.0438645785690523
99.4399439943994423 -11.2321477150727862
99.4599459945994795 -5.2776175732118276
99.4799479947994882 10.2773645254348498
99.4999499949994970 -13.7023934558495828
99.5199519951995342 -11.0983797610518184
99.5399539953995429 5.2994177802163716
99.5599559955995801 17.2963958108757581
99.5799579957995888 10.5583923293539392
99.5999599959995976 -11.7587867420049133
99.6199619961996348 2.1844824796565279
99.6399639963996435 -14.3628267356079142
99.6599659965996807 -17.4162066971504608
99.6799679967996894 2.9128670843771496
99.6999699969996982 10.5083491744272646
99.7199719971997354 -14.4725161885298910
99.7399739973997441 12.7911336573639964
99.7599759975997813 -8.8209408332853769
99.7799779977997900 18.0390832796396801
99.7999799979997988 16.1387375826611681
99.8199819981998360 35.8484669129356490
99.8399839983998447 3.7286386252617212
99.8599859985998819 12.1871429657578485
99.8799879987998906 7.7438648992551098
99.8999899989998994 -10.6722727511247211
99.9199919991999366 -7.9144514248696094
99.9399939993999453 1.8807508143040181
99.9599959995999825 -5.1281785400686282
99.9799979997999912 -37.0777344444681844
100.0000000000000000 18.3925107373910031
